urbrur,idep,v01_tipoviv,v03_pared,v04_revoq,v05_techo,v06_piso,v07_aguapro,v08_aguadist,v09_energia,v10_combus,v11_basura,v12_cocina,v13_habitac,v14_dormit,v15_servsan,v16_desague,v17_tenencia,tot_pers,tip_hog,v20a_emi,v20b_totemi,v21a_fal,v21b_totfal,hacinamiento,hacin_critico,sin_servicios,pers_por_habitac,internet,ieh,nivel_equip
1.0,8.0,4.0,1.0,1.0,2.0,4.0,1.0,1.0,1.0,1.0,2.0,2.0,1.0,1.0,2.0,1.0,4.0,2.0,5.0,2.0,0.0,2.0,0.0,2.0,0,0,2.0,1,3,Bajo
2.0,4.0,1.0,2.0,1.0,1.0,1.0,4.0,2.0,1.0,3.0,6.0,2.0,1.0,0.0,3.0,0.0,1.0,1.0,1.0,2.0,0.0,2.0,0.0,1.0,0,1,1.0,1,2,Bajo
1.0,3.0,1.0,2.0,1.0,1.0,5.0,1.0,1.0,1.0,1.0,2.0,1.0,3.0,1.0,1.0,2.0,1.0,1.0,1.0,2.0,0.0,2.0,0.0,1.0,0,0,0.33333334,0,4,Medio
1.0,7.0,4.0,1.0,1.0,5.0,4.0,1.0,1.0,1.0,1.0,2.0,2.0,1.0,1.0,2.0,3.0,8.0,1.0,1.0,2.0,0.0,2.0,0.0,1.0,0,0,1.0,1,2,Bajo
2.0,7.0,1.0,3.0,1.0,1.0,1.0,1.0,1.0,3.0,3.0,5.0,2.0,1.0,1.0,1.0,4.0,1.0,8.0,5.0,2.0,0.0,2.0,0.0,8.0,1,0,8.0,1,1,Bajo
1.0,2.0,1.0,1.0,1.0,1.0,4.0,1.0,1.0,1.0,1.0,2.0,1.0,6.0,1.0,1.0,1.0,1.0,2.0,2.0,2.0,0.0,2.0,0.0,2.0,0,0,0.33333334,1,11,Alto
1.0,1.0,1.0,2.0,1.0,1.0,4.0,1.0,1.0,1.0,1.0,2.0,1.0,2.0,1.0,1.0,1.0,1.0,2.0,3.0,2.0,0.0,2.0,0.0,2.0,0,0,1.0,1,8,Alto
1.0,7.0,1.0,1.0,1.0,2.0,5.0,1.0,2.0,1.0,1.0,2.0,1.0,2.0,2.0,1.0,2.0,2.0,1.0,1.0,2.0,0.0,2.0,0.0,0.5,0,0,0.5,0,2,Bajo
1.0,2.0,1.0,1.0,1.0,1.0,5.0,1.0,1.0,1.0,2.0,2.0,1.0,2.0,1.0,1.0,1.0,1.0,6.0,5.0,2.0,0.0,2.0,0.0,6.0,1,0,3.0,1,8,Alto
1.0,2.0,1.0,2.0,1.0,1.0,3.0,1.0,1.0,1.0,1.0,1.0,1.0,3.0,3.0,1.0,1.0,2.0,2.0,5.0,2.0,0.0,2.0,0.0,0.6666667,0,0,0.6666667,1,5,Medio
1.0,3.0,1.0,1.0,2.0,1.0,5.0,4.0,1.0,1.0,2.0,2.0,1.0,2.0,1.0,1.0,3.0,1.0,3.0,4.0,1.0,3.0,2.0,0.0,3.0,0,0,1.5,1,5,Medio
1.0,2.0,1.0,1.0,1.0,1.0,5.0,1.0,1.0,1.0,1.0,1.0,1.0,2.0,1.0,1.0,1.0,8.0,4.0,3.0,2.0,0.0,1.0,1.0,4.0,1,0,2.0,1,5,Medio
1.0,6.0,1.0,1.0,1.0,1.0,1.0,1.0,1.0,1.0,2.0,2.0,1.0,2.0,2.0,1.0,3.0,1.0,6.0,4.0,2.0,0.0,2.0,0.0,3.0,0,0,3.0,1,3,Bajo
1.0,6.0,1.0,1.0,1.0,3.0,4.0,1.0,1.0,1.0,1.0,2.0,1.0,2.0,1.0,2.0,1.0,1.0,1.0,1.0,1.0,1.0,1.0,1.0,1.0,0,0,0.5,1,4,Medio
2.0,3.0,1.0,2.0,1.0,1.0,1.0,6.0,2.0,5.0,3.0,5.0,1.0,1.0,1.0,3.0,0.0,1.0,1.0,1.0,2.0,0.0,2.0,0.0,1.0,0,1,1.0,1,2,Bajo
2.0,4.0,1.0,2.0,2.0,1.0,1.0,5.0,3.0,5.0,3.0,5.0,2.0,1.0,1.0,3.0,0.0,1.0,1.0,1.0,2.0,0.0,2.0,0.0,1.0,0,1,1.0,0,3,Bajo
2.0,2.0,1.0,2.0,1.0,1.0,5.0,1.0,2.0,1.0,3.0,5.0,1.0,4.0,4.0,1.0,3.0,1.0,5.0,5.0,2.0,0.0,2.0,0.0,1.25,0,0,1.25,1,5,Medio
1.0,5.0,1.0,1.0,1.0,1.0,4.0,1.0,1.0,1.0,1.0,1.0,1.0,4.0,2.0,1.0,1.0,4.0,2.0,2.0,2.0,0.0,2.0,0.0,1.0,0,0,0.5,1,7,Alto
1.0,3.0,1.0,1.0,1.0,1.0,4.0,8.0,1.0,1.0,1.0,2.0,2.0,2.0,2.0,2.0,3.0,1.0,1.0,1.0,2.0,0.0,2.0,0.0,0.5,0,1,0.5,0,1,Bajo
2.0,7.0,1.0,1.0,1.0,2.0,4.0,1.0,1.0,1.0,1.0,2.0,1.0,1.0,1.0,1.0,1.0,1.0,1.0,1.0,2.0,0.0,2.0,0.0,1.0,0,0,1.0,1,4,Medio
1.0,2.0,1.0,1.0,1.0,1.0,5.0,1.0,1.0,1.0,2.0,2.0,1.0,1.0,1.0,1.0,1.0,1.0,1.0,1.0,2.0,0.0,1.0,1.0,1.0,0,0,1.0,1,4,Medio
1.0,7.0,1.0,2.0,1.0,1.0,5.0,1.0,1.0,1.0,2.0,2.0,1.0,4.0,2.0,1.0,1.0,1.0,2.0,5.0,2.0,0.0,2.0,0.0,1.0,0,0,0.5,0,1,Bajo
1.0,2.0,1.0,1.0,1.0,1.0,5.0,1.0,1.0,1.0,2.0,2.0,1.0,3.0,2.0,1.0,1.0,1.0,1.0,1.0,2.0,0.0,2.0,0.0,0.5,0,0,0.33333334,1,7,Alto
1.0,3.0,1.0,1.0,1.0,3.0,5.0,1.0,2.0,1.0,1.0,5.0,1.0,2.0,2.0,1.0,3.0,1.0,2.0,2.0,2.0,0.0,2.0,0.0,1.0,0,0,1.0,1,3,Bajo
1.0,7.0,1.0,1.0,1.0,1.0,5.0,1.0,1.0,1.0,1.0,2.0,2.0,1.0,1.0,1.0,3.0,4.0,1.0,1.0,2.0,0.0,2.0,0.0,1.0,0,0,1.0,1,7,Alto
2.0,8.0,1.0,5.0,2.0,4.0,1.0,7.0,3.0,3.0,3.0,5.0,1.0,1.0,1.0,1.0,6.0,1.0,3.0,4.0,2.0,0.0,2.0,0.0,3.0,0,1,3.0,1,2,Bajo
2.0,2.0,1.0,1.0,1.0,1.0,3.0,5.0,3.0,1.0,1.0,5.0,1.0,4.0,4.0,1.0,3.0,1.0,5.0,4.0,2.0,0.0,2.0,0.0,1.25,0,1,1.25,1,6,Medio
1.0,7.0,1.0,1.0,1.0,2.0,5.0,1.0,1.0,1.0,1.0,1.0,1.0,2.0,2.0,1.0,3.0,1.0,3.0,4.0,2.0,0.0,2.0,0.0,1.5,0,0,1.5,1,8,Alto
2.0,4.0,1.0,2.0,1.0,4.0,1.0,5.0,3.0,1.0,1.0,5.0,2.0,1.0,1.0,3.0,0.0,1.0,3.0,4.0,2.0,0.0,2.0,0.0,3.0,0,1,3.0,1,3,Bajo
1.0,2.0,1.0,1.0,1.0,1.0,5.0,3.0,3.0,1.0,1.0,1.0,1.0,2.0,1.0,1.0,3.0,2.0,3.0,4.0,2.0,0.0,2.0,0.0,3.0,0,0,1.5,1,5,Medio
1.0,6.0,1.0,1.0,1.0,1.0,5.0,1.0,1.0,1.0,2.0,2.0,1.0,5.0,4.0,1.0,1.0,1.0,1.0,1.0,2.0,0.0,2.0,0.0,0.25,0,0,0.2,0,0,Bajo
2.0,3.0,1.0,2.0,1.0,1.0,1.0,5.0,3.0,4.0,3.0,6.0,2.0,1.0,1.0,3.0,0.0,1.0,1.0,1.0,2.0,0.0,2.0,0.0,1.0,0,1,1.0,0,1,Bajo
1.0,1.0,4.0,1.0,2.0,3.0,5.0,1.0,2.0,1.0,2.0,2.0,2.0,1.0,1.0,2.0,1.0,3.0,1.0,1.0,2.0,0.0,2.0,0.0,1.0,0,0,1.0,1,1,Bajo
1.0,1.0,3.0,1.0,1.0,3.0,6.0,1.0,1.0,1.0,1.0,2.0,1.0,4.0,2.0,1.0,1.0,5.0,2.0,3.0,2.0,0.0,2.0,0.0,1.0,0,0,0.5,1,8,Alto
1.0,6.0,1.0,1.0,2.0,3.0,5.0,2.0,3.0,1.0,1.0,5.0,1.0,2.0,2.0,1.0,1.0,1.0,1.0,1.0,2.0,0.0,2.0,0.0,0.5,0,0,0.5,0,2,Bajo
1.0,2.0,1.0,1.0,2.0,1.0,5.0,1.0,1.0,1.0,1.0,2.0,1.0,3.0,2.0,1.0,3.0,1.0,5.0,4.0,2.0,0.0,2.0,0.0,2.5,0,0,1.6666666,0,4,Medio
1.0,7.0,1.0,1.0,2.0,2.0,7.0,1.0,1.0,1.0,1.0,2.0,1.0,1.0,1.0,1.0,2.0,4.0,3.0,3.0,1.0,1.0,2.0,0.0,3.0,0,0,3.0,1,5,Medio
2.0,3.0,1.0,2.0,2.0,1.0,1.0,7.0,3.0,5.0,3.0,5.0,2.0,1.0,1.0,3.0,0.0,1.0,1.0,1.0,2.0,0.0,2.0,0.0,1.0,0,1,1.0,0,0,Bajo
1.0,7.0,1.0,1.0,1.0,2.0,4.0,1.0,1.0,1.0,2.0,2.0,1.0,4.0,4.0,1.0,1.0,4.0,5.0,6.0,2.0,0.0,2.0,0.0,1.25,0,0,1.25,1,2,Bajo
1.0,6.0,4.0,1.0,1.0,1.0,5.0,1.0,1.0,1.0,1.0,2.0,1.0,2.0,2.0,2.0,3.0,1.0,2.0,5.0,2.0,0.0,2.0,0.0,1.0,0,0,1.0,1,5,Medio
1.0,1.0,1.0,1.0,1.0,1.0,4.0,1.0,1.0,1.0,1.0,5.0,1.0,4.0,1.0,1.0,1.0,2.0,4.0,3.0,1.0,1.0,1.0,1.0,4.0,1,0,1.0,1,3,Bajo
1.0,2.0,1.0,1.0,1.0,3.0,1.0,1.0,1.0,1.0,1.0,1.0,1.0,1.0,0.0,1.0,1.0,1.0,1.0,1.0,2.0,0.0,2.0,0.0,1.0,0,0,1.0,0,0,Bajo
1.0,7.0,1.0,1.0,1.0,2.0,4.0,1.0,2.0,1.0,1.0,2.0,2.0,1.0,0.0,1.0,3.0,1.0,5.0,5.0,2.0,0.0,2.0,0.0,5.0,1,0,5.0,1,3,Bajo
1.0,2.0,1.0,1.0,1.0,1.0,5.0,1.0,1.0,1.0,1.0,2.0,1.0,3.0,2.0,1.0,3.0,1.0,5.0,4.0,2.0,0.0,2.0,0.0,2.5,0,0,1.6666666,1,6,Medio
1.0,7.0,1.0,1.0,1.0,2.0,4.0,1.0,1.0,1.0,1.0,2.0,1.0,4.0,3.0,1.0,1.0,1.0,4.0,5.0,2.0,0.0,1.0,1.0,1.3333334,0,0,1.0,1,12,Alto
1.0,3.0,1.0,1.0,1.0,2.0,5.0,2.0,3.0,1.0,2.0,2.0,1.0,2.0,2.0,2.0,3.0,2.0,2.0,3.0,1.0,1.0,2.0,0.0,1.0,0,0,1.0,1,6,Medio
2.0,4.0,1.0,2.0,1.0,1.0,5.0,2.0,3.0,1.0,1.0,5.0,1.0,3.0,1.0,1.0,2.0,1.0,3.0,3.0,2.0,0.0,2.0,0.0,3.0,0,0,1.0,0,6,Medio
2.0,3.0,1.0,5.0,2.0,1.0,1.0,7.0,3.0,5.0,3.0,5.0,1.0,1.0,1.0,1.0,3.0,1.0,1.0,1.0,2.0,0.0,2.0,0.0,1.0,0,1,1.0,1,2,Bajo
1.0,6.0,1.0,2.0,1.0,2.0,5.0,1.0,1.0,1.0,2.0,2.0,1.0,6.0,4.0,1.0,1.0,1.0,1.0,1.0,1.0,1.0,2.0,0.0,0.25,0,0,0.16666667,1,8,Alto
2.0,5.0,1.0,2.0,2.0,1.0,1.0,5.0,3.0,1.0,3.0,5.0,1.0,1.0,1.0,3.0,0.0,1.0,1.0,1.0,2.0,0.0,2.0,0.0,1.0,0,1,1.0,0,0,Bajo
2.0,6.0,1.0,2.0,1.0,2.0,5.0,1.0,1.0,1.0,1.0,3.0,1.0,5.0,1.0,1.0,3.0,1.0,1.0,1.0,2.0,0.0,2.0,0.0,1.0,0,0,0.2,0,5,Medio
1.0,5.0,4.0,2.0,1.0,1.0,2.0,1.0,1.0,1.0,1.0,1.0,2.0,1.0,1.0,2.0,1.0,4.0,1.0,1.0,2.0,0.0,2.0,0.0,1.0,0,0,1.0,1,3,Bajo
2.0,2.0,1.0,1.0,1.0,1.0,5.0,2.0,3.0,5.0,1.0,5.0,1.0,2.0,2.0,3.0,0.0,1.0,2.0,5.0,1.0,4.0,1.0,1.0,1.0,0,1,1.0,0,2,Bajo
1.0,7.0,1.0,1.0,1.0,2.0,4.0,1.0,1.0,1.0,2.0,2.0,1.0,4.0,4.0,2.0,3.0,1.0,6.0,5.0,2.0,0.0,1.0,1.0,1.5,0,0,1.5,1,9,Alto
1.0,2.0,1.0,1.0,1.0,1.0,3.0,1.0,1.0,1.0,2.0,1.0,1.0,3.0,2.0,1.0,1.0,1.0,6.0,5.0,2.0,0.0,2.0,0.0,3.0,0,0,2.0,1,4,Medio
2.0,2.0,1.0,2.0,2.0,1.0,1.0,2.0,3.0,1.0,1.0,6.0,2.0,2.0,2.0,1.0,3.0,1.0,2.0,5.0,2.0,0.0,1.0,1.0,1.0,0,0,1.0,0,3,Bajo
1.0,2.0,1.0,1.0,1.0,1.0,3.0,1.0,1.0,1.0,2.0,2.0,1.0,4.0,3.0,1.0,1.0,1.0,1.0,1.0,2.0,0.0,1.0,1.0,0.33333334,0,0,0.25,1,11,Alto
2.0,5.0,1.0,4.0,2.0,4.0,1.0,5.0,2.0,1.0,3.0,5.0,1.0,2.0,1.0,3.0,0.0,1.0,1.0,1.0,2.0,0.0,1.0,1.0,1.0,0,1,0.5,0,2,Bajo
1.0,2.0,1.0,1.0,1.0,1.0,2.0,1.0,1.0,1.0,2.0,2.0,1.0,3.0,2.0,1.0,1.0,1.0,3.0,5.0,2.0,0.0,1.0,1.0,1.5,0,0,1.0,1,7,Alto
1.0,4.0,1.0,2.0,1.0,1.0,5.0,1.0,2.0,1.0,1.0,2.0,1.0,3.0,2.0,1.0,1.0,1.0,2.0,3.0,2.0,0.0,2.0,0.0,1.0,0,0,0.6666667,1,6,Medio
1.0,7.0,1.0,1.0,1.0,2.0,4.0,1.0,1.0,1.0,2.0,2.0,1.0,2.0,2.0,1.0,1.0,4.0,3.0,5.0,2.0,0.0,2.0,0.0,1.5,0,0,1.5,1,8,Alto
1.0,2.0,1.0,1.0,1.0,1.0,3.0,1.0,1.0,1.0,2.0,1.0,1.0,5.0,4.0,1.0,1.0,1.0,5.0,4.0,2.0,0.0,2.0,0.0,1.25,0,0,1.0,1,8,Alto
2.0,3.0,1.0,1.0,1.0,1.0,4.0,8.0,3.0,5.0,3.0,5.0,1.0,1.0,1.0,3.0,0.0,1.0,5.0,6.0,2.0,0.0,2.0,0.0,5.0,1,1,5.0,0,1,Bajo
1.0,8.0,1.0,1.0,2.0,1.0,1.0,5.0,3.0,1.0,1.0,1.0,1.0,4.0,2.0,1.0,3.0,2.0,5.0,5.0,2.0,0.0,2.0,0.0,2.5,0,1,1.25,1,6,Medio
2.0,3.0,1.0,2.0,1.0,1.0,5.0,2.0,3.0,1.0,1.0,2.0,1.0,1.0,1.0,1.0,3.0,1.0,1.0,1.0,2.0,0.0,2.0,0.0,1.0,0,0,1.0,1,3,Bajo
1.0,6.0,1.0,1.0,1.0,3.0,4.0,1.0,1.0,1.0,2.0,2.0,1.0,2.0,2.0,1.0,1.0,4.0,2.0,3.0,2.0,0.0,2.0,0.0,1.0,0,0,1.0,1,6,Medio
1.0,9.0,1.0,5.0,2.0,1.0,2.0,1.0,1.0,1.0,1.0,5.0,1.0,4.0,4.0,1.0,5.0,1.0,7.0,5.0,1.0,2.0,1.0,1.0,1.75,0,0,1.75,1,4,Medio
1.0,2.0,3.0,1.0,1.0,3.0,4.0,1.0,1.0,1.0,2.0,1.0,1.0,3.0,2.0,1.0,1.0,5.0,3.0,4.0,2.0,0.0,2.0,0.0,1.5,0,0,1.0,1,7,Alto
1.0,7.0,1.0,1.0,1.0,2.0,4.0,1.0,1.0,1.0,1.0,2.0,1.0,2.0,2.0,1.0,3.0,2.0,3.0,4.0,2.0,0.0,2.0,0.0,1.5,0,0,1.5,1,10,Alto
2.0,2.0,1.0,1.0,1.0,1.0,1.0,2.0,3.0,1.0,3.0,5.0,2.0,2.0,1.0,3.0,0.0,1.0,1.0,1.0,2.0,0.0,2.0,0.0,1.0,0,1,0.5,0,2,Bajo
1.0,2.0,3.0,1.0,1.0,1.0,5.0,1.0,1.0,1.0,2.0,2.0,1.0,3.0,3.0,1.0,1.0,2.0,4.0,4.0,2.0,0.0,2.0,0.0,1.3333334,0,0,1.3333334,1,10,Alto
1.0,5.0,1.0,1.0,2.0,1.0,5.0,1.0,1.0,1.0,1.0,2.0,1.0,5.0,3.0,3.0,0.0,1.0,2.0,3.0,2.0,0.0,2.0,0.0,0.6666667,0,1,0.4,0,0,Bajo
2.0,7.0,1.0,1.0,1.0,1.0,5.0,1.0,2.0,1.0,1.0,2.0,1.0,2.0,2.0,1.0,3.0,1.0,4.0,4.0,2.0,0.0,2.0,0.0,2.0,0,0,2.0,1,5,Medio
1.0,3.0,4.0,1.0,2.0,1.0,5.0,1.0,1.0,1.0,1.0,2.0,1.0,2.0,2.0,2.0,1.0,7.0,4.0,4.0,2.0,0.0,2.0,0.0,2.0,0,0,2.0,1,3,Bajo
2.0,8.0,1.0,5.0,2.0,1.0,1.0,4.0,3.0,4.0,3.0,5.0,1.0,3.0,3.0,1.0,4.0,8.0,2.0,2.0,2.0,0.0,2.0,0.0,0.6666667,0,0,0.6666667,1,2,Bajo
2.0,2.0,1.0,1.0,1.0,1.0,5.0,1.0,1.0,1.0,1.0,2.0,2.0,1.0,1.0,1.0,1.0,1.0,7.0,4.0,2.0,0.0,2.0,0.0,7.0,1,0,7.0,1,7,Alto
1.0,7.0,3.0,1.0,1.0,3.0,4.0,1.0,1.0,1.0,2.0,1.0,1.0,4.0,3.0,1.0,1.0,5.0,3.0,4.0,2.0,0.0,2.0,0.0,1.0,0,0,0.75,1,12,Alto
2.0,6.0,1.0,2.0,1.0,2.0,5.0,1.0,1.0,1.0,1.0,5.0,1.0,2.0,2.0,1.0,3.0,1.0,1.0,1.0,2.0,0.0,2.0,0.0,0.5,0,0,0.5,0,3,Bajo
2.0,5.0,1.0,2.0,2.0,5.0,1.0,3.0,3.0,5.0,3.0,5.0,2.0,2.0,2.0,3.0,0.0,1.0,1.0,1.0,2.0,0.0,2.0,0.0,0.5,0,1,0.5,0,1,Bajo
2.0,4.0,1.0,2.0,1.0,4.0,1.0,9.0,3.0,1.0,1.0,7.0,2.0,2.0,1.0,3.0,0.0,1.0,4.0,5.0,2.0,0.0,2.0,0.0,4.0,1,1,2.0,1,4,Medio
2.0,5.0,1.0,2.0,1.0,1.0,1.0,1.0,1.0,1.0,3.0,5.0,1.0,2.0,2.0,1.0,2.0,7.0,1.0,1.0,2.0,0.0,2.0,0.0,0.5,0,0,0.5,1,2,Bajo
2.0,2.0,4.0,2.0,1.0,1.0,1.0,1.0,1.0,1.0,1.0,5.0,1.0,1.0,1.0,3.0,0.0,1.0,1.0,1.0,1.0,1.0,1.0,1.0,1.0,0,1,1.0,1,3,Bajo
2.0,2.0,1.0,1.0,2.0,2.0,5.0,1.0,1.0,1.0,1.0,1.0,1.0,4.0,1.0,1.0,1.0,1.0,1.0,1.0,2.0,0.0,2.0,0.0,1.0,0,0,0.25,0,4,Medio
1.0,3.0,1.0,1.0,1.0,1.0,4.0,1.0,1.0,1.0,1.0,2.0,1.0,7.0,7.0,1.0,1.0,1.0,2.0,5.0,2.0,0.0,2.0,0.0,0.2857143,0,0,0.2857143,1,7,Alto
2.0,2.0,1.0,2.0,1.0,1.0,5.0,1.0,1.0,1.0,3.0,4.0,1.0,1.0,1.0,1.0,3.0,1.0,2.0,2.0,2.0,0.0,2.0,0.0,2.0,0,0,2.0,0,3,Bajo
1.0,2.0,1.0,1.0,1.0,1.0,4.0,1.0,1.0,1.0,2.0,2.0,1.0,3.0,2.0,1.0,1.0,1.0,3.0,4.0,2.0,0.0,2.0,0.0,1.5,0,0,1.0,1,7,Alto
1.0,4.0,3.0,1.0,1.0,1.0,4.0,1.0,1.0,1.0,2.0,1.0,1.0,4.0,3.0,1.0,1.0,2.0,4.0,4.0,2.0,0.0,2.0,0.0,1.3333334,0,0,1.0,1,9,Alto
2.0,4.0,1.0,2.0,1.0,4.0,1.0,7.0,3.0,4.0,3.0,3.0,1.0,2.0,1.0,3.0,0.0,1.0,7.0,4.0,2.0,0.0,2.0,0.0,7.0,1,1,3.5,0,4,Medio
1.0,2.0,3.0,1.0,1.0,3.0,3.0,1.0,1.0,1.0,2.0,1.0,1.0,2.0,2.0,1.0,1.0,4.0,4.0,4.0,2.0,0.0,2.0,0.0,2.0,0,0,2.0,1,3,Bajo
2.0,2.0,1.0,2.0,1.0,1.0,1.0,5.0,2.0,1.0,1.0,2.0,1.0,2.0,2.0,1.0,3.0,1.0,8.0,4.0,2.0,0.0,2.0,0.0,4.0,1,1,4.0,1,4,Medio
1.0,3.0,3.0,1.0,1.0,3.0,3.0,1.0,1.0,1.0,2.0,1.0,1.0,1.0,1.0,1.0,1.0,4.0,4.0,5.0,2.0,0.0,2.0,0.0,4.0,1,0,4.0,1,8,Alto
1.0,7.0,1.0,1.0,1.0,2.0,4.0,1.0,1.0,1.0,2.0,2.0,1.0,3.0,3.0,1.0,1.0,1.0,1.0,1.0,2.0,0.0,2.0,0.0,0.33333334,0,0,0.33333334,0,8,Alto
1.0,3.0,1.0,1.0,1.0,2.0,5.0,1.0,1.0,1.0,1.0,5.0,1.0,3.0,2.0,1.0,2.0,1.0,2.0,5.0,2.0,0.0,2.0,0.0,1.0,0,0,0.6666667,1,5,Medio
1.0,3.0,1.0,1.0,2.0,1.0,5.0,8.0,3.0,1.0,2.0,2.0,1.0,2.0,2.0,1.0,3.0,1.0,5.0,4.0,2.0,0.0,2.0,0.0,2.5,0,1,2.5,1,4,Medio
1.0,7.0,1.0,1.0,2.0,1.0,5.0,1.0,1.0,1.0,1.0,2.0,1.0,2.0,2.0,1.0,3.0,4.0,4.0,5.0,2.0,0.0,2.0,0.0,2.0,0,0,2.0,1,8,Alto
2.0,2.0,1.0,1.0,1.0,1.0,1.0,1.0,2.0,1.0,1.0,6.0,1.0,1.0,1.0,1.0,3.0,1.0,1.0,1.0,2.0,0.0,1.0,1.0,1.0,0,0,1.0,1,4,Medio
1.0,3.0,1.0,1.0,1.0,1.0,4.0,1.0,1.0,1.0,1.0,2.0,1.0,4.0,2.0,1.0,1.0,1.0,4.0,5.0,2.0,0.0,1.0,1.0,2.0,0,0,1.0,1,6,Medio
2.0,2.0,1.0,2.0,1.0,1.0,5.0,1.0,2.0,1.0,1.0,5.0,1.0,1.0,1.0,3.0,0.0,1.0,4.0,3.0,1.0,2.0,1.0,1.0,4.0,1,1,4.0,1,6,Medio
1.0,7.0,5.0,7.0,2.0,1.0,1.0,9.0,3.0,4.0,1.0,2.0,2.0,1.0,0.0,3.0,0.0,3.0,7.0,5.0,2.0,0.0,2.0,0.0,7.0,1,1,7.0,1,8,Alto
1.0,1.0,3.0,1.0,1.0,3.0,8.0,1.0,1.0,1.0,2.0,1.0,1.0,3.0,3.0,1.0,1.0,5.0,4.0,6.0,2.0,0.0,2.0,0.0,1.3333334,0,0,1.3333334,1,5,Medio
1.0,7.0,4.0,1.0,1.0,1.0,5.0,1.0,1.0,1.0,7.0,2.0,2.0,1.0,1.0,2.0,3.0,3.0,2.0,3.0,2.0,0.0,2.0,0.0,2.0,0,0,2.0,1,3,Bajo
1.0,8.0,1.0,1.0,1.0,5.0,4.0,2.0,3.0,1.0,1.0,1.0,1.0,2.0,1.0,1.0,2.0,2.0,2.0,3.0,2.0,0.0,2.0,0.0,2.0,0,0,1.0,1,4,Medio
2.0,5.0,1.0,2.0,2.0,2.0,1.0,7.0,3.0,5.0,3.0,6.0,2.0,1.0,1.0,3.0,0.0,1.0,1.0,1.0,2.0,0.0,2.0,0.0,1.0,0,1,1.0,0,2,Bajo
2.0,3.0,1.0,2.0,1.0,1.0,1.0,6.0,1.0,1.0,3.0,5.0,1.0,2.0,1.0,3.0,0.0,1.0,5.0,4.0,2.0,0.0,2.0,0.0,5.0,1,1,2.5,0,3,Bajo
2.0,7.0,1.0,2.0,2.0,2.0,1.0,1.0,2.0,1.0,3.0,6.0,1.0,1.0,1.0,3.0,0.0,1.0,1.0,1.0,2.0,0.0,2.0,0.0,1.0,0,1,1.0,1,4,Medio
2.0,2.0,1.0,2.0,2.0,1.0,3.0,3.0,1.0,1.0,3.0,5.0,1.0,4.0,3.0,1.0,3.0,1.0,2.0,2.0,2.0,0.0,2.0,0.0,0.6666667,0,0,0.5,1,5,Medio
2.0,2.0,1.0,1.0,2.0,1.0,5.0,7.0,2.0,5.0,3.0,5.0,1.0,1.0,1.0,3.0,0.0,1.0,1.0,1.0,2.0,0.0,2.0,0.0,1.0,0,1,1.0,1,1,Bajo
1.0,7.0,1.0,1.0,1.0,1.0,5.0,1.0,1.0,1.0,1.0,2.0,2.0,2.0,2.0,2.0,1.0,1.0,4.0,4.0,2.0,0.0,2.0,0.0,2.0,0,0,2.0,1,5,Medio
2.0,7.0,1.0,1.0,1.0,2.0,4.0,1.0,2.0,1.0,1.0,2.0,2.0,1.0,1.0,2.0,3.0,1.0,1.0,1.0,2.0,0.0,2.0,0.0,1.0,0,0,1.0,0,4,Medio
1.0,7.0,1.0,1.0,1.0,3.0,4.0,2.0,3.0,1.0,2.0,2.0,1.0,1.0,1.0,1.0,1.0,4.0,4.0,5.0,2.0,0.0,2.0,0.0,4.0,1,0,4.0,1,7,Alto
2.0,2.0,1.0,2.0,1.0,1.0,1.0,6.0,2.0,1.0,3.0,5.0,1.0,2.0,1.0,3.0,0.0,1.0,3.0,5.0,2.0,0.0,2.0,0.0,3.0,0,1,1.5,0,4,Medio
1.0,8.0,1.0,5.0,2.0,1.0,1.0,5.0,3.0,1.0,1.0,2.0,1.0,1.0,1.0,2.0,3.0,1.0,4.0,4.0,2.0,0.0,1.0,2.0,4.0,1,1,4.0,0,2,Bajo
1.0,2.0,1.0,1.0,2.0,1.0,5.0,1.0,1.0,1.0,1.0,2.0,1.0,4.0,4.0,3.0,0.0,1.0,1.0,1.0,2.0,0.0,2.0,0.0,0.25,0,1,0.25,1,7,Alto
1.0,3.0,1.0,1.0,1.0,1.0,6.0,1.0,1.0,1.0,2.0,1.0,1.0,4.0,2.0,1.0,1.0,1.0,2.0,3.0,2.0,0.0,1.0,1.0,1.0,0,0,0.5,1,9,Alto
1.0,3.0,1.0,1.0,1.0,1.0,5.0,8.0,3.0,1.0,1.0,2.0,1.0,4.0,3.0,1.0,2.0,3.0,1.0,1.0,2.0,0.0,2.0,0.0,0.33333334,0,1,0.25,1,5,Medio
1.0,8.0,1.0,5.0,2.0,1.0,5.0,5.0,3.0,1.0,1.0,2.0,2.0,1.0,1.0,1.0,3.0,8.0,4.0,4.0,2.0,0.0,2.0,0.0,4.0,1,1,4.0,0,4,Medio
1.0,7.0,1.0,1.0,1.0,2.0,9.0,2.0,3.0,1.0,1.0,2.0,1.0,2.0,2.0,1.0,1.0,1.0,4.0,4.0,2.0,0.0,2.0,0.0,2.0,0,0,2.0,1,7,Alto
1.0,2.0,1.0,1.0,1.0,1.0,3.0,1.0,1.0,1.0,2.0,2.0,1.0,4.0,4.0,1.0,1.0,1.0,4.0,5.0,2.0,0.0,2.0,0.0,1.0,0,0,1.0,1,4,Medio
1.0,7.0,1.0,1.0,1.0,1.0,5.0,2.0,3.0,1.0,1.0,2.0,2.0,2.0,2.0,1.0,4.0,7.0,3.0,4.0,2.0,0.0,2.0,0.0,1.5,0,0,1.5,0,3,Bajo
1.0,2.0,3.0,1.0,1.0,3.0,8.0,1.0,1.0,1.0,1.0,1.0,1.0,3.0,2.0,1.0,1.0,1.0,2.0,3.0,2.0,0.0,2.0,0.0,1.0,0,0,0.6666667,1,8,Alto
1.0,2.0,1.0,1.0,2.0,1.0,5.0,1.0,1.0,1.0,1.0,2.0,1.0,2.0,2.0,1.0,3.0,1.0,2.0,5.0,2.0,0.0,2.0,0.0,1.0,0,0,1.0,1,2,Bajo
1.0,3.0,1.0,1.0,1.0,2.0,4.0,1.0,1.0,1.0,2.0,2.0,1.0,4.0,4.0,1.0,1.0,3.0,6.0,5.0,2.0,0.0,1.0,1.0,1.5,0,0,1.5,1,10,Alto
1.0,3.0,1.0,1.0,1.0,1.0,4.0,1.0,1.0,1.0,1.0,2.0,1.0,2.0,2.0,1.0,1.0,4.0,2.0,3.0,2.0,0.0,2.0,0.0,1.0,0,0,1.0,1,5,Medio
2.0,3.0,1.0,2.0,2.0,1.0,1.0,2.0,3.0,5.0,3.0,5.0,1.0,2.0,1.0,1.0,6.0,1.0,2.0,2.0,2.0,0.0,2.0,0.0,2.0,0,1,1.0,1,3,Bajo
1.0,7.0,1.0,1.0,1.0,2.0,4.0,1.0,1.0,1.0,2.0,2.0,1.0,2.0,2.0,1.0,2.0,1.0,2.0,5.0,2.0,0.0,2.0,0.0,1.0,0,0,1.0,1,6,Medio
1.0,5.0,1.0,2.0,1.0,1.0,5.0,1.0,1.0,1.0,2.0,2.0,1.0,1.0,1.0,2.0,1.0,3.0,4.0,4.0,2.0,0.0,2.0,0.0,4.0,1,0,4.0,1,3,Bajo
1.0,2.0,1.0,1.0,1.0,3.0,5.0,1.0,1.0,1.0,1.0,2.0,1.0,2.0,2.0,1.0,3.0,1.0,1.0,1.0,2.0,0.0,2.0,0.0,0.5,0,0,0.5,1,2,Bajo
2.0,2.0,1.0,2.0,1.0,1.0,1.0,1.0,1.0,1.0,3.0,6.0,1.0,1.0,1.0,3.0,0.0,1.0,1.0,1.0,2.0,0.0,2.0,0.0,1.0,0,1,1.0,0,1,Bajo
1.0,3.0,1.0,1.0,1.0,1.0,4.0,1.0,2.0,1.0,1.0,2.0,1.0,1.0,1.0,1.0,3.0,1.0,2.0,5.0,2.0,0.0,2.0,0.0,2.0,0,0,2.0,1,3,Bajo
2.0,7.0,1.0,2.0,1.0,1.0,1.0,1.0,1.0,1.0,3.0,5.0,1.0,1.0,1.0,1.0,3.0,1.0,2.0,3.0,2.0,0.0,2.0,0.0,2.0,0,0,2.0,1,1,Bajo
2.0,7.0,1.0,2.0,1.0,2.0,5.0,4.0,3.0,1.0,3.0,5.0,1.0,2.0,2.0,1.0,3.0,1.0,4.0,5.0,1.0,1.0,2.0,0.0,2.0,0,0,2.0,1,6,Medio
1.0,3.0,1.0,1.0,1.0,1.0,4.0,1.0,1.0,1.0,2.0,2.0,1.0,3.0,3.0,1.0,1.0,1.0,4.0,4.0,2.0,0.0,2.0,0.0,1.3333334,0,0,1.3333334,1,6,Medio
1.0,3.0,1.0,1.0,1.0,2.0,4.0,2.0,3.0,1.0,1.0,5.0,2.0,3.0,1.0,3.0,0.0,1.0,1.0,1.0,2.0,0.0,2.0,0.0,1.0,0,1,0.33333334,1,4,Medio
2.0,7.0,1.0,1.0,2.0,2.0,1.0,1.0,1.0,1.0,1.0,5.0,2.0,1.0,1.0,1.0,3.0,3.0,3.0,3.0,2.0,0.0,2.0,0.0,3.0,0,0,3.0,1,5,Medio
2.0,7.0,1.0,1.0,1.0,1.0,5.0,1.0,1.0,1.0,1.0,5.0,1.0,2.0,1.0,3.0,0.0,1.0,2.0,3.0,2.0,0.0,2.0,0.0,2.0,0,1,1.0,1,6,Medio
1.0,3.0,4.0,1.0,1.0,1.0,5.0,1.0,1.0,1.0,1.0,1.0,2.0,1.0,1.0,2.0,1.0,4.0,2.0,3.0,2.0,0.0,2.0,0.0,2.0,0,0,2.0,1,1,Bajo
1.0,2.0,1.0,2.0,1.0,1.0,3.0,1.0,1.0,1.0,1.0,1.0,1.0,2.0,1.0,1.0,1.0,4.0,3.0,4.0,2.0,0.0,2.0,0.0,3.0,0,0,1.5,1,6,Medio
2.0,5.0,1.0,1.0,1.0,1.0,5.0,1.0,1.0,1.0,3.0,5.0,1.0,1.0,1.0,1.0,3.0,1.0,7.0,5.0,2.0,0.0,2.0,0.0,7.0,1,0,7.0,1,5,Medio
1.0,7.0,1.0,1.0,1.0,2.0,4.0,1.0,1.0,1.0,1.0,2.0,1.0,1.0,1.0,1.0,1.0,1.0,1.0,1.0,2.0,0.0,2.0,0.0,1.0,0,0,1.0,1,11,Alto
2.0,7.0,1.0,5.0,2.0,2.0,1.0,1.0,1.0,1.0,1.0,5.0,1.0,1.0,1.0,1.0,3.0,1.0,4.0,5.0,2.0,0.0,2.0,0.0,4.0,1,0,4.0,1,5,Medio
2.0,6.0,1.0,2.0,1.0,2.0,5.0,1.0,2.0,1.0,3.0,6.0,1.0,4.0,2.0,1.0,3.0,1.0,3.0,5.0,1.0,1.0,1.0,1.0,1.5,0,0,0.75,0,5,Medio
2.0,3.0,1.0,5.0,2.0,1.0,1.0,3.0,3.0,5.0,3.0,5.0,1.0,1.0,1.0,3.0,0.0,1.0,2.0,3.0,2.0,0.0,2.0,0.0,2.0,0,1,2.0,0,2,Bajo
2.0,2.0,1.0,2.0,1.0,1.0,1.0,1.0,2.0,1.0,3.0,5.0,1.0,5.0,5.0,1.0,3.0,1.0,4.0,3.0,2.0,0.0,2.0,0.0,0.8,0,0,0.8,1,2,Bajo
1.0,3.0,1.0,1.0,1.0,1.0,4.0,1.0,1.0,1.0,1.0,2.0,1.0,3.0,3.0,1.0,1.0,1.0,4.0,5.0,2.0,0.0,2.0,0.0,1.3333334,0,0,1.3333334,1,7,Alto
2.0,7.0,1.0,1.0,1.0,2.0,5.0,1.0,2.0,1.0,1.0,5.0,1.0,3.0,3.0,1.0,3.0,2.0,5.0,3.0,2.0,0.0,2.0,0.0,1.6666666,0,0,1.6666666,1,5,Medio
1.0,2.0,1.0,1.0,1.0,2.0,2.0,1.0,1.0,1.0,2.0,1.0,1.0,8.0,4.0,1.0,1.0,1.0,4.0,4.0,2.0,0.0,2.0,0.0,1.0,0,0,0.5,1,10,Alto
1.0,2.0,3.0,1.0,1.0,1.0,5.0,1.0,1.0,1.0,2.0,2.0,1.0,2.0,2.0,1.0,1.0,1.0,2.0,3.0,2.0,0.0,1.0,1.0,1.0,0,0,1.0,1,5,Medio
1.0,2.0,1.0,1.0,1.0,1.0,5.0,1.0,1.0,1.0,1.0,2.0,1.0,3.0,2.0,1.0,1.0,1.0,3.0,3.0,2.0,0.0,2.0,0.0,1.5,0,0,1.0,1,3,Bajo
2.0,3.0,1.0,1.0,1.0,1.0,4.0,6.0,2.0,1.0,1.0,5.0,1.0,2.0,1.0,1.0,3.0,1.0,5.0,4.0,2.0,0.0,1.0,1.0,5.0,1,1,2.5,1,6,Medio
2.0,5.0,1.0,2.0,1.0,1.0,5.0,3.0,3.0,1.0,1.0,5.0,1.0,1.0,1.0,3.0,0.0,1.0,2.0,2.0,2.0,0.0,2.0,0.0,2.0,0,1,2.0,1,3,Bajo
2.0,7.0,2.0,5.0,2.0,1.0,1.0,3.0,3.0,5.0,3.0,5.0,2.0,1.0,1.0,3.0,0.0,1.0,1.0,1.0,2.0,0.0,2.0,0.0,1.0,0,1,1.0,0,1,Bajo
2.0,3.0,1.0,2.0,1.0,1.0,5.0,1.0,1.0,1.0,1.0,2.0,1.0,3.0,2.0,1.0,3.0,1.0,2.0,3.0,2.0,0.0,2.0,0.0,1.0,0,0,0.6666667,1,7,Alto
1.0,2.0,1.0,1.0,1.0,3.0,8.0,1.0,1.0,1.0,1.0,2.0,1.0,4.0,4.0,1.0,1.0,1.0,4.0,3.0,2.0,0.0,2.0,0.0,1.0,0,0,1.0,1,8,Alto
2.0,7.0,1.0,3.0,1.0,1.0,1.0,4.0,2.0,1.0,3.0,5.0,1.0,1.0,1.0,1.0,3.0,1.0,2.0,5.0,2.0,0.0,2.0,0.0,2.0,0,0,2.0,0,0,Bajo
2.0,3.0,1.0,4.0,2.0,4.0,1.0,6.0,3.0,5.0,3.0,5.0,1.0,2.0,1.0,3.0,0.0,1.0,4.0,3.0,2.0,0.0,1.0,1.0,4.0,1,1,2.0,1,1,Bajo
1.0,7.0,1.0,1.0,1.0,5.0,5.0,1.0,1.0,1.0,1.0,1.0,1.0,1.0,1.0,1.0,2.0,4.0,3.0,3.0,1.0,1.0,2.0,0.0,3.0,0,0,3.0,1,5,Medio
2.0,2.0,1.0,2.0,1.0,1.0,5.0,2.0,3.0,1.0,1.0,5.0,1.0,2.0,1.0,1.0,3.0,1.0,2.0,2.0,2.0,0.0,2.0,0.0,2.0,0,0,1.0,0,4,Medio
2.0,2.0,1.0,2.0,1.0,1.0,1.0,1.0,1.0,1.0,1.0,5.0,1.0,2.0,1.0,3.0,0.0,1.0,1.0,1.0,2.0,0.0,2.0,0.0,1.0,0,1,0.5,0,1,Bajo
1.0,2.0,3.0,1.0,1.0,3.0,8.0,1.0,1.0,1.0,1.0,1.0,1.0,3.0,2.0,1.0,1.0,2.0,2.0,3.0,2.0,0.0,2.0,0.0,1.0,0,0,0.6666667,1,6,Medio
1.0,3.0,1.0,1.0,1.0,1.0,5.0,1.0,2.0,1.0,1.0,2.0,1.0,1.0,1.0,3.0,0.0,3.0,2.0,3.0,2.0,0.0,2.0,0.0,2.0,0,1,2.0,0,3,Bajo
1.0,6.0,3.0,1.0,1.0,3.0,4.0,1.0,1.0,1.0,1.0,2.0,1.0,2.0,2.0,1.0,1.0,4.0,2.0,3.0,2.0,0.0,2.0,0.0,1.0,0,0,1.0,1,6,Medio
2.0,1.0,6.0,1.0,1.0,1.0,3.0,1.0,2.0,1.0,3.0,2.0,2.0,2.0,0.0,2.0,1.0,4.0,2.0,2.0,2.0,0.0,2.0,0.0,2.0,0,0,1.0,0,2,Bajo
2.0,2.0,1.0,2.0,1.0,1.0,5.0,1.0,1.0,1.0,1.0,6.0,1.0,5.0,4.0,2.0,1.0,1.0,5.0,5.0,2.0,0.0,2.0,0.0,1.25,0,0,1.0,1,5,Medio
2.0,4.0,1.0,2.0,1.0,1.0,5.0,5.0,3.0,1.0,1.0,5.0,1.0,4.0,1.0,3.0,0.0,1.0,3.0,4.0,2.0,0.0,2.0,0.0,3.0,0,1,0.75,1,5,Medio
1.0,7.0,1.0,1.0,2.0,2.0,5.0,4.0,2.0,1.0,1.0,5.0,1.0,1.0,1.0,1.0,3.0,3.0,4.0,4.0,2.0,0.0,2.0,0.0,4.0,1,0,4.0,1,6,Medio
1.0,4.0,4.0,1.0,1.0,1.0,5.0,1.0,1.0,1.0,1.0,2.0,1.0,2.0,1.0,2.0,1.0,4.0,2.0,3.0,2.0,0.0,2.0,0.0,2.0,0,0,1.0,0,3,Bajo
2.0,8.0,1.0,5.0,2.0,1.0,1.0,5.0,3.0,3.0,3.0,5.0,1.0,3.0,1.0,1.0,6.0,7.0,5.0,4.0,2.0,0.0,2.0,0.0,5.0,1,1,1.6666666,0,2,Bajo
1.0,6.0,1.0,2.0,1.0,2.0,5.0,1.0,1.0,1.0,2.0,2.0,1.0,4.0,3.0,1.0,1.0,1.0,1.0,1.0,2.0,0.0,2.0,0.0,0.33333334,0,0,0.25,1,5,Medio
1.0,3.0,1.0,2.0,1.0,1.0,5.0,1.0,1.0,1.0,1.0,5.0,1.0,2.0,2.0,3.0,0.0,3.0,4.0,3.0,1.0,1.0,2.0,0.0,2.0,0,1,2.0,1,3,Bajo
2.0,1.0,1.0,1.0,1.0,2.0,5.0,1.0,1.0,1.0,1.0,5.0,1.0,2.0,1.0,1.0,3.0,1.0,3.0,4.0,2.0,0.0,2.0,0.0,3.0,0,0,1.5,0,3,Bajo
1.0,3.0,1.0,1.0,1.0,1.0,5.0,1.0,1.0,1.0,1.0,2.0,2.0,4.0,2.0,1.0,3.0,4.0,1.0,1.0,2.0,0.0,2.0,0.0,0.5,0,0,0.25,1,1,Bajo
2.0,2.0,2.0,2.0,1.0,1.0,1.0,7.0,2.0,1.0,3.0,7.0,1.0,1.0,1.0,1.0,3.0,1.0,1.0,1.0,2.0,0.0,2.0,0.0,1.0,0,1,1.0,1,2,Bajo
1.0,2.0,3.0,1.0,1.0,1.0,5.0,1.0,1.0,1.0,1.0,1.0,1.0,4.0,3.0,1.0,1.0,2.0,4.0,5.0,2.0,0.0,1.0,1.0,1.3333334,0,0,1.0,0,0,Bajo
1.0,7.0,1.0,1.0,1.0,2.0,4.0,1.0,1.0,1.0,1.0,2.0,1.0,4.0,4.0,1.0,1.0,1.0,11.0,5.0,2.0,0.0,2.0,0.0,2.75,0,0,2.75,1,9,Alto
1.0,7.0,1.0,1.0,1.0,2.0,4.0,1.0,1.0,1.0,1.0,5.0,1.0,2.0,2.0,1.0,1.0,1.0,5.0,4.0,2.0,0.0,2.0,0.0,2.5,0,0,2.5,1,5,Medio
1.0,3.0,1.0,1.0,1.0,2.0,4.0,1.0,2.0,1.0,1.0,2.0,1.0,2.0,2.0,1.0,2.0,1.0,5.0,4.0,2.0,0.0,2.0,0.0,2.5,0,0,2.5,1,8,Alto
1.0,3.0,1.0,1.0,1.0,2.0,4.0,1.0,1.0,1.0,2.0,2.0,1.0,3.0,3.0,1.0,1.0,3.0,4.0,4.0,2.0,0.0,2.0,0.0,1.3333334,0,0,1.3333334,1,10,Alto
1.0,7.0,1.0,1.0,1.0,2.0,4.0,1.0,1.0,1.0,2.0,2.0,1.0,5.0,5.0,1.0,1.0,2.0,10.0,5.0,2.0,0.0,2.0,0.0,2.0,0,0,2.0,1,9,Alto
2.0,3.0,1.0,1.0,1.0,2.0,4.0,2.0,3.0,1.0,2.0,2.0,1.0,1.0,1.0,1.0,1.0,1.0,1.0,1.0,1.0,1.0,2.0,0.0,1.0,0,0,1.0,1,6,Medio
2.0,9.0,1.0,5.0,2.0,4.0,1.0,5.0,3.0,2.0,3.0,6.0,1.0,2.0,2.0,1.0,3.0,1.0,7.0,5.0,2.0,0.0,2.0,0.0,3.5,1,1,3.5,1,4,Medio
2.0,7.0,1.0,2.0,1.0,2.0,5.0,1.0,2.0,1.0,3.0,5.0,1.0,1.0,1.0,1.0,3.0,1.0,3.0,5.0,2.0,0.0,2.0,0.0,3.0,0,0,3.0,1,4,Medio
1.0,3.0,1.0,1.0,1.0,1.0,5.0,8.0,3.0,1.0,1.0,2.0,1.0,2.0,2.0,3.0,0.0,1.0,4.0,4.0,2.0,0.0,1.0,1.0,2.0,0,1,2.0,1,3,Bajo
1.0,2.0,3.0,1.0,1.0,1.0,4.0,1.0,1.0,1.0,2.0,2.0,1.0,3.0,2.0,1.0,1.0,5.0,5.0,4.0,2.0,0.0,2.0,0.0,2.5,0,0,1.6666666,1,8,Alto
2.0,4.0,1.0,2.0,2.0,4.0,1.0,2.0,3.0,5.0,3.0,4.0,1.0,2.0,1.0,3.0,0.0,1.0,1.0,1.0,2.0,0.0,2.0,0.0,1.0,0,1,0.5,0,2,Bajo
1.0,3.0,1.0,1.0,1.0,1.0,4.0,8.0,3.0,1.0,2.0,2.0,1.0,2.0,2.0,2.0,1.0,1.0,2.0,3.0,2.0,0.0,1.0,1.0,1.0,0,1,1.0,1,6,Medio
2.0,5.0,1.0,2.0,1.0,1.0,1.0,1.0,1.0,1.0,1.0,2.0,1.0,4.0,1.0,1.0,1.0,1.0,1.0,1.0,2.0,0.0,2.0,0.0,1.0,0,0,0.25,0,2,Bajo
1.0,3.0,1.0,1.0,1.0,3.0,4.0,1.0,1.0,1.0,1.0,1.0,1.0,1.0,1.0,1.0,1.0,4.0,2.0,2.0,2.0,0.0,2.0,0.0,2.0,0,0,2.0,1,9,Alto
2.0,2.0,1.0,2.0,1.0,1.0,5.0,3.0,3.0,1.0,3.0,5.0,1.0,3.0,2.0,1.0,3.0,1.0,2.0,5.0,2.0,0.0,2.0,0.0,1.0,0,0,0.6666667,1,3,Bajo
1.0,2.0,1.0,2.0,2.0,1.0,1.0,1.0,1.0,1.0,2.0,2.0,1.0,1.0,1.0,2.0,1.0,1.0,5.0,5.0,2.0,0.0,2.0,0.0,5.0,1,0,5.0,0,4,Medio
2.0,2.0,1.0,5.0,2.0,1.0,1.0,5.0,3.0,5.0,3.0,5.0,1.0,4.0,1.0,1.0,3.0,1.0,2.0,5.0,2.0,0.0,2.0,0.0,2.0,0,1,0.5,0,1,Bajo
2.0,2.0,1.0,2.0,1.0,1.0,2.0,1.0,2.0,1.0,1.0,5.0,1.0,1.0,1.0,3.0,0.0,8.0,4.0,5.0,1.0,1.0,2.0,0.0,4.0,1,1,4.0,0,1,Bajo
1.0,2.0,1.0,1.0,1.0,1.0,5.0,1.0,1.0,1.0,1.0,2.0,2.0,1.0,1.0,1.0,2.0,1.0,4.0,3.0,2.0,0.0,1.0,1.0,4.0,1,0,4.0,1,3,Bajo
1.0,3.0,1.0,1.0,1.0,1.0,5.0,1.0,2.0,1.0,1.0,2.0,1.0,2.0,1.0,2.0,1.0,1.0,1.0,1.0,2.0,0.0,2.0,0.0,1.0,0,0,0.5,1,4,Medio
1.0,7.0,4.0,1.0,1.0,2.0,5.0,1.0,2.0,1.0,1.0,2.0,2.0,1.0,1.0,2.0,2.0,4.0,1.0,1.0,2.0,0.0,2.0,0.0,1.0,0,0,1.0,1,4,Medio
2.0,2.0,1.0,1.0,1.0,1.0,5.0,2.0,3.0,1.0,3.0,5.0,1.0,3.0,3.0,3.0,0.0,1.0,7.0,5.0,2.0,0.0,1.0,1.0,2.3333333,0,1,2.3333333,0,1,Bajo
2.0,7.0,4.0,5.0,2.0,1.0,1.0,3.0,3.0,5.0,3.0,5.0,2.0,1.0,1.0,3.0,0.0,1.0,1.0,1.0,2.0,0.0,2.0,0.0,1.0,0,1,1.0,0,1,Bajo
1.0,1.0,4.0,1.0,1.0,3.0,4.0,1.0,1.0,1.0,1.0,1.0,2.0,1.0,1.0,2.0,1.0,4.0,1.0,1.0,2.0,0.0,1.0,1.0,1.0,0,0,1.0,1,5,Medio
1.0,3.0,3.0,1.0,1.0,3.0,4.0,1.0,1.0,1.0,2.0,1.0,1.0,3.0,1.0,1.0,1.0,5.0,1.0,1.0,2.0,0.0,2.0,0.0,1.0,0,0,0.33333334,1,10,Alto
1.0,3.0,1.0,1.0,1.0,2.0,5.0,4.0,2.0,1.0,2.0,2.0,1.0,3.0,3.0,1.0,2.0,1.0,1.0,1.0,2.0,0.0,2.0,0.0,0.33333334,0,0,0.33333334,0,1,Bajo
1.0,4.0,4.0,1.0,1.0,1.0,3.0,1.0,1.0,1.0,5.0,2.0,2.0,1.0,0.0,2.0,1.0,4.0,1.0,1.0,1.0,1.0,2.0,0.0,1.0,0,0,1.0,1,4,Medio
1.0,2.0,1.0,1.0,1.0,1.0,3.0,1.0,1.0,1.0,2.0,2.0,1.0,5.0,3.0,1.0,1.0,1.0,3.0,4.0,2.0,0.0,2.0,0.0,1.0,0,0,0.6,1,8,Alto
1.0,1.0,1.0,1.0,1.0,2.0,3.0,1.0,1.0,1.0,2.0,2.0,1.0,5.0,3.0,1.0,1.0,1.0,2.0,2.0,2.0,0.0,2.0,0.0,0.6666667,0,0,0.4,1,10,Alto
1.0,3.0,1.0,1.0,1.0,1.0,5.0,8.0,3.0,1.0,1.0,2.0,1.0,2.0,1.0,1.0,2.0,1.0,3.0,3.0,2.0,0.0,2.0,0.0,3.0,0,1,1.5,0,4,Medio
2.0,5.0,1.0,2.0,2.0,1.0,1.0,1.0,2.0,1.0,1.0,5.0,2.0,1.0,1.0,3.0,0.0,1.0,3.0,5.0,2.0,0.0,2.0,0.0,3.0,0,1,3.0,0,1,Bajo
2.0,8.0,1.0,5.0,2.0,1.0,5.0,4.0,1.0,1.0,1.0,5.0,1.0,5.0,5.0,1.0,2.0,7.0,5.0,6.0,2.0,0.0,2.0,0.0,1.0,0,0,1.0,1,7,Alto
1.0,6.0,4.0,1.0,1.0,3.0,5.0,1.0,1.0,5.0,1.0,2.0,2.0,1.0,1.0,2.0,1.0,4.0,2.0,2.0,2.0,0.0,2.0,0.0,2.0,0,1,2.0,0,3,Bajo
2.0,3.0,3.0,1.0,1.0,1.0,5.0,1.0,1.0,1.0,1.0,1.0,1.0,2.0,2.0,1.0,1.0,4.0,1.0,1.0,2.0,0.0,2.0,0.0,0.5,0,0,0.5,1,8,Alto
2.0,2.0,1.0,2.0,1.0,1.0,1.0,5.0,3.0,1.0,3.0,5.0,1.0,1.0,1.0,3.0,0.0,1.0,1.0,1.0,2.0,0.0,2.0,0.0,1.0,0,1,1.0,0,0,Bajo
2.0,4.0,1.0,2.0,2.0,1.0,1.0,1.0,2.0,1.0,1.0,4.0,1.0,1.0,1.0,1.0,1.0,1.0,2.0,5.0,2.0,0.0,2.0,0.0,2.0,0,0,2.0,0,4,Medio
1.0,7.0,1.0,1.0,1.0,2.0,4.0,1.0,1.0,1.0,1.0,2.0,1.0,2.0,2.0,1.0,2.0,3.0,6.0,4.0,2.0,0.0,2.0,0.0,3.0,0,0,3.0,1,4,Medio
2.0,5.0,1.0,2.0,1.0,4.0,5.0,1.0,1.0,1.0,3.0,5.0,1.0,2.0,2.0,3.0,0.0,1.0,2.0,3.0,1.0,2.0,1.0,1.0,1.0,0,1,1.0,1,6,Medio
1.0,7.0,1.0,1.0,1.0,2.0,4.0,1.0,1.0,1.0,1.0,2.0,1.0,3.0,3.0,1.0,3.0,2.0,4.0,4.0,2.0,0.0,2.0,0.0,1.3333334,0,0,1.3333334,1,6,Medio
1.0,5.0,1.0,1.0,1.0,1.0,5.0,1.0,1.0,1.0,2.0,2.0,1.0,2.0,2.0,1.0,1.0,2.0,2.0,3.0,2.0,0.0,2.0,0.0,1.0,0,0,1.0,1,10,Alto
1.0,2.0,1.0,1.0,1.0,3.0,5.0,2.0,3.0,1.0,1.0,1.0,1.0,2.0,1.0,1.0,1.0,1.0,2.0,3.0,2.0,0.0,2.0,0.0,2.0,0,0,1.0,1,4,Medio
1.0,7.0,1.0,1.0,1.0,1.0,5.0,1.0,1.0,1.0,1.0,2.0,1.0,2.0,2.0,1.0,3.0,1.0,5.0,4.0,2.0,0.0,2.0,0.0,2.5,0,0,2.5,1,5,Medio
1.0,6.0,1.0,1.0,1.0,1.0,5.0,1.0,1.0,1.0,2.0,2.0,1.0,3.0,3.0,1.0,1.0,3.0,2.0,5.0,1.0,1.0,2.0,0.0,0.6666667,0,0,0.6666667,1,4,Medio
2.0,3.0,1.0,1.0,1.0,1.0,4.0,7.0,3.0,1.0,1.0,5.0,1.0,1.0,1.0,3.0,0.0,1.0,1.0,1.0,1.0,2.0,2.0,0.0,1.0,0,1,1.0,1,2,Bajo
1.0,2.0,3.0,1.0,1.0,1.0,3.0,1.0,1.0,1.0,2.0,2.0,1.0,2.0,2.0,1.0,1.0,1.0,2.0,3.0,2.0,0.0,1.0,1.0,1.0,0,0,1.0,1,10,Alto
1.0,3.0,1.0,1.0,1.0,3.0,5.0,8.0,1.0,1.0,1.0,1.0,1.0,3.0,2.0,1.0,1.0,1.0,7.0,4.0,2.0,0.0,2.0,0.0,3.5,1,1,2.3333333,1,7,Alto
1.0,2.0,1.0,1.0,1.0,1.0,5.0,1.0,1.0,1.0,2.0,1.0,1.0,5.0,3.0,1.0,1.0,1.0,1.0,1.0,2.0,0.0,2.0,0.0,0.33333334,0,0,0.2,1,7,Alto
2.0,2.0,1.0,2.0,1.0,1.0,1.0,4.0,2.0,1.0,3.0,5.0,1.0,3.0,2.0,3.0,0.0,1.0,5.0,4.0,2.0,0.0,2.0,0.0,2.5,0,1,1.6666666,1,5,Medio
1.0,4.0,1.0,1.0,1.0,1.0,4.0,1.0,1.0,1.0,2.0,2.0,1.0,4.0,4.0,1.0,1.0,1.0,3.0,5.0,2.0,0.0,2.0,0.0,0.75,0,0,0.75,1,4,Medio
2.0,7.0,1.0,3.0,1.0,1.0,1.0,4.0,2.0,3.0,3.0,5.0,1.0,1.0,1.0,3.0,0.0,1.0,2.0,5.0,2.0,0.0,2.0,0.0,2.0,0,1,2.0,1,3,Bajo
1.0,5.0,1.0,2.0,1.0,1.0,5.0,1.0,1.0,1.0,1.0,2.0,1.0,8.0,4.0,2.0,1.0,1.0,5.0,3.0,1.0,1.0,1.0,1.0,1.25,0,0,0.625,1,4,Medio
2.0,4.0,1.0,2.0,2.0,4.0,1.0,1.0,2.0,1.0,3.0,4.0,2.0,2.0,1.0,2.0,3.0,8.0,4.0,3.0,2.0,0.0,2.0,0.0,4.0,1,0,2.0,0,4,Medio
1.0,5.0,1.0,1.0,1.0,1.0,5.0,1.0,2.0,1.0,1.0,2.0,2.0,1.0,0.0,1.0,1.0,2.0,1.0,1.0,2.0,0.0,2.0,0.0,1.0,0,0,1.0,1,2,Bajo
1.0,3.0,1.0,1.0,2.0,2.0,4.0,8.0,1.0,1.0,2.0,2.0,1.0,3.0,1.0,1.0,1.0,6.0,1.0,1.0,2.0,0.0,2.0,0.0,1.0,0,1,0.33333334,1,6,Medio
1.0,8.0,1.0,1.0,1.0,1.0,4.0,1.0,1.0,1.0,1.0,2.0,1.0,3.0,3.0,1.0,2.0,8.0,3.0,3.0,2.0,0.0,1.0,1.0,1.0,0,0,1.0,1,8,Alto
2.0,1.0,1.0,2.0,2.0,1.0,1.0,7.0,3.0,5.0,3.0,6.0,2.0,2.0,1.0,3.0,0.0,1.0,2.0,3.0,2.0,0.0,2.0,0.0,2.0,0,1,1.0,1,1,Bajo
1.0,2.0,1.0,1.0,1.0,1.0,2.0,1.0,1.0,1.0,2.0,2.0,1.0,3.0,2.0,1.0,1.0,1.0,3.0,4.0,2.0,0.0,2.0,0.0,1.5,0,0,1.0,1,6,Medio
2.0,3.0,1.0,2.0,2.0,1.0,1.0,5.0,3.0,1.0,1.0,5.0,1.0,1.0,1.0,3.0,0.0,1.0,1.0,1.0,2.0,0.0,2.0,0.0,1.0,0,1,1.0,0,1,Bajo
1.0,1.0,3.0,1.0,1.0,2.0,4.0,1.0,1.0,1.0,1.0,1.0,1.0,1.0,1.0,1.0,1.0,4.0,1.0,1.0,2.0,0.0,2.0,0.0,1.0,0,0,1.0,1,4,Medio
1.0,4.0,1.0,1.0,1.0,4.0,1.0,2.0,3.0,1.0,1.0,2.0,1.0,1.0,1.0,1.0,3.0,3.0,2.0,3.0,2.0,0.0,2.0,0.0,2.0,0,0,2.0,1,4,Medio
2.0,7.0,1.0,3.0,1.0,1.0,1.0,1.0,2.0,1.0,3.0,5.0,1.0,3.0,3.0,1.0,3.0,1.0,3.0,4.0,2.0,0.0,2.0,0.0,1.0,0,0,1.0,1,7,Alto
2.0,2.0,1.0,1.0,2.0,1.0,5.0,4.0,2.0,1.0,1.0,5.0,1.0,1.0,1.0,3.0,0.0,1.0,5.0,5.0,2.0,0.0,2.0,0.0,5.0,1,1,5.0,1,2,Bajo
2.0,3.0,2.0,6.0,2.0,4.0,1.0,3.0,3.0,5.0,3.0,5.0,2.0,1.0,1.0,3.0,0.0,1.0,1.0,1.0,2.0,0.0,2.0,0.0,1.0,0,1,1.0,1,3,Bajo
1.0,7.0,1.0,1.0,2.0,5.0,4.0,1.0,2.0,1.0,1.0,2.0,1.0,1.0,1.0,2.0,2.0,3.0,3.0,5.0,2.0,0.0,2.0,0.0,3.0,0,0,3.0,1,3,Bajo
1.0,7.0,1.0,1.0,1.0,2.0,5.0,1.0,1.0,1.0,1.0,2.0,1.0,3.0,2.0,2.0,1.0,1.0,4.0,4.0,2.0,0.0,2.0,0.0,2.0,0,0,1.3333334,0,2,Bajo
1.0,2.0,2.0,5.0,2.0,1.0,9.0,1.0,1.0,1.0,1.0,5.0,1.0,1.0,1.0,1.0,3.0,1.0,4.0,5.0,2.0,0.0,2.0,0.0,4.0,1,0,4.0,1,4,Medio
2.0,1.0,1.0,2.0,1.0,2.0,1.0,1.0,1.0,1.0,3.0,5.0,2.0,1.0,1.0,3.0,0.0,1.0,3.0,4.0,1.0,2.0,2.0,0.0,3.0,0,1,3.0,1,4,Medio
1.0,2.0,1.0,1.0,2.0,3.0,5.0,1.0,1.0,1.0,1.0,1.0,1.0,5.0,2.0,1.0,1.0,1.0,3.0,5.0,2.0,0.0,2.0,0.0,1.5,0,0,0.6,1,10,Alto
1.0,2.0,1.0,1.0,2.0,1.0,5.0,1.0,1.0,1.0,2.0,2.0,1.0,5.0,5.0,1.0,1.0,1.0,2.0,5.0,2.0,0.0,2.0,0.0,0.4,0,0,0.4,1,5,Medio
2.0,2.0,1.0,5.0,2.0,1.0,1.0,3.0,3.0,5.0,3.0,6.0,1.0,1.0,1.0,3.0,0.0,1.0,6.0,5.0,2.0,0.0,2.0,0.0,6.0,1,1,6.0,1,3,Bajo
1.0,2.0,1.0,1.0,1.0,1.0,3.0,1.0,1.0,1.0,2.0,1.0,1.0,3.0,3.0,2.0,1.0,1.0,5.0,5.0,2.0,0.0,2.0,0.0,1.6666666,0,0,1.6666666,1,3,Bajo
2.0,3.0,1.0,1.0,1.0,1.0,5.0,4.0,1.0,1.0,1.0,5.0,1.0,5.0,3.0,1.0,3.0,1.0,7.0,5.0,2.0,0.0,2.0,0.0,2.3333333,0,0,1.4,1,8,Alto
1.0,7.0,1.0,1.0,1.0,1.0,4.0,1.0,1.0,1.0,2.0,2.0,1.0,3.0,3.0,1.0,1.0,1.0,2.0,5.0,2.0,0.0,2.0,0.0,0.6666667,0,0,0.6666667,1,10,Alto
2.0,3.0,1.0,1.0,1.0,1.0,5.0,4.0,2.0,1.0,3.0,5.0,1.0,2.0,2.0,1.0,2.0,1.0,1.0,1.0,2.0,0.0,2.0,0.0,0.5,0,0,0.5,0,1,Bajo
1.0,5.0,1.0,1.0,1.0,1.0,5.0,1.0,1.0,1.0,2.0,2.0,1.0,6.0,6.0,1.0,3.0,1.0,1.0,1.0,2.0,0.0,1.0,1.0,0.16666667,0,0,0.16666667,1,8,Alto
1.0,7.0,1.0,1.0,1.0,2.0,4.0,1.0,1.0,1.0,2.0,2.0,1.0,7.0,6.0,1.0,1.0,1.0,10.0,5.0,2.0,0.0,2.0,0.0,1.6666666,0,0,1.4285715,1,7,Alto
1.0,2.0,3.0,1.0,1.0,3.0,8.0,1.0,1.0,1.0,2.0,1.0,1.0,3.0,3.0,1.0,1.0,5.0,3.0,3.0,2.0,0.0,2.0,0.0,1.0,0,0,1.0,1,11,Alto
2.0,2.0,1.0,7.0,2.0,5.0,9.0,9.0,3.0,5.0,7.0,5.0,1.0,1.0,1.0,3.0,0.0,1.0,1.0,1.0,2.0,0.0,2.0,0.0,1.0,0,1,1.0,0,2,Bajo
2.0,2.0,1.0,1.0,2.0,1.0,1.0,7.0,2.0,1.0,3.0,5.0,1.0,2.0,2.0,1.0,3.0,1.0,1.0,1.0,2.0,0.0,2.0,0.0,0.5,0,1,0.5,0,4,Medio
1.0,7.0,1.0,3.0,1.0,2.0,5.0,1.0,1.0,1.0,1.0,2.0,1.0,4.0,2.0,2.0,1.0,1.0,5.0,5.0,2.0,0.0,2.0,0.0,2.5,0,0,1.25,1,5,Medio
1.0,3.0,1.0,1.0,1.0,3.0,4.0,1.0,1.0,1.0,1.0,2.0,1.0,4.0,3.0,1.0,1.0,4.0,5.0,5.0,2.0,0.0,2.0,0.0,1.6666666,0,0,1.25,1,9,Alto
1.0,2.0,3.0,1.0,1.0,3.0,3.0,1.0,1.0,1.0,2.0,1.0,1.0,2.0,1.0,1.0,1.0,4.0,1.0,1.0,2.0,0.0,2.0,0.0,1.0,0,0,0.5,1,5,Medio
1.0,2.0,1.0,1.0,1.0,3.0,5.0,1.0,1.0,1.0,1.0,2.0,1.0,2.0,2.0,1.0,1.0,1.0,2.0,3.0,2.0,0.0,2.0,0.0,1.0,0,0,1.0,1,4,Medio
2.0,8.0,1.0,5.0,2.0,1.0,1.0,5.0,3.0,5.0,3.0,5.0,2.0,1.0,1.0,1.0,3.0,3.0,6.0,5.0,2.0,0.0,2.0,0.0,6.0,1,1,6.0,1,2,Bajo
1.0,7.0,1.0,1.0,1.0,1.0,5.0,1.0,1.0,1.0,1.0,5.0,1.0,2.0,2.0,1.0,3.0,4.0,3.0,5.0,2.0,0.0,2.0,0.0,1.5,0,0,1.5,1,3,Bajo
1.0,7.0,1.0,1.0,1.0,2.0,4.0,1.0,1.0,1.0,2.0,2.0,1.0,2.0,2.0,2.0,1.0,1.0,2.0,3.0,2.0,0.0,2.0,0.0,1.0,0,0,1.0,1,6,Medio
1.0,6.0,1.0,1.0,1.0,1.0,4.0,1.0,1.0,1.0,2.0,2.0,2.0,3.0,3.0,1.0,1.0,1.0,5.0,5.0,2.0,0.0,1.0,1.0,1.6666666,0,0,1.6666666,1,9,Alto
2.0,2.0,1.0,2.0,1.0,1.0,1.0,1.0,2.0,1.0,3.0,5.0,1.0,4.0,1.0,1.0,1.0,1.0,1.0,1.0,1.0,2.0,2.0,0.0,1.0,0,0,0.25,0,2,Bajo
1.0,2.0,1.0,1.0,2.0,1.0,1.0,3.0,3.0,5.0,3.0,4.0,2.0,1.0,1.0,3.0,0.0,2.0,2.0,3.0,2.0,0.0,2.0,0.0,2.0,0,1,2.0,1,5,Medio
2.0,7.0,1.0,1.0,2.0,2.0,4.0,1.0,1.0,1.0,1.0,2.0,1.0,3.0,2.0,1.0,3.0,1.0,3.0,4.0,2.0,0.0,2.0,0.0,1.5,0,0,1.0,1,4,Medio
1.0,3.0,3.0,1.0,1.0,2.0,3.0,1.0,1.0,1.0,2.0,1.0,1.0,3.0,1.0,1.0,1.0,4.0,1.0,1.0,2.0,0.0,2.0,0.0,1.0,0,0,0.33333334,1,4,Medio
1.0,8.0,1.0,1.0,1.0,2.0,5.0,8.0,3.0,1.0,1.0,2.0,2.0,2.0,2.0,1.0,2.0,1.0,3.0,4.0,2.0,0.0,2.0,0.0,1.5,0,1,1.5,1,4,Medio
1.0,1.0,4.0,1.0,1.0,2.0,5.0,1.0,1.0,1.0,1.0,2.0,2.0,1.0,1.0,2.0,1.0,4.0,1.0,1.0,2.0,0.0,2.0,0.0,1.0,0,0,1.0,1,2,Bajo
1.0,2.0,1.0,1.0,1.0,1.0,3.0,1.0,1.0,1.0,1.0,1.0,1.0,2.0,1.0,1.0,1.0,4.0,1.0,1.0,2.0,0.0,2.0,0.0,1.0,0,0,0.5,1,3,Bajo
2.0,3.0,2.0,2.0,2.0,5.0,1.0,3.0,3.0,5.0,3.0,5.0,2.0,1.0,1.0,3.0,0.0,1.0,1.0,1.0,2.0,0.0,2.0,0.0,1.0,0,1,1.0,0,1,Bajo
1.0,3.0,1.0,1.0,1.0,1.0,4.0,4.0,1.0,1.0,1.0,5.0,1.0,3.0,2.0,1.0,1.0,1.0,1.0,1.0,1.0,2.0,2.0,0.0,0.5,0,0,0.33333334,1,7,Alto
1.0,2.0,1.0,1.0,1.0,1.0,5.0,1.0,1.0,1.0,1.0,2.0,1.0,3.0,3.0,3.0,0.0,1.0,1.0,1.0,2.0,0.0,2.0,0.0,0.33333334,0,1,0.33333334,1,2,Bajo
2.0,2.0,1.0,5.0,2.0,1.0,2.0,7.0,3.0,2.0,3.0,7.0,1.0,2.0,2.0,1.0,3.0,1.0,1.0,1.0,2.0,0.0,2.0,0.0,0.5,0,1,0.5,1,4,Medio
1.0,3.0,1.0,1.0,1.0,2.0,4.0,1.0,1.0,1.0,1.0,1.0,1.0,3.0,2.0,1.0,2.0,4.0,2.0,5.0,2.0,0.0,2.0,0.0,1.0,0,0,0.6666667,1,8,Alto
1.0,7.0,1.0,1.0,1.0,3.0,4.0,1.0,1.0,1.0,1.0,2.0,1.0,3.0,3.0,1.0,1.0,2.0,2.0,2.0,2.0,0.0,2.0,0.0,0.6666667,0,0,0.6666667,1,7,Alto
1.0,2.0,1.0,1.0,1.0,1.0,5.0,1.0,1.0,1.0,2.0,2.0,1.0,4.0,4.0,1.0,3.0,1.0,8.0,5.0,1.0,1.0,2.0,0.0,2.0,0,0,2.0,0,2,Bajo
1.0,7.0,1.0,1.0,1.0,2.0,4.0,1.0,2.0,1.0,2.0,2.0,2.0,3.0,3.0,1.0,2.0,1.0,4.0,4.0,2.0,0.0,2.0,0.0,1.3333334,0,0,1.3333334,1,8,Alto
2.0,5.0,1.0,2.0,2.0,1.0,1.0,5.0,3.0,1.0,3.0,5.0,1.0,1.0,1.0,3.0,0.0,1.0,2.0,3.0,2.0,0.0,2.0,0.0,2.0,0,1,2.0,0,1,Bajo
2.0,2.0,6.0,2.0,1.0,1.0,5.0,7.0,3.0,1.0,1.0,1.0,2.0,1.0,0.0,2.0,5.0,8.0,1.0,1.0,2.0,0.0,2.0,0.0,1.0,0,1,1.0,1,1,Bajo
2.0,7.0,1.0,1.0,1.0,1.0,4.0,4.0,1.0,3.0,1.0,6.0,1.0,3.0,2.0,1.0,3.0,1.0,3.0,4.0,2.0,0.0,2.0,0.0,1.5,0,0,1.0,0,1,Bajo
1.0,4.0,4.0,1.0,1.0,1.0,3.0,1.0,1.0,1.0,1.0,2.0,1.0,1.0,1.0,2.0,1.0,4.0,2.0,5.0,2.0,0.0,2.0,0.0,2.0,0,0,2.0,1,2,Bajo
2.0,2.0,1.0,2.0,1.0,1.0,1.0,4.0,3.0,5.0,1.0,5.0,1.0,2.0,2.0,1.0,3.0,1.0,1.0,1.0,2.0,0.0,2.0,0.0,0.5,0,1,0.5,0,3,Bajo
2.0,3.0,1.0,2.0,1.0,1.0,1.0,2.0,3.0,5.0,3.0,5.0,2.0,2.0,1.0,3.0,0.0,1.0,3.0,3.0,2.0,0.0,2.0,0.0,3.0,0,1,1.5,0,1,Bajo
1.0,7.0,1.0,1.0,1.0,3.0,4.0,1.0,1.0,1.0,1.0,5.0,1.0,1.0,1.0,1.0,3.0,2.0,4.0,4.0,2.0,0.0,2.0,0.0,4.0,1,0,4.0,1,4,Medio
1.0,5.0,1.0,1.0,2.0,1.0,5.0,1.0,1.0,1.0,2.0,1.0,1.0,2.0,1.0,2.0,1.0,1.0,4.0,3.0,2.0,0.0,1.0,1.0,4.0,1,0,2.0,1,3,Bajo
1.0,2.0,1.0,1.0,1.0,1.0,5.0,1.0,1.0,1.0,2.0,2.0,1.0,1.0,1.0,1.0,1.0,1.0,2.0,2.0,2.0,0.0,1.0,1.0,2.0,0,0,2.0,1,7,Alto
1.0,7.0,1.0,1.0,1.0,2.0,6.0,1.0,1.0,1.0,2.0,2.0,2.0,1.0,1.0,1.0,1.0,4.0,2.0,3.0,2.0,0.0,2.0,0.0,2.0,0,0,2.0,1,3,Bajo
1.0,2.0,1.0,1.0,1.0,1.0,5.0,1.0,1.0,1.0,1.0,1.0,1.0,1.0,1.0,1.0,1.0,4.0,1.0,1.0,2.0,0.0,2.0,0.0,1.0,0,0,1.0,1,5,Medio
1.0,2.0,3.0,1.0,1.0,3.0,3.0,1.0,1.0,1.0,2.0,1.0,1.0,4.0,3.0,1.0,1.0,3.0,4.0,4.0,2.0,0.0,2.0,0.0,1.3333334,0,0,1.0,1,8,Alto
2.0,3.0,1.0,2.0,1.0,1.0,1.0,1.0,1.0,1.0,1.0,4.0,1.0,3.0,1.0,3.0,0.0,1.0,2.0,2.0,2.0,0.0,2.0,0.0,2.0,0,1,0.6666667,1,3,Bajo
2.0,3.0,1.0,5.0,2.0,1.0,1.0,1.0,2.0,5.0,1.0,5.0,2.0,1.0,1.0,3.0,0.0,1.0,2.0,2.0,2.0,0.0,2.0,0.0,2.0,0,1,2.0,1,1,Bajo
2.0,5.0,1.0,2.0,1.0,1.0,1.0,2.0,3.0,5.0,3.0,6.0,2.0,1.0,1.0,3.0,0.0,1.0,2.0,3.0,2.0,0.0,2.0,0.0,2.0,0,1,2.0,1,1,Bajo
1.0,7.0,1.0,1.0,1.0,2.0,4.0,1.0,1.0,1.0,2.0,1.0,1.0,3.0,3.0,1.0,1.0,1.0,3.0,4.0,2.0,0.0,2.0,0.0,1.0,0,0,1.0,1,13,Alto
1.0,2.0,4.0,1.0,1.0,1.0,5.0,1.0,1.0,1.0,1.0,1.0,1.0,1.0,1.0,2.0,1.0,4.0,1.0,1.0,2.0,0.0,2.0,0.0,1.0,0,0,1.0,1,1,Bajo
1.0,3.0,1.0,1.0,1.0,1.0,1.0,2.0,3.0,1.0,1.0,2.0,1.0,1.0,1.0,1.0,3.0,1.0,1.0,1.0,2.0,0.0,2.0,0.0,1.0,0,0,1.0,0,3,Bajo
1.0,7.0,3.0,1.0,1.0,2.0,4.0,1.0,1.0,1.0,1.0,2.0,1.0,2.0,1.0,1.0,1.0,4.0,2.0,2.0,2.0,0.0,2.0,0.0,2.0,0,0,1.0,1,6,Medio
2.0,3.0,1.0,1.0,1.0,1.0,5.0,4.0,1.0,1.0,1.0,5.0,2.0,2.0,1.0,1.0,3.0,1.0,1.0,1.0,2.0,0.0,2.0,0.0,1.0,0,0,0.5,0,3,Bajo
1.0,7.0,1.0,1.0,1.0,1.0,5.0,1.0,1.0,1.0,1.0,2.0,1.0,1.0,1.0,1.0,3.0,4.0,5.0,4.0,2.0,0.0,2.0,0.0,5.0,1,0,5.0,1,7,Alto
2.0,2.0,1.0,2.0,1.0,1.0,1.0,2.0,3.0,1.0,4.0,5.0,1.0,4.0,4.0,1.0,3.0,1.0,4.0,4.0,2.0,0.0,2.0,0.0,1.0,0,0,1.0,0,3,Bajo
1.0,2.0,3.0,1.0,1.0,3.0,3.0,1.0,1.0,1.0,1.0,1.0,1.0,3.0,2.0,1.0,1.0,4.0,4.0,4.0,2.0,0.0,2.0,0.0,2.0,0,0,1.3333334,1,10,Alto
2.0,3.0,1.0,2.0,1.0,2.0,1.0,2.0,3.0,1.0,3.0,5.0,1.0,2.0,2.0,1.0,4.0,1.0,2.0,2.0,1.0,4.0,2.0,0.0,1.0,0,0,1.0,0,4,Medio
1.0,7.0,1.0,1.0,1.0,2.0,4.0,1.0,1.0,1.0,1.0,2.0,1.0,3.0,3.0,1.0,1.0,1.0,6.0,5.0,2.0,0.0,2.0,0.0,2.0,0,0,2.0,1,7,Alto
1.0,9.0,1.0,1.0,1.0,1.0,4.0,1.0,1.0,1.0,1.0,2.0,1.0,6.0,4.0,1.0,1.0,1.0,6.0,6.0,2.0,0.0,2.0,0.0,1.5,0,0,1.0,1,9,Alto
1.0,6.0,1.0,1.0,1.0,3.0,4.0,1.0,1.0,1.0,8.0,2.0,2.0,1.0,1.0,1.0,1.0,4.0,1.0,1.0,2.0,0.0,2.0,0.0,1.0,0,0,1.0,0,3,Bajo
1.0,7.0,3.0,1.0,1.0,3.0,4.0,1.0,1.0,1.0,2.0,1.0,1.0,4.0,3.0,1.0,1.0,2.0,2.0,2.0,2.0,0.0,2.0,0.0,0.6666667,0,0,0.5,1,9,Alto
1.0,2.0,4.0,1.0,1.0,3.0,5.0,1.0,1.0,1.0,1.0,2.0,1.0,2.0,1.0,2.0,1.0,4.0,2.0,3.0,2.0,0.0,2.0,0.0,2.0,0,0,1.0,1,4,Medio
1.0,3.0,1.0,1.0,2.0,1.0,5.0,1.0,1.0,1.0,2.0,2.0,1.0,2.0,1.0,1.0,3.0,1.0,1.0,1.0,2.0,0.0,2.0,0.0,1.0,0,0,0.5,0,2,Bajo
1.0,3.0,4.0,1.0,1.0,1.0,5.0,8.0,3.0,1.0,1.0,2.0,1.0,1.0,1.0,2.0,1.0,4.0,2.0,5.0,2.0,0.0,2.0,0.0,2.0,0,1,2.0,1,4,Medio
1.0,9.0,1.0,1.0,1.0,2.0,4.0,1.0,1.0,1.0,2.0,2.0,1.0,4.0,3.0,1.0,1.0,1.0,3.0,5.0,2.0,0.0,2.0,0.0,1.0,0,0,0.75,1,9,Alto
2.0,3.0,1.0,2.0,2.0,1.0,1.0,1.0,2.0,1.0,3.0,5.0,1.0,5.0,3.0,1.0,3.0,1.0,2.0,5.0,2.0,0.0,2.0,0.0,0.6666667,0,0,0.4,0,1,Bajo
1.0,2.0,1.0,1.0,1.0,1.0,5.0,2.0,3.0,1.0,1.0,1.0,1.0,2.0,1.0,3.0,0.0,1.0,5.0,4.0,2.0,0.0,2.0,0.0,5.0,1,1,2.5,1,4,Medio
2.0,5.0,1.0,2.0,2.0,1.0,1.0,1.0,2.0,5.0,3.0,5.0,2.0,1.0,1.0,3.0,0.0,1.0,1.0,1.0,2.0,0.0,2.0,0.0,1.0,0,1,1.0,0,1,Bajo
1.0,6.0,1.0,1.0,1.0,3.0,4.0,1.0,1.0,1.0,2.0,2.0,2.0,1.0,1.0,1.0,1.0,4.0,4.0,4.0,2.0,0.0,2.0,0.0,4.0,1,0,4.0,1,6,Medio
1.0,7.0,1.0,1.0,1.0,2.0,4.0,1.0,1.0,1.0,2.0,2.0,1.0,3.0,3.0,1.0,1.0,1.0,3.0,5.0,2.0,0.0,1.0,1.0,1.0,0,0,1.0,1,9,Alto
2.0,2.0,1.0,2.0,1.0,1.0,5.0,1.0,1.0,1.0,1.0,5.0,1.0,4.0,3.0,3.0,0.0,1.0,2.0,2.0,1.0,1.0,2.0,0.0,0.6666667,0,1,0.5,1,6,Medio
2.0,1.0,1.0,2.0,1.0,2.0,1.0,1.0,2.0,1.0,3.0,5.0,1.0,2.0,2.0,3.0,0.0,1.0,4.0,4.0,2.0,0.0,2.0,0.0,2.0,0,1,2.0,1,2,Bajo
2.0,3.0,1.0,1.0,1.0,2.0,5.0,2.0,3.0,1.0,1.0,5.0,1.0,3.0,3.0,1.0,3.0,1.0,1.0,1.0,2.0,0.0,1.0,1.0,0.33333334,0,0,0.33333334,1,7,Alto
2.0,4.0,1.0,2.0,2.0,1.0,1.0,5.0,2.0,5.0,3.0,5.0,2.0,1.0,0.0,3.0,0.0,1.0,4.0,4.0,2.0,0.0,2.0,0.0,4.0,1,1,4.0,1,2,Bajo
2.0,2.0,4.0,1.0,1.0,1.0,5.0,1.0,2.0,1.0,3.0,1.0,1.0,2.0,2.0,2.0,2.0,1.0,1.0,1.0,2.0,0.0,2.0,0.0,0.5,0,0,0.5,0,5,Medio
1.0,2.0,1.0,1.0,1.0,1.0,5.0,1.0,1.0,1.0,2.0,3.0,1.0,3.0,1.0,1.0,1.0,1.0,2.0,3.0,2.0,0.0,2.0,0.0,2.0,0,0,0.6666667,1,4,Medio
2.0,3.0,1.0,2.0,2.0,1.0,1.0,6.0,2.0,4.0,3.0,5.0,1.0,2.0,1.0,3.0,0.0,1.0,1.0,1.0,2.0,0.0,2.0,0.0,1.0,0,1,0.5,1,2,Bajo
1.0,8.0,1.0,1.0,1.0,1.0,5.0,2.0,3.0,1.0,1.0,2.0,1.0,2.0,2.0,1.0,1.0,1.0,4.0,5.0,2.0,0.0,2.0,0.0,2.0,0,0,2.0,1,7,Alto
1.0,5.0,1.0,1.0,1.0,3.0,1.0,2.0,3.0,1.0,2.0,2.0,1.0,1.0,1.0,2.0,1.0,1.0,4.0,5.0,2.0,0.0,2.0,0.0,4.0,1,0,4.0,1,2,Bajo
1.0,3.0,1.0,1.0,1.0,3.0,4.0,1.0,1.0,1.0,2.0,2.0,1.0,2.0,2.0,1.0,3.0,1.0,3.0,5.0,2.0,0.0,2.0,0.0,1.5,0,0,1.5,1,6,Medio
1.0,7.0,3.0,1.0,1.0,3.0,4.0,1.0,1.0,1.0,2.0,2.0,1.0,2.0,2.0,1.0,1.0,5.0,4.0,4.0,2.0,0.0,2.0,0.0,2.0,0,0,2.0,1,11,Alto
1.0,7.0,1.0,1.0,1.0,2.0,5.0,1.0,1.0,1.0,1.0,5.0,1.0,1.0,1.0,1.0,3.0,1.0,1.0,1.0,2.0,0.0,1.0,1.0,1.0,0,0,1.0,1,3,Bajo
2.0,6.0,1.0,1.0,2.0,1.0,4.0,1.0,1.0,1.0,3.0,5.0,1.0,2.0,2.0,1.0,3.0,1.0,3.0,4.0,2.0,0.0,2.0,0.0,1.5,0,0,1.5,1,8,Alto
1.0,8.0,1.0,1.0,1.0,2.0,4.0,8.0,1.0,1.0,1.0,2.0,1.0,2.0,1.0,1.0,1.0,5.0,2.0,3.0,2.0,0.0,2.0,0.0,2.0,0,1,1.0,1,9,Alto
2.0,2.0,4.0,1.0,1.0,1.0,5.0,2.0,3.0,1.0,1.0,5.0,1.0,2.0,2.0,2.0,1.0,1.0,1.0,1.0,2.0,0.0,2.0,0.0,0.5,0,0,0.5,1,4,Medio
2.0,5.0,1.0,2.0,2.0,4.0,1.0,5.0,3.0,5.0,3.0,5.0,1.0,2.0,1.0,3.0,0.0,1.0,5.0,3.0,2.0,0.0,2.0,0.0,5.0,1,1,2.5,0,0,Bajo
2.0,3.0,1.0,5.0,2.0,1.0,1.0,5.0,3.0,5.0,3.0,5.0,2.0,1.0,1.0,3.0,0.0,1.0,2.0,3.0,2.0,0.0,2.0,0.0,2.0,0,1,2.0,1,3,Bajo
1.0,4.0,1.0,2.0,1.0,1.0,3.0,1.0,1.0,1.0,2.0,2.0,1.0,2.0,1.0,1.0,1.0,7.0,3.0,4.0,2.0,0.0,2.0,0.0,3.0,0,0,1.5,1,6,Medio
1.0,6.0,3.0,1.0,1.0,1.0,4.0,1.0,1.0,1.0,1.0,2.0,1.0,1.0,1.0,1.0,1.0,4.0,1.0,1.0,2.0,0.0,2.0,0.0,1.0,0,0,1.0,0,5,Medio
2.0,7.0,1.0,5.0,2.0,1.0,4.0,4.0,2.0,2.0,1.0,5.0,2.0,2.0,1.0,1.0,3.0,1.0,4.0,4.0,2.0,0.0,2.0,0.0,4.0,1,0,2.0,0,0,Bajo
1.0,7.0,1.0,1.0,1.0,2.0,6.0,1.0,1.0,1.0,2.0,2.0,1.0,6.0,3.0,1.0,1.0,1.0,4.0,3.0,2.0,0.0,2.0,0.0,1.3333334,0,0,0.6666667,1,9,Alto
1.0,1.0,1.0,2.0,1.0,2.0,5.0,1.0,1.0,1.0,2.0,2.0,1.0,1.0,1.0,1.0,1.0,7.0,1.0,1.0,2.0,0.0,2.0,0.0,1.0,0,0,1.0,1,3,Bajo
2.0,2.0,1.0,2.0,1.0,1.0,1.0,5.0,3.0,1.0,3.0,5.0,2.0,2.0,1.0,3.0,0.0,1.0,3.0,4.0,2.0,0.0,2.0,0.0,3.0,0,1,1.5,0,1,Bajo
2.0,4.0,1.0,1.0,2.0,1.0,1.0,1.0,2.0,5.0,3.0,4.0,1.0,3.0,2.0,3.0,0.0,3.0,2.0,3.0,2.0,0.0,2.0,0.0,1.0,0,1,0.6666667,1,2,Bajo
2.0,2.0,1.0,2.0,1.0,4.0,1.0,1.0,2.0,5.0,3.0,6.0,1.0,1.0,1.0,3.0,0.0,1.0,2.0,5.0,2.0,0.0,2.0,0.0,2.0,0,1,2.0,0,1,Bajo
1.0,7.0,1.0,1.0,1.0,2.0,5.0,1.0,1.0,1.0,2.0,2.0,1.0,4.0,3.0,1.0,4.0,1.0,4.0,4.0,2.0,0.0,2.0,0.0,1.3333334,0,0,1.0,1,9,Alto
1.0,7.0,1.0,1.0,1.0,3.0,6.0,1.0,1.0,1.0,2.0,2.0,1.0,3.0,3.0,1.0,1.0,2.0,4.0,4.0,2.0,0.0,2.0,0.0,1.3333334,0,0,1.3333334,1,12,Alto
2.0,2.0,1.0,1.0,1.0,1.0,5.0,1.0,2.0,1.0,1.0,5.0,1.0,2.0,1.0,1.0,3.0,1.0,4.0,4.0,2.0,0.0,2.0,0.0,4.0,1,0,2.0,1,4,Medio
2.0,2.0,1.0,2.0,1.0,4.0,1.0,5.0,3.0,1.0,3.0,6.0,1.0,1.0,1.0,3.0,0.0,1.0,3.0,4.0,2.0,0.0,2.0,0.0,3.0,0,1,3.0,0,3,Bajo
2.0,2.0,1.0,2.0,2.0,1.0,5.0,4.0,3.0,1.0,1.0,5.0,1.0,1.0,1.0,3.0,0.0,1.0,2.0,2.0,2.0,0.0,2.0,0.0,2.0,0,1,2.0,1,3,Bajo
2.0,4.0,1.0,2.0,1.0,1.0,5.0,1.0,1.0,1.0,1.0,6.0,1.0,6.0,2.0,1.0,1.0,1.0,4.0,4.0,2.0,0.0,2.0,0.0,2.0,0,0,0.6666667,1,6,Medio
1.0,2.0,1.0,1.0,1.0,1.0,5.0,1.0,1.0,1.0,2.0,2.0,1.0,3.0,2.0,1.0,1.0,3.0,2.0,5.0,2.0,0.0,2.0,0.0,1.0,0,0,0.6666667,1,6,Medio
1.0,7.0,1.0,1.0,1.0,2.0,5.0,1.0,1.0,1.0,1.0,2.0,1.0,3.0,2.0,2.0,2.0,1.0,5.0,4.0,2.0,0.0,2.0,0.0,2.5,0,0,1.6666666,1,8,Alto
1.0,3.0,1.0,1.0,1.0,1.0,4.0,1.0,1.0,1.0,1.0,5.0,1.0,2.0,2.0,1.0,1.0,1.0,6.0,4.0,2.0,0.0,2.0,0.0,3.0,0,0,3.0,1,4,Medio
1.0,7.0,1.0,1.0,1.0,2.0,4.0,2.0,3.0,1.0,2.0,2.0,1.0,3.0,3.0,1.0,2.0,1.0,5.0,6.0,1.0,1.0,2.0,0.0,1.6666666,0,0,1.6666666,1,7,Alto
2.0,2.0,1.0,2.0,1.0,1.0,1.0,1.0,2.0,1.0,1.0,3.0,1.0,2.0,2.0,1.0,3.0,1.0,1.0,1.0,2.0,0.0,2.0,0.0,0.5,0,0,0.5,0,2,Bajo
1.0,5.0,1.0,1.0,1.0,1.0,4.0,1.0,1.0,1.0,1.0,2.0,1.0,3.0,2.0,1.0,1.0,5.0,4.0,3.0,2.0,0.0,2.0,0.0,2.0,0,0,1.3333334,1,6,Medio
1.0,1.0,1.0,1.0,1.0,2.0,4.0,1.0,1.0,1.0,2.0,1.0,1.0,3.0,3.0,1.0,1.0,1.0,3.0,3.0,2.0,0.0,2.0,0.0,1.0,0,0,1.0,1,11,Alto
2.0,2.0,1.0,1.0,1.0,1.0,5.0,5.0,3.0,1.0,1.0,5.0,1.0,2.0,1.0,3.0,0.0,1.0,2.0,3.0,2.0,0.0,2.0,0.0,2.0,0,1,1.0,0,3,Bajo
2.0,2.0,1.0,1.0,1.0,1.0,5.0,1.0,1.0,1.0,1.0,5.0,1.0,6.0,2.0,1.0,3.0,1.0,3.0,4.0,1.0,2.0,2.0,0.0,1.5,0,0,0.5,1,5,Medio
2.0,2.0,1.0,2.0,1.0,1.0,5.0,2.0,3.0,1.0,1.0,4.0,1.0,3.0,1.0,1.0,3.0,1.0,2.0,2.0,1.0,1.0,2.0,0.0,2.0,0,0,0.6666667,0,4,Medio
1.0,2.0,1.0,1.0,2.0,1.0,4.0,1.0,1.0,1.0,1.0,1.0,1.0,3.0,3.0,1.0,1.0,2.0,5.0,4.0,2.0,0.0,2.0,0.0,1.6666666,0,0,1.6666666,1,5,Medio
1.0,3.0,3.0,1.0,1.0,3.0,4.0,1.0,1.0,1.0,2.0,1.0,1.0,4.0,3.0,1.0,1.0,4.0,4.0,5.0,2.0,0.0,2.0,0.0,1.3333334,0,0,1.0,1,9,Alto
2.0,3.0,1.0,4.0,2.0,4.0,1.0,5.0,3.0,5.0,3.0,5.0,1.0,1.0,1.0,3.0,0.0,1.0,1.0,1.0,2.0,0.0,2.0,0.0,1.0,0,1,1.0,0,1,Bajo
1.0,2.0,3.0,2.0,1.0,1.0,3.0,1.0,1.0,1.0,1.0,2.0,1.0,4.0,4.0,1.0,1.0,4.0,8.0,5.0,2.0,0.0,2.0,0.0,2.0,0,0,2.0,1,6,Medio
1.0,7.0,1.0,1.0,1.0,2.0,4.0,1.0,1.0,1.0,2.0,1.0,1.0,3.0,3.0,1.0,1.0,4.0,5.0,5.0,2.0,0.0,2.0,0.0,1.6666666,0,0,1.6666666,1,9,Alto
1.0,7.0,1.0,1.0,1.0,1.0,4.0,1.0,1.0,1.0,2.0,2.0,1.0,2.0,2.0,1.0,1.0,1.0,3.0,4.0,2.0,0.0,2.0,0.0,1.5,0,0,1.5,0,5,Medio
1.0,7.0,4.0,1.0,1.0,2.0,5.0,1.0,2.0,1.0,1.0,2.0,1.0,2.0,1.0,2.0,3.0,3.0,4.0,4.0,2.0,0.0,2.0,0.0,4.0,1,0,2.0,1,4,Medio
2.0,4.0,1.0,2.0,1.0,1.0,5.0,5.0,3.0,1.0,3.0,5.0,1.0,4.0,2.0,1.0,3.0,8.0,6.0,5.0,2.0,0.0,2.0,0.0,3.0,0,1,1.5,1,3,Bajo
1.0,7.0,1.0,1.0,1.0,1.0,4.0,1.0,1.0,1.0,1.0,2.0,1.0,3.0,2.0,2.0,1.0,1.0,2.0,2.0,1.0,1.0,2.0,0.0,1.0,0,0,0.6666667,1,7,Alto
2.0,2.0,1.0,2.0,1.0,1.0,1.0,2.0,3.0,1.0,3.0,6.0,1.0,3.0,2.0,3.0,0.0,1.0,4.0,4.0,2.0,0.0,2.0,0.0,2.0,0,1,1.3333334,0,1,Bajo
2.0,2.0,1.0,1.0,2.0,1.0,5.0,1.0,1.0,5.0,1.0,5.0,1.0,1.0,1.0,2.0,1.0,1.0,3.0,4.0,2.0,0.0,2.0,0.0,3.0,0,1,3.0,1,5,Medio
1.0,2.0,1.0,1.0,2.0,3.0,5.0,1.0,1.0,5.0,1.0,2.0,2.0,2.0,1.0,3.0,0.0,1.0,1.0,1.0,2.0,0.0,2.0,0.0,1.0,0,1,0.5,1,3,Bajo
1.0,2.0,1.0,1.0,1.0,3.0,5.0,1.0,1.0,1.0,1.0,2.0,1.0,4.0,2.0,1.0,2.0,1.0,6.0,5.0,2.0,0.0,1.0,1.0,3.0,0,0,1.5,1,7,Alto
1.0,7.0,1.0,1.0,1.0,2.0,5.0,1.0,1.0,1.0,2.0,2.0,1.0,2.0,2.0,1.0,1.0,1.0,5.0,5.0,2.0,0.0,2.0,0.0,2.5,0,0,2.5,1,7,Alto
1.0,3.0,1.0,1.0,1.0,1.0,4.0,1.0,1.0,1.0,2.0,2.0,1.0,3.0,3.0,1.0,1.0,1.0,4.0,5.0,1.0,1.0,2.0,0.0,1.3333334,0,0,1.3333334,1,11,Alto
1.0,3.0,1.0,2.0,1.0,2.0,1.0,1.0,1.0,1.0,2.0,2.0,1.0,4.0,3.0,1.0,1.0,2.0,2.0,2.0,1.0,2.0,2.0,0.0,0.6666667,0,0,0.5,1,7,Alto
1.0,5.0,1.0,2.0,1.0,1.0,2.0,1.0,2.0,1.0,1.0,2.0,1.0,1.0,1.0,2.0,1.0,1.0,2.0,2.0,2.0,0.0,2.0,0.0,2.0,0,0,2.0,1,5,Medio
2.0,3.0,1.0,5.0,2.0,1.0,1.0,1.0,2.0,1.0,1.0,5.0,2.0,1.0,1.0,1.0,3.0,1.0,1.0,1.0,2.0,0.0,2.0,0.0,1.0,0,0,1.0,0,2,Bajo
1.0,7.0,4.0,1.0,1.0,2.0,5.0,1.0,2.0,1.0,1.0,2.0,2.0,1.0,1.0,2.0,1.0,4.0,3.0,4.0,2.0,0.0,2.0,0.0,3.0,0,0,3.0,0,2,Bajo
1.0,3.0,1.0,1.0,1.0,1.0,4.0,1.0,1.0,1.0,2.0,2.0,1.0,7.0,3.0,1.0,1.0,1.0,3.0,5.0,2.0,0.0,2.0,0.0,1.0,0,0,0.42857143,1,7,Alto
2.0,2.0,1.0,2.0,1.0,1.0,1.0,9.0,3.0,1.0,4.0,6.0,1.0,1.0,1.0,1.0,6.0,1.0,1.0,1.0,1.0,1.0,2.0,0.0,1.0,0,1,1.0,0,3,Bajo
1.0,3.0,1.0,1.0,1.0,2.0,4.0,1.0,1.0,1.0,1.0,2.0,1.0,4.0,2.0,1.0,1.0,4.0,6.0,5.0,2.0,0.0,2.0,0.0,3.0,0,0,1.5,1,7,Alto
1.0,1.0,1.0,1.0,1.0,2.0,4.0,1.0,1.0,1.0,2.0,1.0,1.0,2.0,1.0,1.0,1.0,8.0,2.0,3.0,1.0,1.0,2.0,0.0,2.0,0,0,1.0,1,6,Medio
1.0,2.0,1.0,2.0,1.0,1.0,2.0,1.0,1.0,1.0,1.0,1.0,1.0,2.0,2.0,1.0,1.0,1.0,3.0,3.0,1.0,2.0,2.0,0.0,1.5,0,0,1.5,1,6,Medio
2.0,7.0,1.0,2.0,1.0,1.0,1.0,4.0,2.0,3.0,3.0,5.0,2.0,4.0,2.0,1.0,3.0,1.0,3.0,4.0,2.0,0.0,2.0,0.0,1.5,0,0,0.75,1,4,Medio
1.0,7.0,1.0,1.0,1.0,4.0,1.0,1.0,2.0,1.0,2.0,2.0,1.0,2.0,1.0,2.0,1.0,1.0,2.0,3.0,2.0,0.0,1.0,1.0,2.0,0,0,1.0,1,5,Medio
1.0,3.0,1.0,1.0,1.0,2.0,5.0,1.0,1.0,1.0,1.0,2.0,1.0,2.0,2.0,1.0,1.0,4.0,3.0,4.0,2.0,0.0,2.0,0.0,1.5,0,0,1.5,1,5,Medio
1.0,2.0,1.0,1.0,1.0,1.0,5.0,1.0,2.0,1.0,2.0,2.0,1.0,5.0,5.0,1.0,1.0,1.0,4.0,5.0,1.0,8.0,2.0,0.0,0.8,0,0,0.8,1,4,Medio
2.0,3.0,1.0,2.0,1.0,1.0,1.0,1.0,2.0,1.0,3.0,5.0,1.0,5.0,2.0,3.0,0.0,1.0,6.0,4.0,2.0,0.0,2.0,0.0,3.0,0,1,1.2,1,3,Bajo
1.0,2.0,1.0,1.0,1.0,1.0,3.0,1.0,1.0,1.0,1.0,1.0,1.0,1.0,1.0,1.0,1.0,4.0,2.0,5.0,2.0,0.0,2.0,0.0,2.0,0,0,2.0,1,5,Medio
1.0,3.0,1.0,1.0,1.0,1.0,5.0,4.0,1.0,1.0,1.0,1.0,2.0,1.0,0.0,3.0,0.0,3.0,3.0,4.0,2.0,0.0,2.0,0.0,3.0,0,1,3.0,0,3,Bajo
1.0,5.0,1.0,1.0,1.0,1.0,5.0,1.0,1.0,1.0,2.0,2.0,1.0,8.0,6.0,1.0,1.0,1.0,2.0,5.0,2.0,0.0,2.0,0.0,0.33333334,0,0,0.25,0,3,Bajo
1.0,2.0,1.0,1.0,1.0,1.0,5.0,3.0,3.0,1.0,1.0,1.0,1.0,2.0,2.0,1.0,5.0,1.0,4.0,4.0,2.0,0.0,2.0,0.0,2.0,0,0,2.0,1,7,Alto
1.0,7.0,4.0,1.0,1.0,2.0,4.0,1.0,2.0,1.0,1.0,2.0,2.0,1.0,1.0,2.0,2.0,4.0,1.0,1.0,2.0,0.0,2.0,0.0,1.0,0,0,1.0,1,5,Medio
2.0,2.0,1.0,2.0,2.0,1.0,1.0,5.0,3.0,5.0,1.0,5.0,1.0,1.0,1.0,3.0,0.0,1.0,2.0,3.0,2.0,0.0,2.0,0.0,2.0,0,1,2.0,1,3,Bajo
1.0,8.0,1.0,1.0,1.0,1.0,4.0,1.0,1.0,1.0,1.0,2.0,2.0,2.0,2.0,1.0,2.0,1.0,11.0,5.0,2.0,0.0,2.0,0.0,5.5,1,0,5.5,1,3,Bajo
1.0,7.0,1.0,1.0,1.0,1.0,5.0,1.0,1.0,1.0,1.0,2.0,1.0,2.0,2.0,1.0,1.0,4.0,2.0,3.0,1.0,1.0,2.0,0.0,1.0,0,0,1.0,1,5,Medio
1.0,8.0,1.0,1.0,1.0,2.0,4.0,1.0,1.0,1.0,1.0,2.0,1.0,2.0,2.0,1.0,3.0,1.0,4.0,5.0,2.0,0.0,1.0,1.0,2.0,0,0,2.0,0,4,Medio
2.0,7.0,1.0,5.0,2.0,1.0,1.0,8.0,3.0,5.0,3.0,6.0,1.0,1.0,0.0,3.0,0.0,1.0,3.0,3.0,2.0,0.0,2.0,0.0,3.0,0,1,3.0,0,2,Bajo
1.0,2.0,1.0,1.0,1.0,1.0,3.0,1.0,1.0,1.0,2.0,1.0,1.0,3.0,2.0,1.0,1.0,3.0,4.0,4.0,2.0,0.0,2.0,0.0,2.0,0,0,1.3333334,1,8,Alto
2.0,7.0,1.0,1.0,1.0,2.0,6.0,1.0,1.0,1.0,1.0,5.0,1.0,4.0,2.0,1.0,3.0,1.0,3.0,5.0,2.0,0.0,2.0,0.0,1.5,0,0,0.75,0,2,Bajo
1.0,3.0,4.0,2.0,1.0,1.0,5.0,1.0,1.0,1.0,1.0,2.0,1.0,2.0,2.0,3.0,0.0,1.0,2.0,5.0,2.0,0.0,2.0,0.0,1.0,0,1,1.0,0,2,Bajo
2.0,2.0,1.0,1.0,1.0,1.0,5.0,1.0,1.0,1.0,3.0,5.0,1.0,2.0,1.0,1.0,1.0,1.0,1.0,1.0,2.0,0.0,2.0,0.0,1.0,0,0,0.5,0,5,Medio
2.0,3.0,1.0,4.0,2.0,4.0,1.0,9.0,3.0,5.0,3.0,5.0,1.0,2.0,2.0,3.0,0.0,1.0,1.0,1.0,2.0,0.0,2.0,0.0,0.5,0,1,0.5,0,1,Bajo
2.0,2.0,1.0,1.0,1.0,1.0,5.0,1.0,1.0,1.0,1.0,3.0,1.0,8.0,3.0,1.0,3.0,1.0,3.0,5.0,2.0,0.0,2.0,0.0,1.0,0,0,0.375,1,6,Medio
1.0,7.0,1.0,1.0,1.0,2.0,4.0,1.0,1.0,1.0,1.0,2.0,1.0,4.0,4.0,2.0,2.0,4.0,2.0,2.0,2.0,0.0,2.0,0.0,0.5,0,0,0.5,1,9,Alto
2.0,5.0,1.0,2.0,1.0,4.0,1.0,2.0,3.0,1.0,3.0,6.0,1.0,5.0,2.0,1.0,3.0,1.0,7.0,5.0,1.0,5.0,2.0,0.0,3.5,1,0,1.4,1,6,Medio
1.0,9.0,1.0,1.0,1.0,1.0,5.0,1.0,1.0,1.0,1.0,2.0,1.0,4.0,2.0,1.0,1.0,1.0,2.0,5.0,2.0,0.0,2.0,0.0,1.0,0,0,0.5,1,7,Alto
1.0,7.0,1.0,1.0,1.0,2.0,4.0,1.0,1.0,1.0,1.0,2.0,1.0,2.0,2.0,1.0,1.0,2.0,4.0,4.0,2.0,0.0,2.0,0.0,2.0,0,0,2.0,1,8,Alto
1.0,6.0,1.0,1.0,1.0,1.0,4.0,1.0,1.0,1.0,2.0,2.0,1.0,2.0,2.0,1.0,1.0,1.0,4.0,5.0,2.0,0.0,2.0,0.0,2.0,0,0,2.0,1,8,Alto
1.0,7.0,1.0,1.0,1.0,2.0,4.0,1.0,1.0,1.0,1.0,2.0,1.0,2.0,1.0,1.0,3.0,1.0,3.0,4.0,2.0,0.0,2.0,0.0,3.0,0,0,1.5,1,8,Alto
1.0,7.0,4.0,1.0,1.0,2.0,4.0,1.0,1.0,1.0,1.0,2.0,1.0,2.0,1.0,2.0,2.0,7.0,6.0,4.0,2.0,0.0,2.0,0.0,6.0,1,0,3.0,1,5,Medio
1.0,3.0,1.0,1.0,1.0,2.0,4.0,4.0,1.0,1.0,2.0,2.0,1.0,4.0,4.0,1.0,1.0,2.0,6.0,5.0,2.0,0.0,2.0,0.0,1.5,0,0,1.5,1,10,Alto
2.0,7.0,1.0,1.0,2.0,2.0,7.0,2.0,3.0,1.0,3.0,5.0,1.0,1.0,1.0,1.0,2.0,8.0,1.0,1.0,2.0,0.0,2.0,0.0,1.0,0,0,1.0,1,3,Bajo
1.0,2.0,1.0,2.0,1.0,1.0,3.0,1.0,2.0,1.0,1.0,1.0,1.0,3.0,3.0,1.0,1.0,1.0,3.0,4.0,2.0,0.0,2.0,0.0,1.0,0,0,1.0,1,6,Medio
1.0,3.0,3.0,1.0,2.0,3.0,4.0,1.0,1.0,1.0,8.0,2.0,1.0,1.0,1.0,1.0,1.0,4.0,1.0,1.0,1.0,3.0,2.0,0.0,1.0,0,0,1.0,1,7,Alto
2.0,2.0,1.0,2.0,1.0,1.0,1.0,1.0,2.0,1.0,1.0,1.0,2.0,1.0,1.0,1.0,3.0,1.0,1.0,1.0,2.0,0.0,2.0,0.0,1.0,0,0,1.0,0,3,Bajo
1.0,2.0,3.0,1.0,2.0,3.0,5.0,1.0,1.0,1.0,1.0,3.0,1.0,1.0,1.0,1.0,2.0,2.0,3.0,5.0,2.0,0.0,2.0,0.0,3.0,0,0,3.0,0,4,Medio
1.0,7.0,4.0,1.0,1.0,2.0,5.0,1.0,2.0,1.0,1.0,2.0,1.0,1.0,1.0,2.0,3.0,1.0,2.0,2.0,2.0,0.0,2.0,0.0,2.0,0,0,2.0,0,4,Medio
2.0,7.0,1.0,1.0,1.0,2.0,5.0,1.0,1.0,1.0,1.0,5.0,1.0,1.0,1.0,1.0,2.0,1.0,2.0,2.0,2.0,0.0,2.0,0.0,2.0,0,0,2.0,1,6,Medio
1.0,7.0,1.0,1.0,1.0,2.0,4.0,1.0,1.0,1.0,1.0,2.0,1.0,1.0,1.0,2.0,3.0,3.0,3.0,5.0,2.0,0.0,1.0,1.0,3.0,0,0,3.0,1,6,Medio
2.0,4.0,1.0,1.0,1.0,1.0,5.0,1.0,2.0,1.0,1.0,6.0,1.0,2.0,1.0,1.0,6.0,1.0,6.0,5.0,2.0,0.0,2.0,0.0,6.0,1,0,3.0,1,5,Medio
2.0,3.0,1.0,2.0,1.0,1.0,1.0,6.0,1.0,1.0,3.0,5.0,1.0,2.0,2.0,1.0,3.0,1.0,6.0,5.0,1.0,2.0,2.0,0.0,3.0,0,1,3.0,1,4,Medio
1.0,7.0,1.0,1.0,1.0,2.0,4.0,1.0,1.0,1.0,1.0,2.0,1.0,4.0,4.0,1.0,2.0,2.0,6.0,5.0,2.0,0.0,2.0,0.0,1.5,0,0,1.5,0,5,Medio
2.0,2.0,1.0,1.0,1.0,1.0,5.0,4.0,1.0,1.0,1.0,2.0,1.0,5.0,4.0,1.0,3.0,1.0,6.0,5.0,2.0,0.0,2.0,0.0,1.5,0,0,1.2,0,6,Medio
2.0,2.0,1.0,2.0,1.0,1.0,1.0,1.0,2.0,1.0,1.0,5.0,1.0,5.0,4.0,2.0,3.0,1.0,1.0,1.0,2.0,0.0,2.0,0.0,0.25,0,0,0.2,0,1,Bajo
1.0,7.0,3.0,1.0,1.0,2.0,4.0,1.0,1.0,1.0,2.0,2.0,1.0,3.0,1.0,1.0,1.0,4.0,1.0,1.0,2.0,0.0,2.0,0.0,1.0,0,0,0.33333334,1,6,Medio
2.0,2.0,1.0,2.0,2.0,2.0,1.0,1.0,1.0,5.0,3.0,5.0,1.0,4.0,1.0,3.0,0.0,1.0,1.0,1.0,2.0,0.0,2.0,0.0,1.0,0,1,0.25,0,0,Bajo
1.0,7.0,1.0,1.0,1.0,3.0,5.0,1.0,1.0,1.0,1.0,1.0,1.0,3.0,3.0,1.0,1.0,1.0,5.0,4.0,2.0,0.0,2.0,0.0,1.6666666,0,0,1.6666666,1,9,Alto
2.0,2.0,1.0,2.0,2.0,1.0,1.0,1.0,1.0,5.0,3.0,6.0,2.0,4.0,2.0,3.0,0.0,1.0,2.0,5.0,2.0,0.0,2.0,0.0,1.0,0,1,0.5,0,1,Bajo
1.0,3.0,1.0,1.0,2.0,1.0,5.0,1.0,2.0,1.0,1.0,2.0,1.0,6.0,4.0,1.0,3.0,1.0,4.0,4.0,2.0,0.0,1.0,1.0,1.0,0,0,0.6666667,1,2,Bajo
1.0,7.0,6.0,1.0,1.0,1.0,4.0,1.0,2.0,1.0,2.0,2.0,2.0,1.0,0.0,2.0,1.0,1.0,1.0,1.0,2.0,0.0,2.0,0.0,1.0,0,0,1.0,1,8,Alto
1.0,7.0,1.0,1.0,1.0,2.0,4.0,1.0,1.0,1.0,1.0,2.0,1.0,3.0,3.0,1.0,1.0,1.0,4.0,4.0,2.0,0.0,2.0,0.0,1.3333334,0,0,1.3333334,1,8,Alto
1.0,3.0,1.0,1.0,1.0,1.0,4.0,1.0,1.0,1.0,1.0,2.0,1.0,5.0,2.0,1.0,2.0,1.0,1.0,1.0,2.0,0.0,2.0,0.0,0.5,0,0,0.2,1,7,Alto
2.0,8.0,1.0,5.0,2.0,1.0,1.0,7.0,3.0,5.0,3.0,5.0,2.0,2.0,1.0,3.0,0.0,1.0,1.0,1.0,2.0,0.0,2.0,0.0,1.0,0,1,0.5,0,2,Bajo
1.0,3.0,3.0,1.0,1.0,3.0,4.0,1.0,1.0,1.0,1.0,2.0,1.0,3.0,2.0,1.0,1.0,1.0,3.0,5.0,1.0,1.0,2.0,0.0,1.5,0,0,1.0,1,8,Alto
2.0,2.0,1.0,2.0,1.0,1.0,5.0,4.0,3.0,1.0,3.0,1.0,1.0,4.0,1.0,1.0,3.0,1.0,2.0,6.0,2.0,0.0,2.0,0.0,2.0,0,0,0.5,0,4,Medio
1.0,1.0,1.0,1.0,1.0,1.0,4.0,1.0,1.0,1.0,1.0,2.0,1.0,3.0,2.0,2.0,1.0,3.0,5.0,4.0,2.0,0.0,2.0,0.0,2.5,0,0,1.6666666,1,7,Alto
1.0,7.0,1.0,1.0,1.0,2.0,6.0,1.0,1.0,1.0,2.0,2.0,1.0,4.0,4.0,1.0,1.0,1.0,6.0,5.0,2.0,0.0,2.0,0.0,1.5,0,0,1.5,1,6,Medio
1.0,3.0,1.0,1.0,2.0,2.0,5.0,1.0,2.0,1.0,1.0,2.0,1.0,2.0,2.0,1.0,3.0,4.0,4.0,5.0,2.0,0.0,2.0,0.0,2.0,0,0,2.0,1,3,Bajo
1.0,2.0,1.0,1.0,1.0,1.0,5.0,1.0,1.0,1.0,2.0,2.0,1.0,2.0,1.0,1.0,1.0,1.0,3.0,3.0,2.0,0.0,2.0,0.0,3.0,0,0,1.5,1,6,Medio
1.0,2.0,3.0,1.0,1.0,2.0,5.0,1.0,1.0,1.0,2.0,2.0,1.0,2.0,2.0,1.0,1.0,3.0,5.0,4.0,2.0,0.0,2.0,0.0,2.5,0,0,2.5,1,9,Alto
1.0,2.0,1.0,1.0,1.0,1.0,5.0,1.0,1.0,1.0,2.0,2.0,1.0,2.0,2.0,1.0,1.0,1.0,1.0,1.0,2.0,0.0,2.0,0.0,0.5,0,0,0.5,0,4,Medio
1.0,2.0,1.0,1.0,1.0,1.0,5.0,1.0,1.0,1.0,2.0,1.0,1.0,4.0,4.0,1.0,1.0,1.0,1.0,1.0,2.0,0.0,2.0,0.0,0.25,0,0,0.25,1,11,Alto
2.0,2.0,1.0,1.0,1.0,1.0,5.0,9.0,1.0,1.0,1.0,7.0,1.0,4.0,1.0,2.0,3.0,1.0,1.0,1.0,2.0,0.0,2.0,0.0,1.0,0,1,0.25,0,1,Bajo
2.0,3.0,1.0,5.0,2.0,1.0,1.0,3.0,3.0,5.0,3.0,5.0,1.0,1.0,1.0,1.0,3.0,1.0,1.0,1.0,2.0,0.0,2.0,0.0,1.0,0,1,1.0,1,2,Bajo
2.0,4.0,3.0,1.0,1.0,1.0,4.0,1.0,1.0,1.0,1.0,5.0,1.0,2.0,1.0,1.0,2.0,1.0,2.0,3.0,2.0,0.0,2.0,0.0,2.0,0,0,1.0,1,4,Medio
2.0,7.0,1.0,2.0,1.0,2.0,1.0,5.0,1.0,3.0,3.0,5.0,1.0,3.0,3.0,1.0,3.0,1.0,3.0,3.0,2.0,0.0,1.0,1.0,1.0,0,1,1.0,1,4,Medio
1.0,7.0,4.0,1.0,1.0,1.0,4.0,1.0,1.0,1.0,8.0,2.0,2.0,1.0,1.0,2.0,1.0,4.0,2.0,3.0,2.0,0.0,2.0,0.0,2.0,0,0,2.0,0,1,Bajo
2.0,2.0,1.0,2.0,2.0,4.0,1.0,5.0,3.0,5.0,3.0,5.0,1.0,1.0,1.0,3.0,0.0,1.0,2.0,3.0,2.0,0.0,2.0,0.0,2.0,0,1,2.0,0,1,Bajo
1.0,3.0,1.0,2.0,1.0,1.0,5.0,1.0,1.0,1.0,2.0,2.0,1.0,1.0,1.0,1.0,1.0,1.0,7.0,5.0,2.0,0.0,2.0,0.0,7.0,1,0,7.0,1,4,Medio
1.0,7.0,1.0,1.0,1.0,2.0,4.0,1.0,1.0,1.0,1.0,2.0,1.0,2.0,2.0,1.0,1.0,1.0,4.0,4.0,2.0,0.0,2.0,0.0,2.0,0,0,2.0,1,9,Alto
2.0,7.0,1.0,2.0,2.0,2.0,5.0,1.0,2.0,1.0,3.0,5.0,2.0,1.0,1.0,2.0,3.0,3.0,4.0,5.0,2.0,0.0,2.0,0.0,4.0,1,0,4.0,1,2,Bajo
1.0,4.0,1.0,1.0,2.0,1.0,1.0,1.0,2.0,1.0,2.0,2.0,1.0,2.0,1.0,1.0,1.0,1.0,1.0,1.0,2.0,0.0,2.0,0.0,1.0,0,0,0.5,0,4,Medio
1.0,3.0,1.0,1.0,1.0,1.0,5.0,1.0,1.0,1.0,2.0,2.0,1.0,3.0,2.0,1.0,2.0,1.0,2.0,2.0,2.0,0.0,2.0,0.0,1.0,0,0,0.6666667,0,6,Medio
2.0,5.0,1.0,2.0,1.0,1.0,5.0,2.0,3.0,1.0,3.0,5.0,1.0,2.0,1.0,1.0,3.0,1.0,3.0,3.0,2.0,0.0,2.0,0.0,3.0,0,0,1.5,0,2,Bajo
1.0,5.0,1.0,2.0,1.0,1.0,5.0,1.0,1.0,1.0,2.0,2.0,1.0,5.0,3.0,1.0,1.0,1.0,5.0,4.0,2.0,0.0,2.0,0.0,1.6666666,0,0,1.0,1,10,Alto
1.0,2.0,1.0,1.0,2.0,3.0,5.0,1.0,1.0,1.0,1.0,5.0,1.0,2.0,2.0,1.0,3.0,1.0,3.0,3.0,2.0,0.0,2.0,0.0,1.5,0,0,1.5,0,1,Bajo
1.0,7.0,3.0,1.0,1.0,3.0,4.0,1.0,1.0,1.0,2.0,1.0,1.0,3.0,2.0,1.0,1.0,2.0,4.0,5.0,2.0,0.0,2.0,0.0,2.0,0,0,1.3333334,1,12,Alto
1.0,5.0,1.0,2.0,2.0,1.0,5.0,1.0,1.0,1.0,2.0,1.0,1.0,4.0,3.0,1.0,1.0,1.0,6.0,3.0,2.0,0.0,2.0,0.0,2.0,0,0,1.5,1,5,Medio
1.0,7.0,1.0,1.0,1.0,2.0,5.0,1.0,1.0,1.0,2.0,2.0,2.0,2.0,1.0,1.0,1.0,4.0,2.0,2.0,2.0,0.0,2.0,0.0,2.0,0,0,1.0,1,11,Alto
1.0,7.0,1.0,1.0,1.0,2.0,4.0,1.0,1.0,1.0,1.0,1.0,1.0,2.0,2.0,2.0,2.0,1.0,2.0,3.0,2.0,0.0,1.0,1.0,1.0,0,0,1.0,1,10,Alto
1.0,2.0,1.0,2.0,1.0,1.0,1.0,1.0,1.0,1.0,1.0,5.0,1.0,3.0,1.0,1.0,1.0,1.0,2.0,5.0,2.0,0.0,1.0,1.0,2.0,0,0,0.6666667,0,2,Bajo
1.0,9.0,2.0,5.0,2.0,4.0,2.0,1.0,1.0,1.0,1.0,1.0,1.0,2.0,2.0,1.0,1.0,1.0,5.0,5.0,2.0,0.0,2.0,0.0,2.5,0,0,2.5,0,3,Bajo
1.0,9.0,1.0,5.0,2.0,1.0,5.0,5.0,2.0,1.0,1.0,2.0,2.0,3.0,3.0,1.0,2.0,1.0,7.0,5.0,2.0,0.0,2.0,0.0,2.3333333,0,1,2.3333333,1,6,Medio
1.0,7.0,1.0,1.0,1.0,2.0,5.0,1.0,1.0,1.0,1.0,2.0,1.0,1.0,1.0,1.0,3.0,3.0,2.0,3.0,1.0,3.0,2.0,0.0,2.0,0,0,2.0,1,3,Bajo
2.0,5.0,1.0,2.0,2.0,4.0,1.0,1.0,2.0,1.0,3.0,5.0,1.0,1.0,1.0,3.0,0.0,1.0,2.0,2.0,2.0,0.0,2.0,0.0,2.0,0,1,2.0,0,1,Bajo
1.0,2.0,3.0,1.0,1.0,1.0,3.0,1.0,1.0,1.0,2.0,1.0,1.0,4.0,1.0,1.0,1.0,1.0,1.0,1.0,2.0,0.0,2.0,0.0,1.0,0,0,0.25,1,5,Medio
2.0,4.0,1.0,2.0,1.0,4.0,1.0,7.0,3.0,5.0,3.0,5.0,1.0,1.0,1.0,3.0,0.0,1.0,1.0,1.0,2.0,0.0,2.0,0.0,1.0,0,1,1.0,0,3,Bajo
1.0,2.0,4.0,1.0,1.0,2.0,6.0,1.0,1.0,1.0,8.0,1.0,2.0,3.0,1.0,2.0,1.0,4.0,1.0,1.0,2.0,0.0,2.0,0.0,1.0,0,0,0.33333334,1,6,Medio
1.0,2.0,1.0,1.0,1.0,1.0,5.0,1.0,1.0,1.0,1.0,2.0,1.0,2.0,1.0,1.0,3.0,1.0,1.0,1.0,2.0,0.0,2.0,0.0,1.0,0,0,0.5,1,4,Medio
2.0,1.0,1.0,2.0,1.0,2.0,1.0,7.0,2.0,1.0,3.0,5.0,2.0,4.0,1.0,3.0,0.0,1.0,1.0,1.0,2.0,0.0,1.0,1.0,1.0,0,1,0.25,1,2,Bajo
1.0,7.0,1.0,1.0,1.0,2.0,5.0,1.0,2.0,1.0,1.0,2.0,1.0,1.0,1.0,2.0,2.0,3.0,4.0,3.0,2.0,0.0,1.0,1.0,4.0,1,0,4.0,0,1,Bajo
2.0,2.0,1.0,2.0,1.0,4.0,1.0,3.0,3.0,5.0,1.0,6.0,1.0,1.0,1.0,3.0,0.0,1.0,1.0,1.0,2.0,0.0,2.0,0.0,1.0,0,1,1.0,0,2,Bajo
1.0,7.0,4.0,1.0,1.0,1.0,5.0,1.0,2.0,1.0,1.0,2.0,1.0,1.0,1.0,2.0,1.0,1.0,1.0,1.0,2.0,0.0,2.0,0.0,1.0,0,0,1.0,1,6,Medio
1.0,2.0,5.0,7.0,2.0,5.0,9.0,9.0,3.0,5.0,8.0,5.0,2.0,1.0,0.0,3.0,0.0,1.0,1.0,1.0,1.0,1.0,1.0,1.0,1.0,0,1,1.0,1,1,Bajo
1.0,7.0,1.0,1.0,1.0,2.0,4.0,1.0,1.0,1.0,2.0,1.0,1.0,5.0,3.0,1.0,1.0,2.0,6.0,5.0,2.0,0.0,2.0,0.0,2.0,0,0,1.2,1,12,Alto
1.0,7.0,1.0,1.0,2.0,5.0,7.0,1.0,2.0,1.0,1.0,2.0,2.0,1.0,1.0,1.0,3.0,1.0,3.0,4.0,2.0,0.0,2.0,0.0,3.0,0,0,3.0,1,4,Medio
2.0,2.0,1.0,2.0,2.0,1.0,1.0,5.0,2.0,1.0,1.0,5.0,1.0,2.0,2.0,1.0,3.0,2.0,1.0,1.0,1.0,1.0,2.0,0.0,0.5,0,1,0.5,0,1,Bajo
2.0,7.0,1.0,5.0,2.0,1.0,1.0,4.0,3.0,1.0,1.0,5.0,2.0,1.0,1.0,1.0,4.0,1.0,1.0,1.0,2.0,0.0,2.0,0.0,1.0,0,0,1.0,1,6,Medio
1.0,7.0,1.0,1.0,1.0,2.0,4.0,1.0,1.0,1.0,2.0,1.0,1.0,4.0,4.0,1.0,1.0,1.0,1.0,1.0,2.0,0.0,2.0,0.0,0.25,0,0,0.25,1,10,Alto
2.0,3.0,1.0,2.0,1.0,2.0,5.0,6.0,1.0,1.0,3.0,5.0,1.0,1.0,1.0,1.0,3.0,1.0,1.0,1.0,2.0,0.0,2.0,0.0,1.0,0,1,1.0,1,4,Medio
1.0,7.0,1.0,1.0,1.0,2.0,4.0,1.0,1.0,1.0,2.0,2.0,1.0,5.0,5.0,1.0,1.0,1.0,9.0,5.0,2.0,0.0,2.0,0.0,1.8,0,0,1.8,1,9,Alto
1.0,2.0,1.0,1.0,1.0,3.0,5.0,1.0,2.0,1.0,2.0,2.0,1.0,2.0,1.0,1.0,1.0,2.0,2.0,3.0,2.0,0.0,2.0,0.0,2.0,0,0,1.0,1,7,Alto
1.0,2.0,1.0,2.0,1.0,1.0,3.0,1.0,1.0,1.0,2.0,1.0,1.0,5.0,2.0,1.0,1.0,1.0,1.0,1.0,1.0,1.0,2.0,0.0,0.5,0,0,0.2,1,8,Alto
1.0,3.0,1.0,1.0,1.0,1.0,5.0,8.0,1.0,1.0,2.0,1.0,1.0,1.0,1.0,1.0,3.0,1.0,3.0,6.0,2.0,0.0,2.0,0.0,3.0,0,1,3.0,0,4,Medio
1.0,7.0,1.0,1.0,1.0,3.0,5.0,1.0,1.0,1.0,1.0,2.0,1.0,2.0,2.0,2.0,3.0,3.0,1.0,1.0,2.0,0.0,2.0,0.0,0.5,0,0,0.5,1,3,Bajo
2.0,1.0,1.0,2.0,1.0,4.0,5.0,1.0,2.0,1.0,3.0,6.0,1.0,2.0,2.0,1.0,4.0,1.0,2.0,2.0,1.0,3.0,1.0,1.0,1.0,0,0,1.0,0,3,Bajo
1.0,2.0,3.0,1.0,1.0,3.0,8.0,1.0,1.0,1.0,5.0,1.0,1.0,2.0,1.0,1.0,1.0,2.0,2.0,2.0,2.0,0.0,2.0,0.0,2.0,0,0,1.0,1,8,Alto
1.0,7.0,1.0,1.0,1.0,2.0,5.0,1.0,1.0,1.0,1.0,2.0,2.0,3.0,3.0,1.0,3.0,4.0,6.0,4.0,2.0,0.0,2.0,0.0,2.0,0,0,2.0,1,6,Medio
1.0,2.0,1.0,1.0,1.0,1.0,3.0,1.0,1.0,1.0,2.0,1.0,1.0,8.0,4.0,1.0,1.0,1.0,3.0,5.0,2.0,0.0,2.0,0.0,0.75,0,0,0.375,1,6,Medio
2.0,7.0,1.0,5.0,2.0,1.0,1.0,6.0,3.0,5.0,3.0,5.0,1.0,1.0,1.0,3.0,0.0,1.0,1.0,1.0,2.0,0.0,2.0,0.0,1.0,0,1,1.0,0,3,Bajo
2.0,2.0,1.0,1.0,2.0,1.0,5.0,2.0,3.0,1.0,1.0,5.0,1.0,3.0,3.0,1.0,3.0,1.0,4.0,3.0,2.0,0.0,2.0,0.0,1.3333334,0,0,1.3333334,1,2,Bajo
2.0,3.0,1.0,2.0,1.0,1.0,1.0,1.0,2.0,1.0,3.0,5.0,1.0,3.0,2.0,3.0,0.0,1.0,3.0,4.0,2.0,0.0,2.0,0.0,1.5,0,1,1.0,1,3,Bajo
1.0,2.0,1.0,1.0,2.0,1.0,5.0,1.0,1.0,1.0,2.0,2.0,1.0,4.0,3.0,1.0,1.0,1.0,8.0,5.0,2.0,0.0,1.0,2.0,2.6666667,0,0,2.0,1,10,Alto
1.0,7.0,1.0,1.0,1.0,2.0,4.0,1.0,1.0,1.0,1.0,1.0,1.0,3.0,2.0,1.0,2.0,1.0,5.0,4.0,2.0,0.0,2.0,0.0,2.5,0,0,1.6666666,1,9,Alto
2.0,1.0,1.0,2.0,1.0,4.0,1.0,7.0,3.0,3.0,3.0,3.0,1.0,3.0,2.0,3.0,0.0,1.0,7.0,5.0,2.0,0.0,2.0,0.0,3.5,1,1,2.3333333,0,1,Bajo
1.0,7.0,1.0,1.0,1.0,3.0,4.0,1.0,1.0,1.0,2.0,2.0,1.0,4.0,4.0,1.0,1.0,1.0,4.0,4.0,1.0,2.0,2.0,0.0,1.0,0,0,1.0,1,12,Alto
1.0,3.0,1.0,1.0,1.0,2.0,6.0,1.0,1.0,1.0,2.0,1.0,1.0,2.0,2.0,1.0,1.0,1.0,2.0,3.0,2.0,0.0,1.0,2.0,1.0,0,0,1.0,1,5,Medio
2.0,6.0,1.0,1.0,1.0,2.0,5.0,1.0,1.0,1.0,1.0,5.0,1.0,3.0,2.0,1.0,1.0,1.0,2.0,3.0,2.0,0.0,2.0,0.0,1.0,0,0,0.6666667,1,2,Bajo
2.0,2.0,1.0,1.0,2.0,2.0,5.0,6.0,2.0,1.0,1.0,5.0,1.0,3.0,2.0,1.0,6.0,1.0,2.0,5.0,2.0,0.0,2.0,0.0,1.0,0,1,0.6666667,1,2,Bajo
2.0,2.0,1.0,1.0,2.0,1.0,1.0,1.0,2.0,5.0,8.0,5.0,2.0,1.0,1.0,3.0,0.0,1.0,1.0,1.0,2.0,0.0,2.0,0.0,1.0,0,1,1.0,1,1,Bajo
1.0,7.0,1.0,1.0,1.0,1.0,4.0,1.0,1.0,1.0,2.0,2.0,1.0,3.0,2.0,1.0,1.0,1.0,4.0,4.0,2.0,0.0,2.0,0.0,2.0,0,0,1.3333334,1,9,Alto
2.0,2.0,2.0,6.0,2.0,4.0,1.0,6.0,3.0,5.0,3.0,5.0,2.0,2.0,1.0,3.0,0.0,1.0,4.0,5.0,2.0,0.0,2.0,0.0,4.0,1,1,2.0,0,1,Bajo
1.0,7.0,1.0,1.0,1.0,1.0,4.0,1.0,2.0,1.0,1.0,2.0,1.0,3.0,3.0,1.0,1.0,2.0,4.0,4.0,2.0,0.0,2.0,0.0,1.3333334,0,0,1.3333334,1,5,Medio
1.0,8.0,4.0,1.0,1.0,1.0,4.0,1.0,1.0,1.0,1.0,2.0,1.0,1.0,1.0,2.0,1.0,5.0,4.0,4.0,2.0,0.0,2.0,0.0,4.0,1,0,4.0,1,5,Medio
2.0,8.0,1.0,1.0,2.0,1.0,5.0,4.0,3.0,3.0,3.0,5.0,1.0,2.0,2.0,1.0,3.0,1.0,5.0,5.0,2.0,0.0,2.0,0.0,2.5,0,0,2.5,0,3,Bajo
2.0,2.0,5.0,7.0,2.0,1.0,1.0,6.0,2.0,3.0,1.0,5.0,2.0,1.0,0.0,3.0,0.0,1.0,6.0,3.0,2.0,0.0,2.0,0.0,6.0,1,1,6.0,1,3,Bajo
2.0,5.0,1.0,2.0,2.0,4.0,1.0,1.0,2.0,5.0,3.0,5.0,2.0,1.0,0.0,3.0,0.0,1.0,2.0,3.0,2.0,0.0,2.0,0.0,2.0,0,1,2.0,0,0,Bajo
2.0,7.0,1.0,3.0,2.0,1.0,1.0,1.0,1.0,1.0,3.0,6.0,1.0,3.0,3.0,1.0,3.0,1.0,10.0,5.0,2.0,0.0,2.0,0.0,3.3333333,1,0,3.3333333,1,4,Medio
1.0,3.0,1.0,1.0,1.0,3.0,5.0,1.0,1.0,1.0,1.0,2.0,1.0,3.0,3.0,1.0,1.0,4.0,4.0,4.0,2.0,0.0,2.0,0.0,1.3333334,0,0,1.3333334,1,4,Medio
1.0,7.0,1.0,1.0,1.0,2.0,4.0,1.0,1.0,1.0,2.0,2.0,1.0,4.0,4.0,1.0,1.0,1.0,6.0,5.0,2.0,0.0,2.0,0.0,1.5,0,0,1.5,1,6,Medio
2.0,3.0,1.0,1.0,1.0,3.0,6.0,1.0,1.0,1.0,1.0,5.0,1.0,2.0,2.0,1.0,3.0,1.0,5.0,4.0,2.0,0.0,2.0,0.0,2.5,0,0,2.5,1,7,Alto
1.0,3.0,1.0,1.0,2.0,3.0,5.0,7.0,3.0,1.0,1.0,2.0,1.0,1.0,1.0,2.0,3.0,3.0,3.0,5.0,2.0,0.0,2.0,0.0,3.0,0,1,3.0,1,4,Medio
2.0,2.0,1.0,2.0,1.0,1.0,1.0,7.0,2.0,1.0,3.0,4.0,1.0,1.0,1.0,3.0,0.0,1.0,4.0,5.0,2.0,0.0,2.0,0.0,4.0,1,1,4.0,0,2,Bajo
2.0,3.0,1.0,1.0,1.0,2.0,5.0,1.0,1.0,1.0,1.0,2.0,1.0,4.0,4.0,1.0,1.0,1.0,3.0,5.0,1.0,2.0,2.0,0.0,0.75,0,0,0.75,1,6,Medio
2.0,2.0,1.0,1.0,1.0,1.0,5.0,1.0,2.0,1.0,1.0,5.0,1.0,2.0,2.0,3.0,0.0,1.0,3.0,3.0,2.0,0.0,2.0,0.0,1.5,0,1,1.5,1,6,Medio
1.0,2.0,3.0,1.0,1.0,3.0,3.0,1.0,1.0,1.0,1.0,2.0,1.0,4.0,4.0,1.0,1.0,1.0,7.0,4.0,2.0,0.0,2.0,0.0,1.75,0,0,1.75,1,9,Alto
2.0,8.0,2.0,5.0,2.0,1.0,1.0,4.0,3.0,5.0,3.0,5.0,2.0,1.0,1.0,3.0,0.0,1.0,3.0,5.0,2.0,0.0,2.0,0.0,3.0,0,1,3.0,0,3,Bajo
1.0,2.0,4.0,1.0,1.0,1.0,5.0,1.0,1.0,1.0,2.0,1.0,1.0,4.0,4.0,2.0,1.0,1.0,5.0,6.0,1.0,1.0,2.0,0.0,1.25,0,0,1.25,1,3,Bajo
1.0,7.0,1.0,1.0,2.0,1.0,5.0,1.0,1.0,1.0,1.0,2.0,1.0,1.0,1.0,1.0,1.0,4.0,4.0,4.0,2.0,0.0,2.0,0.0,4.0,1,0,4.0,1,5,Medio
1.0,3.0,1.0,1.0,1.0,2.0,4.0,1.0,1.0,1.0,1.0,2.0,1.0,3.0,2.0,1.0,1.0,1.0,3.0,4.0,2.0,0.0,2.0,0.0,1.5,0,0,1.0,1,8,Alto
1.0,1.0,3.0,1.0,1.0,3.0,4.0,1.0,1.0,1.0,2.0,1.0,1.0,3.0,1.0,1.0,1.0,2.0,3.0,4.0,2.0,0.0,2.0,0.0,3.0,0,0,1.0,1,6,Medio
2.0,9.0,1.0,5.0,2.0,1.0,2.0,3.0,3.0,1.0,1.0,5.0,1.0,2.0,2.0,1.0,4.0,1.0,1.0,1.0,2.0,0.0,2.0,0.0,0.5,0,0,0.5,1,3,Bajo
2.0,3.0,1.0,1.0,1.0,1.0,4.0,3.0,3.0,3.0,1.0,5.0,1.0,3.0,3.0,1.0,3.0,1.0,7.0,4.0,2.0,0.0,2.0,0.0,2.3333333,0,0,2.3333333,0,3,Bajo
1.0,7.0,1.0,1.0,1.0,1.0,5.0,1.0,1.0,1.0,1.0,2.0,2.0,1.0,1.0,1.0,1.0,3.0,5.0,4.0,2.0,0.0,2.0,0.0,5.0,1,0,5.0,0,3,Bajo
2.0,4.0,4.0,2.0,1.0,1.0,1.0,4.0,3.0,5.0,3.0,6.0,2.0,1.0,1.0,3.0,0.0,1.0,5.0,5.0,2.0,0.0,2.0,0.0,5.0,1,1,5.0,0,2,Bajo
2.0,2.0,1.0,2.0,1.0,1.0,1.0,5.0,3.0,1.0,3.0,5.0,1.0,5.0,1.0,1.0,3.0,1.0,7.0,6.0,2.0,0.0,2.0,0.0,7.0,1,1,1.4,0,1,Bajo
2.0,2.0,1.0,1.0,1.0,1.0,5.0,1.0,1.0,1.0,1.0,1.0,1.0,3.0,3.0,1.0,1.0,1.0,3.0,4.0,1.0,1.0,2.0,0.0,1.0,0,0,1.0,1,6,Medio
1.0,7.0,1.0,1.0,1.0,5.0,4.0,1.0,1.0,1.0,2.0,2.0,1.0,3.0,3.0,1.0,2.0,1.0,4.0,5.0,2.0,0.0,1.0,1.0,1.3333334,0,0,1.3333334,0,4,Medio
1.0,7.0,1.0,1.0,1.0,1.0,5.0,1.0,2.0,1.0,1.0,2.0,2.0,2.0,2.0,1.0,1.0,1.0,2.0,3.0,1.0,4.0,2.0,0.0,1.0,0,0,1.0,1,7,Alto
1.0,5.0,1.0,1.0,1.0,1.0,4.0,1.0,1.0,1.0,2.0,2.0,1.0,1.0,1.0,1.0,1.0,4.0,3.0,3.0,2.0,0.0,2.0,0.0,3.0,0,0,3.0,1,2,Bajo
1.0,7.0,1.0,1.0,2.0,2.0,7.0,1.0,2.0,1.0,2.0,2.0,1.0,3.0,3.0,1.0,1.0,1.0,6.0,5.0,2.0,0.0,2.0,0.0,2.0,0,0,2.0,1,5,Medio
1.0,7.0,1.0,1.0,1.0,5.0,5.0,1.0,2.0,1.0,1.0,5.0,1.0,2.0,2.0,1.0,3.0,1.0,4.0,4.0,2.0,0.0,2.0,0.0,2.0,0,0,2.0,1,7,Alto
2.0,3.0,2.0,2.0,2.0,4.0,1.0,5.0,3.0,3.0,3.0,5.0,2.0,1.0,1.0,3.0,0.0,1.0,3.0,4.0,2.0,0.0,2.0,0.0,3.0,0,1,3.0,1,3,Bajo
1.0,3.0,1.0,1.0,1.0,1.0,5.0,1.0,1.0,1.0,1.0,1.0,2.0,2.0,2.0,1.0,1.0,5.0,7.0,5.0,2.0,0.0,2.0,0.0,3.5,1,0,3.5,1,7,Alto
1.0,7.0,1.0,1.0,1.0,2.0,4.0,1.0,1.0,1.0,2.0,2.0,1.0,4.0,4.0,1.0,1.0,1.0,4.0,5.0,2.0,0.0,2.0,0.0,1.0,0,0,1.0,1,2,Bajo
2.0,3.0,2.0,5.0,2.0,1.0,1.0,1.0,2.0,5.0,3.0,3.0,2.0,1.0,1.0,3.0,0.0,1.0,1.0,1.0,2.0,0.0,2.0,0.0,1.0,0,1,1.0,1,3,Bajo
1.0,1.0,1.0,1.0,1.0,1.0,5.0,1.0,1.0,1.0,1.0,1.0,1.0,2.0,2.0,1.0,1.0,5.0,3.0,5.0,2.0,0.0,2.0,0.0,1.5,0,0,1.5,1,6,Medio
2.0,3.0,1.0,5.0,2.0,1.0,1.0,7.0,3.0,5.0,3.0,5.0,2.0,1.0,1.0,1.0,5.0,1.0,1.0,1.0,2.0,0.0,2.0,0.0,1.0,0,1,1.0,0,2,Bajo
1.0,6.0,4.0,1.0,1.0,3.0,5.0,1.0,1.0,1.0,1.0,2.0,1.0,1.0,0.0,2.0,1.0,4.0,1.0,1.0,2.0,0.0,2.0,0.0,1.0,0,0,1.0,0,1,Bajo
1.0,7.0,1.0,1.0,1.0,5.0,7.0,1.0,1.0,1.0,1.0,1.0,1.0,1.0,1.0,1.0,1.0,1.0,1.0,1.0,2.0,0.0,1.0,1.0,1.0,0,0,1.0,1,6,Medio
2.0,2.0,1.0,2.0,2.0,1.0,1.0,7.0,2.0,1.0,1.0,5.0,1.0,2.0,1.0,3.0,0.0,1.0,4.0,4.0,2.0,0.0,2.0,0.0,4.0,1,1,2.0,1,5,Medio
1.0,2.0,1.0,1.0,1.0,1.0,5.0,1.0,1.0,1.0,1.0,1.0,1.0,3.0,2.0,1.0,1.0,4.0,5.0,4.0,2.0,0.0,2.0,0.0,2.5,0,0,1.6666666,1,9,Alto
1.0,3.0,1.0,1.0,1.0,2.0,6.0,1.0,1.0,1.0,2.0,2.0,1.0,2.0,1.0,1.0,1.0,1.0,1.0,1.0,2.0,0.0,1.0,1.0,1.0,0,0,0.5,0,7,Alto
2.0,2.0,1.0,1.0,1.0,1.0,5.0,2.0,3.0,1.0,1.0,5.0,1.0,2.0,2.0,1.0,5.0,1.0,1.0,1.0,2.0,0.0,2.0,0.0,0.5,0,0,0.5,1,3,Bajo
2.0,3.0,1.0,1.0,1.0,2.0,5.0,4.0,1.0,1.0,1.0,5.0,1.0,3.0,2.0,1.0,2.0,3.0,3.0,3.0,2.0,0.0,2.0,0.0,1.5,0,0,1.0,0,2,Bajo
1.0,7.0,1.0,1.0,1.0,3.0,4.0,1.0,2.0,1.0,1.0,2.0,1.0,2.0,1.0,1.0,3.0,5.0,2.0,2.0,2.0,0.0,2.0,0.0,2.0,0,0,1.0,1,6,Medio
1.0,7.0,1.0,1.0,1.0,2.0,4.0,2.0,3.0,1.0,1.0,2.0,1.0,4.0,4.0,1.0,1.0,1.0,5.0,5.0,2.0,0.0,2.0,0.0,1.25,0,0,1.25,1,9,Alto
2.0,3.0,2.0,5.0,2.0,1.0,1.0,7.0,3.0,5.0,3.0,5.0,2.0,1.0,1.0,3.0,0.0,1.0,3.0,4.0,2.0,0.0,2.0,0.0,3.0,0,1,3.0,1,1,Bajo
2.0,3.0,1.0,2.0,2.0,1.0,1.0,1.0,1.0,1.0,1.0,5.0,1.0,3.0,2.0,1.0,3.0,1.0,2.0,2.0,1.0,5.0,2.0,0.0,1.0,0,0,0.6666667,0,5,Medio
2.0,2.0,1.0,2.0,2.0,1.0,1.0,2.0,3.0,5.0,1.0,5.0,1.0,1.0,1.0,3.0,0.0,1.0,1.0,1.0,2.0,0.0,2.0,0.0,1.0,0,1,1.0,1,3,Bajo
1.0,3.0,1.0,1.0,1.0,1.0,4.0,8.0,1.0,1.0,1.0,1.0,1.0,6.0,4.0,1.0,1.0,1.0,4.0,4.0,2.0,0.0,2.0,0.0,1.0,0,1,0.6666667,1,7,Alto
1.0,7.0,1.0,1.0,1.0,2.0,4.0,1.0,1.0,1.0,1.0,2.0,1.0,4.0,1.0,2.0,3.0,1.0,3.0,4.0,2.0,0.0,2.0,0.0,3.0,0,0,0.75,1,5,Medio
1.0,6.0,1.0,1.0,1.0,1.0,5.0,1.0,1.0,1.0,1.0,5.0,1.0,3.0,3.0,1.0,1.0,4.0,2.0,3.0,2.0,0.0,2.0,0.0,0.6666667,0,0,0.6666667,0,1,Bajo
1.0,2.0,1.0,1.0,1.0,1.0,5.0,5.0,2.0,4.0,1.0,5.0,1.0,2.0,2.0,1.0,3.0,1.0,1.0,1.0,2.0,0.0,2.0,0.0,0.5,0,1,0.5,1,6,Medio
1.0,2.0,3.0,1.0,1.0,2.0,3.0,1.0,1.0,1.0,1.0,1.0,1.0,2.0,2.0,1.0,1.0,4.0,2.0,3.0,2.0,0.0,2.0,0.0,1.0,0,0,1.0,1,8,Alto
1.0,7.0,1.0,1.0,2.0,2.0,5.0,1.0,2.0,1.0,2.0,1.0,1.0,3.0,3.0,1.0,1.0,1.0,4.0,3.0,2.0,0.0,2.0,0.0,1.3333334,0,0,1.3333334,1,2,Bajo
1.0,7.0,4.0,1.0,1.0,1.0,4.0,1.0,1.0,1.0,1.0,2.0,1.0,1.0,1.0,2.0,1.0,4.0,4.0,4.0,2.0,0.0,1.0,1.0,4.0,1,0,4.0,1,6,Medio
1.0,2.0,1.0,1.0,1.0,2.0,5.0,1.0,1.0,1.0,2.0,2.0,1.0,2.0,2.0,1.0,1.0,3.0,1.0,1.0,2.0,0.0,2.0,0.0,0.5,0,0,0.5,1,5,Medio
1.0,7.0,1.0,1.0,1.0,1.0,5.0,1.0,1.0,1.0,1.0,5.0,1.0,2.0,2.0,1.0,3.0,1.0,7.0,5.0,2.0,0.0,2.0,0.0,3.5,1,0,3.5,0,2,Bajo
2.0,7.0,1.0,1.0,2.0,2.0,5.0,1.0,1.0,5.0,2.0,5.0,1.0,3.0,2.0,1.0,3.0,1.0,2.0,2.0,2.0,0.0,2.0,0.0,1.0,0,1,0.6666667,0,1,Bajo
2.0,1.0,1.0,5.0,2.0,4.0,1.0,4.0,2.0,5.0,3.0,5.0,2.0,1.0,1.0,3.0,0.0,3.0,2.0,2.0,1.0,1.0,2.0,0.0,2.0,0,1,2.0,0,0,Bajo
1.0,3.0,2.0,5.0,2.0,1.0,1.0,9.0,3.0,5.0,3.0,2.0,1.0,1.0,1.0,3.0,0.0,1.0,1.0,1.0,2.0,0.0,2.0,0.0,1.0,0,1,1.0,1,4,Medio
2.0,4.0,1.0,2.0,1.0,1.0,7.0,2.0,3.0,1.0,3.0,3.0,1.0,3.0,1.0,1.0,3.0,1.0,3.0,3.0,2.0,0.0,2.0,0.0,3.0,0,0,1.0,0,1,Bajo
1.0,2.0,1.0,1.0,1.0,1.0,5.0,1.0,1.0,1.0,2.0,1.0,1.0,4.0,4.0,1.0,1.0,4.0,6.0,5.0,2.0,0.0,2.0,0.0,1.5,0,0,1.5,1,5,Medio
1.0,3.0,4.0,1.0,1.0,2.0,4.0,1.0,2.0,1.0,1.0,2.0,2.0,1.0,1.0,2.0,1.0,4.0,1.0,1.0,2.0,0.0,2.0,0.0,1.0,0,0,1.0,0,4,Medio
1.0,6.0,1.0,1.0,1.0,3.0,6.0,1.0,1.0,1.0,2.0,2.0,1.0,4.0,3.0,1.0,1.0,1.0,5.0,5.0,2.0,0.0,2.0,0.0,1.6666666,0,0,1.25,1,4,Medio
2.0,5.0,1.0,1.0,1.0,1.0,4.0,1.0,1.0,1.0,1.0,5.0,1.0,2.0,1.0,3.0,0.0,1.0,1.0,1.0,1.0,1.0,2.0,0.0,1.0,0,1,0.5,1,6,Medio
2.0,2.0,1.0,2.0,1.0,1.0,5.0,1.0,2.0,1.0,1.0,6.0,1.0,1.0,1.0,1.0,3.0,1.0,1.0,1.0,2.0,0.0,1.0,2.0,1.0,0,0,1.0,0,4,Medio
2.0,7.0,4.0,5.0,2.0,1.0,1.0,3.0,3.0,5.0,3.0,5.0,1.0,1.0,1.0,3.0,0.0,1.0,3.0,5.0,2.0,0.0,2.0,0.0,3.0,0,1,3.0,0,4,Medio
1.0,2.0,1.0,1.0,2.0,1.0,5.0,2.0,3.0,1.0,1.0,2.0,2.0,2.0,2.0,1.0,3.0,1.0,1.0,1.0,2.0,0.0,2.0,0.0,0.5,0,0,0.5,1,4,Medio
1.0,3.0,3.0,1.0,1.0,3.0,4.0,1.0,1.0,1.0,2.0,2.0,1.0,4.0,2.0,1.0,1.0,5.0,1.0,1.0,2.0,0.0,2.0,0.0,0.5,0,0,0.25,1,7,Alto
1.0,2.0,1.0,1.0,1.0,1.0,5.0,1.0,1.0,1.0,1.0,2.0,2.0,1.0,1.0,1.0,1.0,4.0,1.0,1.0,2.0,0.0,2.0,0.0,1.0,0,0,1.0,1,5,Medio
2.0,2.0,6.0,1.0,1.0,3.0,5.0,1.0,2.0,1.0,1.0,1.0,2.0,2.0,0.0,2.0,3.0,8.0,1.0,1.0,2.0,0.0,2.0,0.0,1.0,0,0,0.5,1,2,Bajo
1.0,7.0,1.0,3.0,1.0,2.0,4.0,1.0,1.0,1.0,2.0,2.0,1.0,3.0,3.0,1.0,3.0,2.0,3.0,5.0,2.0,0.0,2.0,0.0,1.0,0,0,1.0,1,10,Alto
2.0,5.0,1.0,2.0,2.0,1.0,1.0,1.0,2.0,5.0,3.0,5.0,1.0,2.0,2.0,3.0,0.0,1.0,1.0,1.0,2.0,0.0,2.0,0.0,0.5,0,1,0.5,0,1,Bajo
2.0,5.0,1.0,2.0,1.0,1.0,5.0,1.0,1.0,1.0,1.0,5.0,1.0,4.0,3.0,3.0,0.0,1.0,3.0,4.0,2.0,0.0,2.0,0.0,1.0,0,1,0.75,0,3,Bajo
1.0,7.0,1.0,7.0,2.0,2.0,4.0,1.0,1.0,1.0,2.0,2.0,1.0,3.0,1.0,1.0,1.0,1.0,1.0,1.0,2.0,0.0,2.0,0.0,1.0,0,0,0.33333334,0,2,Bajo
2.0,2.0,1.0,1.0,1.0,1.0,1.0,1.0,2.0,1.0,1.0,3.0,1.0,1.0,0.0,1.0,3.0,1.0,4.0,4.0,2.0,0.0,2.0,0.0,4.0,1,0,4.0,0,5,Medio
1.0,4.0,1.0,1.0,1.0,1.0,5.0,3.0,3.0,5.0,1.0,2.0,1.0,3.0,3.0,3.0,0.0,1.0,5.0,3.0,2.0,0.0,2.0,0.0,1.6666666,0,1,1.6666666,0,3,Bajo
2.0,3.0,4.0,1.0,2.0,2.0,1.0,1.0,1.0,1.0,3.0,5.0,2.0,1.0,1.0,2.0,2.0,4.0,1.0,1.0,1.0,3.0,2.0,0.0,1.0,0,0,1.0,0,1,Bajo
1.0,2.0,1.0,1.0,1.0,1.0,5.0,1.0,1.0,1.0,2.0,2.0,1.0,2.0,2.0,1.0,1.0,1.0,2.0,3.0,2.0,0.0,2.0,0.0,1.0,0,0,1.0,1,4,Medio
2.0,2.0,1.0,1.0,1.0,1.0,1.0,1.0,2.0,1.0,1.0,5.0,1.0,6.0,4.0,2.0,3.0,1.0,8.0,4.0,2.0,0.0,2.0,0.0,2.0,0,0,1.3333334,1,6,Medio
1.0,7.0,4.0,1.0,1.0,2.0,5.0,1.0,1.0,1.0,1.0,1.0,2.0,5.0,3.0,2.0,1.0,1.0,2.0,2.0,2.0,0.0,2.0,0.0,0.6666667,0,0,0.4,1,11,Alto
1.0,5.0,1.0,1.0,2.0,3.0,6.0,1.0,1.0,1.0,2.0,2.0,1.0,1.0,1.0,2.0,1.0,1.0,2.0,3.0,1.0,4.0,2.0,0.0,2.0,0,0,2.0,1,3,Bajo
1.0,9.0,1.0,1.0,1.0,1.0,4.0,1.0,1.0,1.0,1.0,2.0,1.0,3.0,2.0,1.0,2.0,1.0,8.0,5.0,2.0,0.0,2.0,0.0,4.0,1,0,2.6666667,1,8,Alto
1.0,5.0,1.0,2.0,2.0,1.0,5.0,1.0,2.0,1.0,2.0,2.0,1.0,5.0,2.0,1.0,3.0,1.0,4.0,5.0,2.0,0.0,1.0,1.0,2.0,0,0,0.8,1,7,Alto
1.0,2.0,1.0,1.0,1.0,1.0,4.0,1.0,1.0,1.0,1.0,1.0,2.0,1.0,1.0,1.0,1.0,1.0,1.0,1.0,2.0,0.0,2.0,0.0,1.0,0,0,1.0,1,8,Alto
1.0,7.0,1.0,1.0,1.0,2.0,5.0,1.0,1.0,1.0,2.0,2.0,1.0,2.0,2.0,1.0,1.0,1.0,4.0,5.0,2.0,0.0,2.0,0.0,2.0,0,0,2.0,1,8,Alto
1.0,7.0,1.0,1.0,1.0,2.0,4.0,1.0,1.0,1.0,1.0,2.0,1.0,3.0,3.0,1.0,3.0,1.0,1.0,1.0,2.0,0.0,2.0,0.0,0.33333334,0,0,0.33333334,1,6,Medio
1.0,3.0,1.0,1.0,2.0,3.0,5.0,3.0,3.0,1.0,1.0,1.0,2.0,4.0,3.0,1.0,2.0,1.0,4.0,4.0,2.0,0.0,2.0,0.0,1.3333334,0,0,1.0,0,5,Medio
1.0,8.0,1.0,1.0,2.0,1.0,1.0,1.0,1.0,1.0,1.0,2.0,1.0,3.0,2.0,1.0,2.0,1.0,3.0,4.0,2.0,0.0,1.0,1.0,1.5,0,0,1.0,1,8,Alto
2.0,3.0,1.0,2.0,1.0,1.0,1.0,2.0,3.0,1.0,3.0,5.0,2.0,2.0,1.0,1.0,3.0,1.0,6.0,4.0,2.0,0.0,2.0,0.0,6.0,1,0,3.0,1,6,Medio
1.0,2.0,1.0,1.0,1.0,1.0,1.0,1.0,2.0,1.0,1.0,1.0,2.0,1.0,0.0,1.0,3.0,1.0,1.0,1.0,2.0,0.0,2.0,0.0,1.0,0,0,1.0,1,3,Bajo
2.0,3.0,1.0,2.0,1.0,1.0,4.0,1.0,2.0,3.0,3.0,5.0,1.0,2.0,1.0,3.0,0.0,1.0,1.0,1.0,2.0,0.0,2.0,0.0,1.0,0,1,0.5,0,2,Bajo
1.0,2.0,3.0,1.0,1.0,3.0,2.0,1.0,1.0,1.0,5.0,1.0,1.0,3.0,3.0,1.0,1.0,1.0,3.0,3.0,1.0,1.0,2.0,0.0,1.0,0,0,1.0,1,10,Alto
1.0,3.0,1.0,1.0,1.0,3.0,5.0,4.0,1.0,1.0,1.0,1.0,1.0,5.0,1.0,1.0,2.0,2.0,3.0,4.0,2.0,0.0,2.0,0.0,3.0,0,0,0.6,1,8,Alto
2.0,5.0,1.0,2.0,1.0,4.0,1.0,5.0,3.0,1.0,3.0,4.0,1.0,3.0,1.0,3.0,0.0,1.0,2.0,2.0,1.0,3.0,1.0,1.0,2.0,0,1,0.6666667,1,5,Medio
2.0,5.0,1.0,2.0,1.0,1.0,5.0,1.0,2.0,1.0,8.0,7.0,2.0,1.0,1.0,1.0,3.0,3.0,4.0,4.0,2.0,0.0,2.0,0.0,4.0,1,0,4.0,1,2,Bajo
1.0,2.0,1.0,2.0,1.0,1.0,3.0,1.0,1.0,1.0,2.0,1.0,1.0,6.0,2.0,1.0,1.0,3.0,5.0,6.0,2.0,0.0,2.0,0.0,2.5,0,0,0.8333333,1,11,Alto
2.0,5.0,1.0,1.0,1.0,1.0,4.0,1.0,1.0,1.0,1.0,5.0,1.0,6.0,2.0,1.0,2.0,1.0,4.0,4.0,2.0,0.0,2.0,0.0,2.0,0,0,0.6666667,1,4,Medio
1.0,3.0,1.0,1.0,1.0,1.0,4.0,8.0,1.0,1.0,1.0,5.0,1.0,4.0,4.0,1.0,1.0,1.0,4.0,4.0,2.0,0.0,2.0,0.0,1.0,0,1,1.0,1,6,Medio
2.0,3.0,1.0,5.0,2.0,1.0,1.0,1.0,2.0,1.0,1.0,5.0,2.0,1.0,1.0,1.0,6.0,1.0,2.0,3.0,2.0,0.0,2.0,0.0,2.0,0,0,2.0,1,4,Medio
1.0,7.0,1.0,1.0,1.0,2.0,4.0,1.0,1.0,1.0,2.0,2.0,1.0,5.0,3.0,1.0,2.0,1.0,4.0,5.0,2.0,0.0,2.0,0.0,1.3333334,0,0,0.8,1,8,Alto
1.0,2.0,1.0,1.0,1.0,1.0,5.0,1.0,1.0,1.0,2.0,2.0,1.0,4.0,2.0,1.0,1.0,1.0,3.0,4.0,2.0,0.0,1.0,1.0,1.5,0,0,0.75,1,9,Alto
2.0,7.0,2.0,5.0,2.0,4.0,1.0,9.0,3.0,5.0,3.0,5.0,2.0,2.0,2.0,3.0,0.0,2.0,1.0,1.0,2.0,0.0,2.0,0.0,0.5,0,1,0.5,0,0,Bajo
1.0,8.0,1.0,1.0,1.0,2.0,7.0,1.0,1.0,1.0,1.0,7.0,1.0,7.0,3.0,1.0,1.0,1.0,7.0,6.0,1.0,5.0,2.0,0.0,2.3333333,0,0,1.0,1,8,Alto
1.0,8.0,1.0,1.0,1.0,1.0,4.0,2.0,3.0,1.0,3.0,2.0,1.0,2.0,2.0,1.0,3.0,1.0,1.0,1.0,2.0,0.0,2.0,0.0,0.5,0,0,0.5,1,4,Medio
2.0,3.0,4.0,2.0,1.0,2.0,5.0,1.0,1.0,1.0,1.0,5.0,1.0,4.0,2.0,2.0,3.0,1.0,4.0,5.0,2.0,0.0,1.0,1.0,2.0,0,0,1.0,1,7,Alto
1.0,2.0,1.0,1.0,1.0,1.0,5.0,1.0,1.0,1.0,1.0,1.0,1.0,2.0,1.0,1.0,1.0,5.0,3.0,3.0,2.0,0.0,2.0,0.0,3.0,0,0,1.5,1,6,Medio
2.0,7.0,1.0,1.0,1.0,2.0,5.0,1.0,1.0,1.0,1.0,5.0,1.0,3.0,3.0,1.0,2.0,1.0,4.0,4.0,2.0,0.0,2.0,0.0,1.3333334,0,0,1.3333334,1,8,Alto
1.0,7.0,1.0,1.0,2.0,2.0,7.0,1.0,1.0,1.0,1.0,1.0,1.0,3.0,3.0,1.0,3.0,2.0,2.0,3.0,2.0,0.0,2.0,0.0,0.6666667,0,0,0.6666667,1,7,Alto
2.0,3.0,1.0,2.0,1.0,1.0,1.0,1.0,2.0,1.0,3.0,4.0,2.0,1.0,1.0,3.0,0.0,1.0,1.0,1.0,2.0,0.0,2.0,0.0,1.0,0,1,1.0,0,1,Bajo
1.0,3.0,1.0,1.0,1.0,1.0,5.0,1.0,1.0,1.0,1.0,2.0,1.0,4.0,4.0,1.0,1.0,4.0,5.0,5.0,2.0,0.0,2.0,0.0,1.25,0,0,1.25,1,3,Bajo
1.0,3.0,3.0,1.0,1.0,3.0,8.0,1.0,1.0,1.0,2.0,2.0,1.0,3.0,2.0,1.0,1.0,2.0,2.0,3.0,2.0,0.0,2.0,0.0,1.0,0,0,0.6666667,1,9,Alto
2.0,5.0,1.0,2.0,2.0,1.0,1.0,2.0,3.0,1.0,3.0,5.0,1.0,2.0,2.0,3.0,0.0,1.0,2.0,3.0,2.0,0.0,2.0,0.0,1.0,0,1,1.0,1,1,Bajo
1.0,7.0,1.0,2.0,2.0,5.0,1.0,1.0,2.0,5.0,3.0,2.0,2.0,1.0,1.0,1.0,4.0,8.0,1.0,1.0,2.0,0.0,2.0,0.0,1.0,0,1,1.0,0,1,Bajo
1.0,7.0,1.0,1.0,2.0,2.0,5.0,1.0,2.0,1.0,1.0,2.0,1.0,2.0,2.0,1.0,2.0,4.0,7.0,5.0,2.0,0.0,2.0,0.0,3.5,1,0,3.5,1,4,Medio
2.0,5.0,1.0,2.0,2.0,2.0,1.0,1.0,1.0,5.0,3.0,5.0,1.0,1.0,1.0,3.0,0.0,1.0,5.0,5.0,2.0,0.0,2.0,0.0,5.0,1,1,5.0,0,1,Bajo
1.0,6.0,4.0,1.0,1.0,3.0,6.0,1.0,2.0,1.0,1.0,2.0,1.0,2.0,2.0,2.0,1.0,4.0,4.0,4.0,2.0,0.0,2.0,0.0,2.0,0,0,2.0,1,7,Alto
1.0,7.0,4.0,1.0,1.0,2.0,4.0,1.0,1.0,1.0,1.0,2.0,1.0,1.0,1.0,2.0,1.0,5.0,1.0,1.0,2.0,0.0,2.0,0.0,1.0,0,0,1.0,1,7,Alto
1.0,5.0,3.0,1.0,1.0,1.0,4.0,1.0,1.0,1.0,2.0,2.0,1.0,4.0,3.0,1.0,1.0,1.0,3.0,4.0,2.0,0.0,2.0,0.0,1.0,0,0,0.75,1,11,Alto
2.0,3.0,1.0,2.0,2.0,1.0,1.0,1.0,2.0,5.0,3.0,5.0,1.0,3.0,1.0,1.0,3.0,1.0,2.0,3.0,2.0,0.0,2.0,0.0,2.0,0,1,0.6666667,1,3,Bajo
2.0,7.0,1.0,1.0,2.0,1.0,5.0,6.0,2.0,5.0,3.0,5.0,2.0,2.0,1.0,3.0,0.0,1.0,1.0,1.0,2.0,0.0,2.0,0.0,1.0,0,1,0.5,1,2,Bajo
1.0,8.0,1.0,6.0,2.0,1.0,5.0,8.0,3.0,1.0,1.0,5.0,2.0,2.0,1.0,1.0,2.0,2.0,5.0,5.0,2.0,0.0,1.0,1.0,5.0,1,1,2.5,1,4,Medio
1.0,7.0,1.0,1.0,1.0,2.0,4.0,1.0,1.0,1.0,1.0,2.0,2.0,2.0,2.0,1.0,2.0,1.0,4.0,4.0,2.0,0.0,2.0,0.0,2.0,0,0,2.0,1,9,Alto
1.0,2.0,1.0,1.0,2.0,1.0,1.0,1.0,1.0,1.0,1.0,1.0,1.0,2.0,1.0,1.0,1.0,4.0,4.0,4.0,2.0,0.0,1.0,1.0,4.0,1,0,2.0,0,4,Medio
1.0,7.0,1.0,1.0,1.0,2.0,4.0,1.0,1.0,1.0,1.0,2.0,1.0,4.0,4.0,1.0,1.0,4.0,5.0,5.0,2.0,0.0,1.0,1.0,1.25,0,0,1.25,1,7,Alto
2.0,5.0,1.0,2.0,2.0,4.0,1.0,7.0,3.0,5.0,3.0,5.0,1.0,1.0,1.0,3.0,0.0,1.0,3.0,5.0,1.0,6.0,1.0,1.0,3.0,0,1,3.0,1,2,Bajo
2.0,8.0,1.0,5.0,2.0,1.0,1.0,4.0,3.0,5.0,3.0,5.0,2.0,1.0,1.0,2.0,6.0,1.0,1.0,1.0,2.0,0.0,2.0,0.0,1.0,0,1,1.0,1,1,Bajo
2.0,3.0,1.0,2.0,2.0,4.0,1.0,1.0,2.0,5.0,1.0,5.0,1.0,2.0,1.0,1.0,3.0,1.0,4.0,5.0,2.0,0.0,2.0,0.0,4.0,1,1,2.0,1,1,Bajo
1.0,7.0,3.0,1.0,1.0,3.0,4.0,1.0,1.0,1.0,2.0,1.0,1.0,3.0,3.0,1.0,1.0,5.0,3.0,3.0,2.0,0.0,2.0,0.0,1.0,0,0,1.0,1,12,Alto
1.0,2.0,1.0,1.0,1.0,1.0,3.0,1.0,1.0,1.0,5.0,1.0,1.0,2.0,0.0,1.0,1.0,4.0,1.0,1.0,2.0,0.0,2.0,0.0,1.0,0,0,0.5,1,8,Alto
2.0,3.0,1.0,2.0,1.0,1.0,5.0,1.0,1.0,1.0,1.0,2.0,1.0,4.0,4.0,1.0,3.0,1.0,5.0,3.0,2.0,0.0,2.0,0.0,1.25,0,0,1.25,0,1,Bajo
2.0,8.0,1.0,3.0,2.0,1.0,1.0,4.0,3.0,2.0,3.0,6.0,1.0,2.0,1.0,1.0,3.0,1.0,1.0,1.0,2.0,0.0,2.0,0.0,1.0,0,0,0.5,1,4,Medio
2.0,2.0,1.0,1.0,1.0,1.0,5.0,6.0,1.0,1.0,1.0,4.0,1.0,5.0,2.0,3.0,0.0,1.0,4.0,4.0,2.0,0.0,2.0,0.0,2.0,0,1,0.8,1,6,Medio
1.0,2.0,3.0,1.0,1.0,3.0,3.0,1.0,1.0,1.0,2.0,1.0,1.0,1.0,1.0,1.0,1.0,1.0,2.0,6.0,2.0,0.0,2.0,0.0,2.0,0,0,2.0,1,11,Alto
1.0,8.0,1.0,1.0,1.0,1.0,4.0,1.0,1.0,1.0,1.0,2.0,1.0,4.0,4.0,1.0,1.0,1.0,4.0,4.0,2.0,0.0,2.0,0.0,1.0,0,0,1.0,1,12,Alto
1.0,1.0,1.0,1.0,1.0,2.0,4.0,1.0,1.0,1.0,2.0,2.0,1.0,2.0,2.0,1.0,1.0,4.0,5.0,5.0,1.0,3.0,2.0,0.0,2.5,0,0,2.5,1,10,Alto
1.0,2.0,1.0,1.0,1.0,1.0,5.0,7.0,1.0,1.0,1.0,2.0,1.0,2.0,1.0,1.0,1.0,1.0,1.0,1.0,2.0,0.0,2.0,0.0,1.0,0,1,0.5,0,4,Medio
2.0,2.0,1.0,2.0,1.0,1.0,1.0,2.0,3.0,1.0,1.0,5.0,1.0,2.0,1.0,1.0,3.0,1.0,1.0,1.0,2.0,0.0,2.0,0.0,1.0,0,0,0.5,1,4,Medio
1.0,5.0,1.0,2.0,1.0,1.0,5.0,1.0,1.0,1.0,1.0,2.0,1.0,5.0,3.0,1.0,1.0,1.0,5.0,5.0,2.0,0.0,2.0,0.0,1.6666666,0,0,1.0,0,9,Alto
2.0,5.0,1.0,2.0,1.0,1.0,5.0,1.0,1.0,1.0,2.0,5.0,1.0,2.0,2.0,1.0,3.0,1.0,1.0,1.0,1.0,1.0,1.0,1.0,0.5,0,0,0.5,1,3,Bajo
2.0,2.0,1.0,2.0,2.0,1.0,1.0,1.0,1.0,1.0,1.0,3.0,1.0,5.0,2.0,3.0,0.0,1.0,3.0,4.0,2.0,0.0,2.0,0.0,1.5,0,1,0.6,0,4,Medio
1.0,4.0,1.0,1.0,1.0,1.0,5.0,1.0,2.0,1.0,1.0,2.0,2.0,1.0,1.0,1.0,1.0,1.0,1.0,1.0,2.0,0.0,2.0,0.0,1.0,0,0,1.0,1,6,Medio
1.0,4.0,1.0,2.0,1.0,1.0,7.0,1.0,1.0,1.0,1.0,2.0,1.0,1.0,1.0,1.0,1.0,1.0,1.0,1.0,2.0,0.0,2.0,0.0,1.0,0,0,1.0,1,2,Bajo
1.0,7.0,4.0,1.0,1.0,2.0,4.0,1.0,1.0,1.0,8.0,2.0,2.0,1.0,1.0,2.0,1.0,4.0,2.0,2.0,2.0,0.0,2.0,0.0,2.0,0,0,2.0,1,6,Medio
2.0,2.0,1.0,2.0,1.0,4.0,1.0,2.0,3.0,1.0,4.0,5.0,2.0,4.0,1.0,3.0,0.0,1.0,7.0,5.0,2.0,0.0,2.0,0.0,7.0,1,1,1.75,0,3,Bajo
1.0,2.0,1.0,1.0,1.0,1.0,5.0,1.0,1.0,1.0,2.0,2.0,1.0,3.0,2.0,1.0,1.0,3.0,7.0,4.0,2.0,0.0,2.0,0.0,3.5,1,0,2.3333333,1,4,Medio
1.0,7.0,1.0,1.0,1.0,2.0,4.0,1.0,1.0,1.0,2.0,2.0,1.0,7.0,2.0,1.0,1.0,1.0,3.0,4.0,2.0,0.0,2.0,0.0,1.5,0,0,0.42857143,1,7,Alto
1.0,3.0,1.0,1.0,1.0,1.0,5.0,1.0,1.0,1.0,2.0,2.0,1.0,4.0,3.0,1.0,1.0,1.0,3.0,4.0,2.0,0.0,2.0,0.0,1.0,0,0,0.75,1,9,Alto
1.0,1.0,4.0,1.0,1.0,1.0,4.0,1.0,1.0,1.0,1.0,1.0,2.0,1.0,1.0,2.0,1.0,4.0,1.0,1.0,2.0,0.0,2.0,0.0,1.0,0,0,1.0,1,5,Medio
2.0,4.0,4.0,2.0,1.0,1.0,1.0,5.0,3.0,5.0,3.0,5.0,1.0,2.0,1.0,3.0,0.0,1.0,3.0,3.0,2.0,0.0,2.0,0.0,3.0,0,1,1.5,1,3,Bajo
1.0,3.0,1.0,1.0,1.0,2.0,6.0,1.0,1.0,1.0,2.0,2.0,1.0,6.0,3.0,1.0,1.0,3.0,3.0,3.0,2.0,0.0,2.0,0.0,1.0,0,0,0.5,1,10,Alto
2.0,2.0,1.0,2.0,2.0,4.0,1.0,1.0,2.0,5.0,4.0,4.0,2.0,2.0,2.0,3.0,0.0,1.0,1.0,1.0,2.0,0.0,2.0,0.0,0.5,0,1,0.5,1,2,Bajo
1.0,7.0,1.0,2.0,2.0,2.0,7.0,1.0,1.0,2.0,3.0,5.0,1.0,1.0,1.0,1.0,3.0,1.0,3.0,4.0,2.0,0.0,2.0,0.0,3.0,0,0,3.0,1,2,Bajo
1.0,3.0,1.0,1.0,2.0,2.0,4.0,1.0,1.0,1.0,2.0,2.0,1.0,8.0,4.0,1.0,1.0,4.0,5.0,4.0,2.0,0.0,2.0,0.0,1.25,0,0,0.625,1,11,Alto
1.0,7.0,1.0,1.0,1.0,2.0,5.0,1.0,1.0,1.0,2.0,2.0,1.0,2.0,1.0,1.0,1.0,1.0,3.0,4.0,2.0,0.0,2.0,0.0,3.0,0,0,1.5,1,3,Bajo
1.0,8.0,1.0,5.0,2.0,1.0,1.0,1.0,1.0,1.0,1.0,1.0,1.0,1.0,1.0,2.0,3.0,1.0,4.0,4.0,2.0,0.0,2.0,0.0,4.0,1,0,4.0,1,2,Bajo
1.0,7.0,1.0,1.0,1.0,2.0,5.0,1.0,1.0,2.0,1.0,2.0,1.0,2.0,1.0,1.0,1.0,1.0,1.0,1.0,2.0,0.0,2.0,0.0,1.0,0,0,0.5,1,4,Medio
1.0,9.0,1.0,1.0,1.0,1.0,4.0,1.0,2.0,1.0,1.0,2.0,1.0,2.0,2.0,1.0,3.0,1.0,4.0,4.0,2.0,0.0,2.0,0.0,2.0,0,0,2.0,1,5,Medio
1.0,7.0,1.0,1.0,1.0,2.0,4.0,1.0,1.0,1.0,1.0,2.0,1.0,3.0,3.0,1.0,4.0,1.0,3.0,3.0,2.0,0.0,1.0,1.0,1.0,0,0,1.0,1,9,Alto
1.0,7.0,1.0,2.0,1.0,2.0,7.0,1.0,2.0,1.0,1.0,2.0,1.0,1.0,1.0,1.0,1.0,3.0,4.0,3.0,2.0,0.0,2.0,0.0,4.0,1,0,4.0,1,2,Bajo
2.0,2.0,1.0,2.0,1.0,1.0,1.0,1.0,2.0,5.0,3.0,6.0,1.0,1.0,1.0,3.0,0.0,1.0,1.0,1.0,2.0,0.0,2.0,0.0,1.0,0,1,1.0,0,2,Bajo
1.0,7.0,1.0,1.0,1.0,2.0,4.0,1.0,1.0,1.0,2.0,2.0,1.0,3.0,3.0,1.0,1.0,1.0,2.0,2.0,2.0,0.0,2.0,0.0,0.6666667,0,0,0.6666667,1,6,Medio
1.0,5.0,1.0,1.0,2.0,1.0,5.0,1.0,1.0,1.0,1.0,1.0,2.0,1.0,1.0,1.0,1.0,4.0,4.0,4.0,2.0,0.0,2.0,0.0,4.0,1,0,4.0,1,5,Medio
1.0,3.0,1.0,1.0,1.0,3.0,5.0,1.0,1.0,1.0,1.0,5.0,1.0,1.0,1.0,1.0,1.0,7.0,3.0,4.0,2.0,0.0,2.0,0.0,3.0,0,0,3.0,1,5,Medio
2.0,3.0,1.0,1.0,1.0,1.0,4.0,1.0,1.0,1.0,5.0,1.0,1.0,4.0,2.0,1.0,2.0,1.0,2.0,5.0,2.0,0.0,2.0,0.0,1.0,0,0,0.5,0,6,Medio
2.0,5.0,1.0,2.0,1.0,1.0,1.0,7.0,3.0,5.0,3.0,5.0,2.0,1.0,1.0,3.0,0.0,1.0,2.0,3.0,2.0,0.0,2.0,0.0,2.0,0,1,2.0,0,2,Bajo
1.0,2.0,5.0,7.0,2.0,5.0,1.0,2.0,3.0,5.0,3.0,1.0,2.0,1.0,0.0,3.0,0.0,1.0,2.0,3.0,2.0,0.0,2.0,0.0,2.0,0,1,2.0,0,1,Bajo
2.0,3.0,1.0,5.0,2.0,1.0,1.0,5.0,3.0,5.0,1.0,5.0,2.0,1.0,1.0,3.0,0.0,1.0,2.0,3.0,2.0,0.0,2.0,0.0,2.0,0,1,2.0,0,2,Bajo
2.0,7.0,1.0,3.0,2.0,4.0,1.0,1.0,2.0,5.0,3.0,5.0,1.0,1.0,1.0,1.0,3.0,1.0,4.0,5.0,2.0,0.0,1.0,1.0,4.0,1,1,4.0,0,1,Bajo
1.0,7.0,1.0,1.0,1.0,3.0,4.0,1.0,1.0,1.0,2.0,1.0,1.0,7.0,4.0,1.0,1.0,1.0,5.0,5.0,2.0,0.0,2.0,0.0,1.25,0,0,0.71428573,1,12,Alto
2.0,3.0,1.0,5.0,2.0,1.0,1.0,7.0,3.0,5.0,3.0,5.0,1.0,1.0,1.0,3.0,0.0,1.0,1.0,1.0,2.0,0.0,2.0,0.0,1.0,0,1,1.0,0,2,Bajo
1.0,2.0,1.0,1.0,2.0,1.0,5.0,1.0,1.0,1.0,1.0,2.0,2.0,2.0,2.0,1.0,2.0,1.0,1.0,1.0,2.0,0.0,2.0,0.0,0.5,0,0,0.5,1,6,Medio
1.0,2.0,1.0,1.0,1.0,1.0,5.0,1.0,1.0,1.0,1.0,2.0,1.0,8.0,1.0,1.0,3.0,1.0,1.0,1.0,2.0,0.0,2.0,0.0,1.0,0,0,0.125,0,3,Bajo
1.0,7.0,1.0,1.0,2.0,1.0,5.0,1.0,2.0,1.0,3.0,2.0,1.0,2.0,2.0,1.0,6.0,1.0,5.0,5.0,2.0,0.0,2.0,0.0,2.5,0,0,2.5,0,5,Medio
2.0,2.0,1.0,2.0,2.0,1.0,1.0,1.0,2.0,5.0,3.0,5.0,1.0,1.0,1.0,3.0,0.0,2.0,3.0,5.0,2.0,0.0,2.0,0.0,3.0,0,1,3.0,1,2,Bajo
1.0,2.0,3.0,1.0,1.0,1.0,3.0,1.0,1.0,1.0,1.0,2.0,1.0,2.0,1.0,1.0,1.0,3.0,3.0,3.0,2.0,0.0,2.0,0.0,3.0,0,0,1.5,1,7,Alto
2.0,2.0,1.0,2.0,1.0,1.0,1.0,9.0,3.0,5.0,3.0,5.0,2.0,1.0,1.0,3.0,0.0,1.0,2.0,5.0,2.0,0.0,2.0,0.0,2.0,0,1,2.0,0,1,Bajo
2.0,1.0,1.0,2.0,1.0,4.0,1.0,1.0,2.0,1.0,3.0,5.0,2.0,3.0,1.0,1.0,3.0,1.0,1.0,1.0,1.0,3.0,2.0,0.0,1.0,0,0,0.33333334,1,1,Bajo
1.0,6.0,1.0,1.0,1.0,1.0,5.0,1.0,1.0,1.0,2.0,2.0,1.0,3.0,3.0,1.0,1.0,1.0,5.0,5.0,2.0,0.0,1.0,1.0,1.6666666,0,0,1.6666666,1,8,Alto
2.0,1.0,1.0,2.0,1.0,4.0,1.0,1.0,2.0,5.0,3.0,5.0,2.0,1.0,1.0,3.0,0.0,3.0,5.0,4.0,2.0,0.0,2.0,0.0,5.0,1,1,5.0,1,2,Bajo
1.0,2.0,1.0,2.0,1.0,1.0,3.0,2.0,3.0,1.0,2.0,1.0,1.0,6.0,4.0,1.0,1.0,1.0,5.0,4.0,2.0,0.0,2.0,0.0,1.25,0,0,0.8333333,1,5,Medio
1.0,2.0,1.0,1.0,1.0,1.0,3.0,1.0,1.0,1.0,2.0,1.0,1.0,2.0,1.0,1.0,1.0,1.0,5.0,4.0,2.0,0.0,2.0,0.0,5.0,1,0,2.5,1,2,Bajo
1.0,1.0,1.0,1.0,1.0,3.0,4.0,8.0,3.0,1.0,1.0,1.0,2.0,1.0,1.0,1.0,3.0,8.0,1.0,1.0,2.0,0.0,2.0,0.0,1.0,0,1,1.0,0,4,Medio
2.0,2.0,4.0,2.0,2.0,1.0,1.0,1.0,1.0,5.0,1.0,5.0,2.0,2.0,1.0,3.0,0.0,1.0,1.0,1.0,2.0,0.0,2.0,0.0,1.0,0,1,0.5,1,3,Bajo
1.0,2.0,1.0,1.0,1.0,1.0,5.0,1.0,2.0,2.0,1.0,1.0,1.0,1.0,1.0,1.0,1.0,4.0,1.0,1.0,2.0,0.0,2.0,0.0,1.0,0,0,1.0,0,3,Bajo
2.0,2.0,1.0,1.0,1.0,3.0,5.0,1.0,1.0,1.0,1.0,5.0,1.0,4.0,4.0,1.0,2.0,2.0,6.0,4.0,2.0,0.0,2.0,0.0,1.5,0,0,1.5,1,7,Alto
1.0,3.0,1.0,2.0,1.0,1.0,5.0,1.0,1.0,1.0,1.0,2.0,1.0,3.0,3.0,2.0,2.0,1.0,2.0,2.0,2.0,0.0,2.0,0.0,0.6666667,0,0,0.6666667,0,3,Bajo
2.0,5.0,1.0,2.0,2.0,2.0,1.0,5.0,3.0,5.0,3.0,5.0,2.0,1.0,1.0,3.0,0.0,1.0,1.0,1.0,2.0,0.0,2.0,0.0,1.0,0,1,1.0,1,1,Bajo
1.0,3.0,1.0,1.0,1.0,2.0,1.0,1.0,1.0,1.0,1.0,2.0,2.0,5.0,5.0,1.0,1.0,1.0,4.0,3.0,2.0,0.0,2.0,0.0,0.8,0,0,0.8,1,6,Medio
1.0,2.0,3.0,1.0,1.0,3.0,2.0,1.0,1.0,1.0,1.0,3.0,1.0,2.0,1.0,1.0,1.0,6.0,3.0,4.0,2.0,0.0,2.0,0.0,3.0,0,0,1.5,1,5,Medio
2.0,6.0,1.0,1.0,2.0,3.0,1.0,4.0,2.0,2.0,3.0,5.0,2.0,3.0,2.0,3.0,0.0,2.0,3.0,4.0,2.0,0.0,2.0,0.0,1.5,0,1,1.0,1,6,Medio
1.0,8.0,4.0,1.0,1.0,2.0,4.0,1.0,1.0,1.0,1.0,2.0,2.0,2.0,2.0,2.0,3.0,4.0,2.0,3.0,1.0,2.0,2.0,0.0,1.0,0,0,1.0,0,2,Bajo
1.0,7.0,1.0,1.0,1.0,2.0,5.0,1.0,2.0,1.0,2.0,2.0,1.0,3.0,3.0,1.0,1.0,3.0,4.0,4.0,1.0,1.0,2.0,0.0,1.3333334,0,0,1.3333334,1,2,Bajo
1.0,3.0,3.0,1.0,1.0,2.0,4.0,1.0,1.0,1.0,2.0,2.0,1.0,3.0,1.0,1.0,1.0,2.0,2.0,3.0,2.0,0.0,2.0,0.0,2.0,0,0,0.6666667,1,4,Medio
1.0,5.0,1.0,1.0,2.0,1.0,4.0,2.0,3.0,1.0,1.0,1.0,1.0,4.0,3.0,1.0,3.0,1.0,1.0,1.0,2.0,0.0,2.0,0.0,0.33333334,0,0,0.25,1,12,Alto
1.0,2.0,3.0,1.0,1.0,1.0,4.0,1.0,1.0,1.0,1.0,2.0,1.0,2.0,1.0,1.0,1.0,4.0,1.0,1.0,2.0,0.0,2.0,0.0,1.0,0,0,0.5,1,4,Medio
2.0,3.0,1.0,1.0,1.0,2.0,5.0,1.0,2.0,1.0,1.0,2.0,1.0,8.0,3.0,1.0,1.0,3.0,5.0,4.0,2.0,0.0,2.0,0.0,1.6666666,0,0,0.625,1,6,Medio
1.0,2.0,1.0,1.0,1.0,1.0,5.0,1.0,1.0,1.0,2.0,2.0,1.0,5.0,3.0,1.0,1.0,2.0,3.0,3.0,2.0,0.0,2.0,0.0,1.0,0,0,0.6,1,5,Medio
2.0,2.0,1.0,1.0,2.0,1.0,5.0,9.0,3.0,5.0,1.0,5.0,1.0,1.0,1.0,3.0,0.0,1.0,2.0,2.0,2.0,0.0,2.0,0.0,2.0,0,1,2.0,0,2,Bajo
1.0,2.0,1.0,1.0,1.0,1.0,8.0,1.0,1.0,1.0,2.0,3.0,1.0,4.0,4.0,1.0,1.0,1.0,2.0,3.0,2.0,0.0,2.0,0.0,0.5,0,0,0.5,1,4,Medio
2.0,9.0,1.0,1.0,1.0,1.0,4.0,6.0,3.0,3.0,3.0,5.0,1.0,2.0,2.0,1.0,6.0,1.0,3.0,5.0,2.0,0.0,2.0,0.0,1.5,0,1,1.5,0,2,Bajo
1.0,7.0,1.0,1.0,1.0,1.0,5.0,1.0,2.0,1.0,1.0,2.0,1.0,2.0,2.0,2.0,1.0,1.0,3.0,3.0,1.0,2.0,2.0,0.0,1.5,0,0,1.5,1,5,Medio
2.0,3.0,1.0,1.0,1.0,1.0,4.0,1.0,2.0,1.0,2.0,2.0,1.0,4.0,2.0,1.0,3.0,1.0,2.0,3.0,2.0,0.0,2.0,0.0,1.0,0,0,0.5,1,6,Medio
1.0,5.0,1.0,1.0,1.0,3.0,5.0,1.0,1.0,1.0,1.0,2.0,1.0,2.0,2.0,1.0,1.0,4.0,6.0,4.0,2.0,0.0,2.0,0.0,3.0,0,0,3.0,1,3,Bajo
2.0,3.0,2.0,5.0,2.0,1.0,1.0,5.0,3.0,5.0,3.0,3.0,2.0,1.0,1.0,3.0,0.0,1.0,2.0,2.0,2.0,0.0,2.0,0.0,2.0,0,1,2.0,1,3,Bajo
2.0,5.0,1.0,2.0,1.0,2.0,5.0,1.0,1.0,1.0,1.0,1.0,1.0,2.0,1.0,1.0,1.0,1.0,1.0,1.0,2.0,0.0,2.0,0.0,1.0,0,0,0.5,0,3,Bajo
1.0,7.0,4.0,2.0,1.0,2.0,1.0,1.0,1.0,1.0,1.0,2.0,2.0,1.0,1.0,2.0,3.0,3.0,3.0,3.0,2.0,0.0,2.0,0.0,3.0,0,0,3.0,1,3,Bajo
2.0,3.0,1.0,2.0,1.0,1.0,1.0,3.0,1.0,1.0,3.0,5.0,1.0,1.0,1.0,3.0,0.0,1.0,1.0,1.0,2.0,0.0,2.0,0.0,1.0,0,1,1.0,0,1,Bajo
1.0,2.0,1.0,1.0,1.0,1.0,4.0,1.0,1.0,1.0,2.0,2.0,1.0,2.0,1.0,2.0,1.0,1.0,2.0,3.0,2.0,0.0,2.0,0.0,2.0,0,0,1.0,1,7,Alto
1.0,7.0,1.0,1.0,1.0,2.0,4.0,1.0,1.0,1.0,1.0,2.0,1.0,2.0,2.0,1.0,2.0,3.0,5.0,4.0,2.0,0.0,2.0,0.0,2.5,0,0,2.5,1,7,Alto
1.0,2.0,1.0,1.0,1.0,1.0,5.0,1.0,2.0,1.0,1.0,2.0,1.0,3.0,2.0,1.0,1.0,1.0,1.0,1.0,2.0,0.0,2.0,0.0,0.5,0,0,0.33333334,1,3,Bajo
1.0,2.0,4.0,1.0,1.0,1.0,5.0,2.0,3.0,1.0,1.0,1.0,2.0,1.0,1.0,3.0,0.0,2.0,2.0,3.0,2.0,0.0,2.0,0.0,2.0,0,1,2.0,1,5,Medio
1.0,7.0,1.0,1.0,1.0,3.0,4.0,1.0,1.0,1.0,2.0,1.0,1.0,4.0,3.0,1.0,1.0,1.0,3.0,4.0,2.0,0.0,2.0,0.0,1.0,0,0,0.75,1,6,Medio
1.0,3.0,1.0,2.0,2.0,1.0,5.0,8.0,3.0,1.0,1.0,1.0,1.0,3.0,1.0,2.0,1.0,1.0,1.0,1.0,2.0,0.0,2.0,0.0,1.0,0,1,0.33333334,1,5,Medio
2.0,5.0,1.0,2.0,1.0,1.0,4.0,3.0,3.0,1.0,1.0,5.0,2.0,1.0,1.0,3.0,0.0,1.0,1.0,1.0,2.0,0.0,2.0,0.0,1.0,0,1,1.0,1,1,Bajo
1.0,3.0,1.0,1.0,1.0,1.0,5.0,8.0,3.0,5.0,1.0,2.0,1.0,1.0,1.0,3.0,0.0,1.0,4.0,4.0,2.0,0.0,2.0,0.0,4.0,1,1,4.0,0,4,Medio
1.0,8.0,1.0,1.0,1.0,2.0,1.0,8.0,3.0,1.0,1.0,1.0,1.0,6.0,4.0,1.0,2.0,1.0,10.0,5.0,2.0,0.0,2.0,0.0,2.5,0,1,1.6666666,1,3,Bajo
2.0,2.0,1.0,2.0,1.0,1.0,1.0,1.0,2.0,1.0,4.0,5.0,1.0,3.0,3.0,1.0,3.0,1.0,3.0,4.0,2.0,0.0,2.0,0.0,1.0,0,0,1.0,0,4,Medio
2.0,2.0,4.0,2.0,2.0,1.0,1.0,2.0,3.0,1.0,3.0,6.0,1.0,1.0,1.0,3.0,0.0,1.0,1.0,1.0,2.0,0.0,2.0,0.0,1.0,0,1,1.0,0,1,Bajo
1.0,5.0,2.0,5.0,2.0,1.0,1.0,7.0,3.0,5.0,3.0,5.0,2.0,1.0,1.0,3.0,0.0,8.0,2.0,3.0,2.0,0.0,2.0,0.0,2.0,0,1,2.0,0,3,Bajo
1.0,7.0,1.0,1.0,1.0,1.0,4.0,1.0,1.0,1.0,1.0,2.0,1.0,2.0,2.0,1.0,1.0,1.0,4.0,5.0,2.0,0.0,2.0,0.0,2.0,0,0,2.0,1,10,Alto
1.0,7.0,1.0,1.0,1.0,2.0,4.0,1.0,1.0,1.0,1.0,2.0,1.0,2.0,1.0,1.0,1.0,8.0,1.0,1.0,2.0,0.0,2.0,0.0,1.0,0,0,0.5,1,4,Medio
2.0,2.0,1.0,2.0,2.0,1.0,1.0,7.0,3.0,4.0,3.0,7.0,1.0,1.0,1.0,1.0,3.0,1.0,3.0,3.0,1.0,1.0,2.0,0.0,3.0,0,1,3.0,0,1,Bajo
1.0,7.0,1.0,1.0,1.0,3.0,4.0,1.0,1.0,1.0,1.0,1.0,1.0,2.0,2.0,1.0,1.0,3.0,5.0,5.0,2.0,0.0,2.0,0.0,2.5,0,0,2.5,1,7,Alto
2.0,5.0,1.0,2.0,2.0,1.0,1.0,1.0,2.0,5.0,3.0,5.0,1.0,4.0,2.0,3.0,0.0,7.0,4.0,3.0,2.0,0.0,2.0,0.0,2.0,0,1,1.0,0,1,Bajo
2.0,2.0,1.0,1.0,1.0,1.0,3.0,1.0,1.0,1.0,1.0,2.0,1.0,4.0,3.0,3.0,0.0,1.0,3.0,3.0,2.0,0.0,2.0,0.0,1.0,0,1,0.75,1,9,Alto
1.0,2.0,3.0,1.0,1.0,3.0,3.0,1.0,1.0,1.0,2.0,1.0,1.0,2.0,1.0,1.0,1.0,4.0,2.0,2.0,2.0,0.0,2.0,0.0,2.0,0,0,1.0,1,7,Alto
2.0,5.0,1.0,2.0,2.0,1.0,4.0,2.0,3.0,1.0,3.0,5.0,1.0,4.0,1.0,1.0,3.0,1.0,3.0,5.0,2.0,0.0,1.0,1.0,3.0,0,0,0.75,1,2,Bajo
2.0,5.0,1.0,2.0,1.0,1.0,1.0,1.0,1.0,1.0,3.0,4.0,1.0,2.0,1.0,1.0,3.0,1.0,3.0,4.0,2.0,0.0,2.0,0.0,3.0,0,0,1.5,0,2,Bajo
1.0,3.0,3.0,1.0,1.0,3.0,3.0,1.0,1.0,1.0,2.0,1.0,1.0,3.0,2.0,1.0,1.0,1.0,2.0,3.0,2.0,0.0,2.0,0.0,1.0,0,0,0.6666667,1,11,Alto
1.0,2.0,1.0,2.0,2.0,1.0,5.0,1.0,1.0,1.0,1.0,2.0,1.0,2.0,1.0,1.0,1.0,3.0,2.0,2.0,1.0,1.0,2.0,0.0,2.0,0,0,1.0,1,6,Medio
1.0,2.0,3.0,1.0,1.0,1.0,8.0,1.0,1.0,3.0,1.0,1.0,1.0,1.0,1.0,1.0,1.0,4.0,1.0,1.0,2.0,0.0,2.0,0.0,1.0,0,0,1.0,1,6,Medio
2.0,1.0,1.0,1.0,1.0,1.0,4.0,4.0,1.0,3.0,3.0,5.0,1.0,2.0,1.0,1.0,3.0,1.0,2.0,5.0,2.0,0.0,2.0,0.0,2.0,0,0,1.0,1,3,Bajo
2.0,2.0,1.0,1.0,1.0,1.0,5.0,4.0,3.0,1.0,1.0,6.0,1.0,3.0,3.0,2.0,3.0,1.0,4.0,4.0,2.0,0.0,2.0,0.0,1.3333334,0,0,1.3333334,1,7,Alto
2.0,2.0,1.0,1.0,1.0,1.0,5.0,1.0,2.0,1.0,1.0,5.0,2.0,5.0,2.0,3.0,0.0,1.0,4.0,5.0,2.0,0.0,2.0,0.0,2.0,0,1,0.8,1,5,Medio
2.0,2.0,1.0,1.0,1.0,1.0,2.0,2.0,3.0,1.0,3.0,5.0,2.0,2.0,1.0,1.0,2.0,1.0,1.0,1.0,2.0,0.0,2.0,0.0,1.0,0,0,0.5,0,4,Medio
1.0,3.0,1.0,1.0,1.0,1.0,5.0,1.0,1.0,1.0,2.0,2.0,1.0,4.0,4.0,1.0,1.0,1.0,7.0,5.0,2.0,0.0,2.0,0.0,1.75,0,0,1.75,1,5,Medio
1.0,2.0,1.0,1.0,1.0,1.0,3.0,1.0,1.0,1.0,2.0,2.0,1.0,4.0,2.0,1.0,1.0,1.0,3.0,5.0,1.0,1.0,2.0,0.0,1.5,0,0,0.75,1,9,Alto
2.0,2.0,1.0,1.0,1.0,1.0,3.0,1.0,1.0,1.0,1.0,3.0,1.0,1.0,1.0,2.0,5.0,3.0,3.0,4.0,2.0,0.0,2.0,0.0,3.0,0,0,3.0,1,4,Medio
1.0,2.0,1.0,1.0,2.0,1.0,4.0,8.0,3.0,1.0,1.0,1.0,1.0,1.0,1.0,1.0,3.0,1.0,1.0,1.0,1.0,2.0,2.0,0.0,1.0,0,1,1.0,0,5,Medio
2.0,3.0,1.0,2.0,1.0,1.0,1.0,2.0,3.0,1.0,3.0,4.0,2.0,2.0,2.0,1.0,3.0,1.0,2.0,3.0,2.0,0.0,2.0,0.0,1.0,0,0,1.0,0,1,Bajo
1.0,3.0,1.0,1.0,1.0,2.0,5.0,4.0,1.0,1.0,1.0,1.0,1.0,3.0,3.0,1.0,1.0,2.0,4.0,4.0,2.0,0.0,2.0,0.0,1.3333334,0,0,1.3333334,1,7,Alto
1.0,3.0,1.0,1.0,1.0,1.0,5.0,4.0,2.0,1.0,1.0,2.0,1.0,4.0,2.0,1.0,2.0,1.0,2.0,5.0,2.0,0.0,1.0,2.0,1.0,0,0,0.5,1,4,Medio
1.0,2.0,3.0,1.0,1.0,3.0,3.0,1.0,1.0,1.0,1.0,1.0,1.0,2.0,1.0,1.0,1.0,2.0,2.0,3.0,2.0,0.0,2.0,0.0,2.0,0,0,1.0,1,9,Alto
1.0,8.0,1.0,1.0,1.0,1.0,5.0,8.0,3.0,1.0,1.0,2.0,1.0,3.0,3.0,3.0,0.0,2.0,2.0,5.0,2.0,0.0,2.0,0.0,0.6666667,0,1,0.6666667,1,7,Alto
2.0,6.0,1.0,1.0,1.0,3.0,4.0,1.0,1.0,1.0,1.0,2.0,1.0,5.0,4.0,1.0,1.0,1.0,4.0,4.0,2.0,0.0,2.0,0.0,1.0,0,0,0.8,1,8,Alto
1.0,3.0,1.0,1.0,1.0,3.0,4.0,1.0,1.0,1.0,2.0,3.0,1.0,5.0,5.0,1.0,1.0,1.0,2.0,2.0,2.0,0.0,1.0,1.0,0.4,0,0,0.4,1,10,Alto
1.0,3.0,1.0,1.0,1.0,2.0,4.0,1.0,1.0,1.0,2.0,2.0,1.0,5.0,3.0,1.0,1.0,1.0,4.0,5.0,2.0,0.0,2.0,0.0,1.3333334,0,0,0.8,1,8,Alto
2.0,7.0,1.0,1.0,1.0,2.0,4.0,1.0,1.0,1.0,1.0,2.0,1.0,3.0,3.0,1.0,1.0,1.0,5.0,4.0,2.0,0.0,2.0,0.0,1.6666666,0,0,1.6666666,1,8,Alto
2.0,7.0,1.0,2.0,2.0,1.0,1.0,7.0,3.0,5.0,3.0,3.0,1.0,1.0,1.0,1.0,3.0,3.0,7.0,4.0,2.0,0.0,2.0,0.0,7.0,1,1,7.0,1,2,Bajo
1.0,2.0,1.0,1.0,2.0,1.0,5.0,1.0,2.0,1.0,1.0,2.0,1.0,3.0,1.0,1.0,1.0,2.0,1.0,1.0,2.0,0.0,2.0,0.0,1.0,0,0,0.33333334,1,3,Bajo
2.0,6.0,1.0,2.0,2.0,2.0,1.0,7.0,3.0,5.0,3.0,4.0,1.0,1.0,1.0,3.0,0.0,3.0,2.0,5.0,2.0,0.0,2.0,0.0,2.0,0,1,2.0,1,1,Bajo
1.0,2.0,1.0,1.0,1.0,1.0,5.0,1.0,1.0,1.0,1.0,2.0,1.0,3.0,2.0,2.0,1.0,1.0,1.0,1.0,2.0,0.0,2.0,0.0,0.5,0,0,0.33333334,1,4,Medio
2.0,7.0,1.0,2.0,2.0,1.0,1.0,1.0,2.0,1.0,3.0,5.0,2.0,2.0,2.0,1.0,3.0,3.0,6.0,4.0,2.0,0.0,2.0,0.0,3.0,0,0,3.0,0,3,Bajo
1.0,5.0,1.0,1.0,1.0,1.0,5.0,4.0,3.0,1.0,1.0,5.0,2.0,1.0,0.0,3.0,0.0,1.0,5.0,3.0,2.0,0.0,2.0,0.0,5.0,1,1,5.0,1,2,Bajo
1.0,3.0,1.0,1.0,1.0,2.0,4.0,1.0,1.0,1.0,1.0,2.0,1.0,4.0,4.0,1.0,3.0,1.0,6.0,4.0,2.0,0.0,2.0,0.0,1.5,0,0,1.5,1,4,Medio
2.0,3.0,1.0,5.0,2.0,2.0,5.0,4.0,1.0,1.0,1.0,6.0,1.0,2.0,1.0,1.0,3.0,1.0,1.0,1.0,1.0,2.0,2.0,0.0,1.0,0,0,0.5,0,5,Medio
2.0,1.0,1.0,2.0,1.0,2.0,5.0,6.0,3.0,1.0,3.0,7.0,1.0,2.0,1.0,2.0,3.0,3.0,5.0,5.0,2.0,0.0,1.0,1.0,5.0,1,1,2.5,0,4,Medio
2.0,5.0,1.0,2.0,2.0,1.0,1.0,2.0,3.0,1.0,3.0,5.0,1.0,2.0,1.0,3.0,0.0,1.0,2.0,3.0,2.0,0.0,2.0,0.0,2.0,0,1,1.0,1,1,Bajo
1.0,2.0,3.0,1.0,1.0,1.0,3.0,1.0,1.0,1.0,2.0,1.0,1.0,4.0,1.0,1.0,1.0,2.0,2.0,2.0,2.0,0.0,2.0,0.0,2.0,0,0,0.5,1,9,Alto
1.0,2.0,3.0,1.0,1.0,1.0,5.0,1.0,1.0,1.0,1.0,2.0,1.0,3.0,2.0,1.0,1.0,1.0,4.0,4.0,2.0,0.0,2.0,0.0,2.0,0,0,1.3333334,1,3,Bajo
1.0,7.0,1.0,1.0,1.0,2.0,4.0,2.0,3.0,1.0,1.0,2.0,1.0,1.0,1.0,1.0,3.0,8.0,1.0,1.0,2.0,0.0,2.0,0.0,1.0,0,0,1.0,1,1,Bajo
2.0,5.0,1.0,2.0,1.0,1.0,4.0,1.0,1.0,1.0,1.0,5.0,1.0,5.0,5.0,1.0,3.0,1.0,2.0,3.0,2.0,0.0,2.0,0.0,0.4,0,0,0.4,1,5,Medio
1.0,2.0,1.0,1.0,1.0,1.0,5.0,1.0,1.0,1.0,1.0,1.0,1.0,1.0,1.0,1.0,1.0,4.0,2.0,5.0,2.0,0.0,2.0,0.0,2.0,0,0,2.0,1,3,Bajo
2.0,7.0,1.0,5.0,2.0,1.0,1.0,4.0,3.0,5.0,3.0,6.0,2.0,1.0,1.0,1.0,3.0,1.0,1.0,1.0,2.0,0.0,2.0,0.0,1.0,0,1,1.0,0,1,Bajo
2.0,3.0,1.0,2.0,2.0,1.0,1.0,7.0,3.0,1.0,3.0,5.0,1.0,2.0,1.0,3.0,0.0,1.0,1.0,1.0,2.0,0.0,2.0,0.0,1.0,0,1,0.5,1,2,Bajo
2.0,2.0,1.0,1.0,2.0,1.0,1.0,2.0,3.0,1.0,1.0,4.0,1.0,4.0,4.0,3.0,0.0,1.0,5.0,5.0,1.0,1.0,1.0,1.0,1.25,0,1,1.25,0,2,Bajo
2.0,8.0,1.0,5.0,2.0,1.0,1.0,3.0,3.0,5.0,3.0,5.0,1.0,1.0,1.0,3.0,0.0,1.0,2.0,5.0,2.0,0.0,2.0,0.0,2.0,0,1,2.0,0,0,Bajo
1.0,2.0,1.0,1.0,1.0,1.0,5.0,1.0,2.0,1.0,2.0,1.0,1.0,2.0,1.0,2.0,1.0,3.0,4.0,4.0,2.0,0.0,2.0,0.0,4.0,1,0,2.0,1,8,Alto
1.0,3.0,1.0,1.0,1.0,1.0,5.0,2.0,3.0,1.0,1.0,2.0,1.0,2.0,1.0,1.0,1.0,1.0,1.0,1.0,2.0,0.0,2.0,0.0,1.0,0,0,0.5,1,4,Medio
1.0,8.0,1.0,5.0,2.0,1.0,1.0,5.0,3.0,1.0,1.0,2.0,1.0,2.0,2.0,1.0,6.0,3.0,6.0,4.0,2.0,0.0,2.0,0.0,3.0,0,1,3.0,1,4,Medio
1.0,7.0,4.0,1.0,1.0,2.0,4.0,1.0,1.0,1.0,1.0,2.0,1.0,1.0,1.0,2.0,2.0,4.0,2.0,5.0,1.0,1.0,2.0,0.0,2.0,0,0,2.0,1,6,Medio
2.0,7.0,1.0,1.0,1.0,2.0,1.0,8.0,3.0,3.0,3.0,6.0,1.0,1.0,1.0,3.0,0.0,8.0,1.0,1.0,2.0,0.0,2.0,0.0,1.0,0,1,1.0,0,2,Bajo
1.0,7.0,1.0,1.0,1.0,2.0,4.0,1.0,1.0,1.0,2.0,2.0,1.0,5.0,5.0,1.0,3.0,1.0,3.0,4.0,2.0,0.0,2.0,0.0,0.6,0,0,0.6,1,5,Medio
1.0,3.0,1.0,1.0,1.0,3.0,5.0,1.0,1.0,1.0,1.0,1.0,1.0,4.0,4.0,1.0,1.0,1.0,4.0,4.0,2.0,0.0,2.0,0.0,1.0,0,0,1.0,1,11,Alto
2.0,7.0,1.0,5.0,2.0,1.0,1.0,1.0,2.0,1.0,1.0,5.0,1.0,1.0,1.0,1.0,3.0,1.0,1.0,1.0,2.0,0.0,2.0,0.0,1.0,0,0,1.0,1,3,Bajo
1.0,5.0,1.0,1.0,1.0,3.0,6.0,1.0,1.0,1.0,2.0,2.0,1.0,3.0,3.0,1.0,1.0,2.0,3.0,3.0,2.0,0.0,2.0,0.0,1.0,0,0,1.0,1,10,Alto
1.0,7.0,1.0,1.0,1.0,2.0,4.0,1.0,1.0,1.0,2.0,2.0,1.0,2.0,2.0,1.0,1.0,1.0,3.0,4.0,2.0,0.0,2.0,0.0,1.5,0,0,1.5,1,8,Alto
2.0,1.0,1.0,1.0,1.0,1.0,5.0,1.0,1.0,1.0,1.0,5.0,1.0,3.0,3.0,1.0,3.0,1.0,4.0,5.0,2.0,0.0,2.0,0.0,1.3333334,0,0,1.3333334,1,4,Medio
1.0,7.0,1.0,1.0,2.0,2.0,7.0,1.0,2.0,1.0,1.0,2.0,2.0,2.0,2.0,1.0,1.0,3.0,2.0,3.0,2.0,0.0,2.0,0.0,1.0,0,0,1.0,1,4,Medio
1.0,3.0,1.0,2.0,1.0,1.0,5.0,4.0,1.0,1.0,2.0,5.0,1.0,7.0,7.0,1.0,3.0,1.0,8.0,5.0,2.0,0.0,2.0,0.0,1.1428572,0,0,1.1428572,1,8,Alto
1.0,3.0,1.0,1.0,2.0,1.0,5.0,1.0,1.0,1.0,1.0,2.0,1.0,1.0,1.0,1.0,3.0,1.0,5.0,4.0,2.0,0.0,2.0,0.0,5.0,1,0,5.0,1,7,Alto
1.0,1.0,1.0,1.0,1.0,2.0,5.0,1.0,1.0,1.0,2.0,2.0,1.0,3.0,3.0,2.0,1.0,3.0,8.0,5.0,2.0,0.0,2.0,0.0,2.6666667,0,0,2.6666667,1,8,Alto
2.0,5.0,1.0,2.0,1.0,1.0,5.0,7.0,3.0,5.0,1.0,5.0,2.0,1.0,1.0,3.0,0.0,1.0,3.0,3.0,2.0,0.0,2.0,0.0,3.0,0,1,3.0,1,4,Medio
2.0,5.0,4.0,4.0,2.0,1.0,3.0,2.0,3.0,1.0,1.0,2.0,1.0,1.0,1.0,3.0,0.0,7.0,1.0,1.0,2.0,0.0,2.0,0.0,1.0,0,1,1.0,1,3,Bajo
2.0,2.0,1.0,1.0,1.0,1.0,3.0,1.0,2.0,1.0,1.0,5.0,1.0,5.0,1.0,1.0,3.0,1.0,1.0,1.0,2.0,0.0,2.0,0.0,1.0,0,0,0.2,0,3,Bajo
1.0,7.0,1.0,1.0,1.0,2.0,4.0,1.0,1.0,1.0,1.0,2.0,1.0,3.0,2.0,1.0,2.0,3.0,5.0,4.0,2.0,0.0,2.0,0.0,2.5,0,0,1.6666666,1,6,Medio
1.0,2.0,1.0,1.0,2.0,1.0,5.0,1.0,2.0,1.0,1.0,1.0,1.0,2.0,1.0,1.0,1.0,1.0,2.0,2.0,2.0,0.0,2.0,0.0,2.0,0,0,1.0,0,3,Bajo
2.0,1.0,1.0,2.0,1.0,1.0,1.0,7.0,3.0,3.0,3.0,5.0,1.0,5.0,2.0,3.0,0.0,1.0,5.0,5.0,2.0,0.0,2.0,0.0,2.5,0,1,1.0,0,1,Bajo
1.0,7.0,3.0,1.0,2.0,2.0,4.0,1.0,1.0,1.0,1.0,2.0,1.0,1.0,1.0,1.0,1.0,3.0,4.0,4.0,2.0,0.0,2.0,0.0,4.0,1,0,4.0,1,5,Medio
2.0,3.0,1.0,2.0,2.0,1.0,1.0,5.0,2.0,1.0,4.0,5.0,1.0,1.0,1.0,3.0,0.0,1.0,3.0,3.0,2.0,0.0,2.0,0.0,3.0,0,1,3.0,0,3,Bajo
2.0,2.0,2.0,5.0,2.0,1.0,1.0,6.0,3.0,5.0,3.0,5.0,1.0,1.0,1.0,3.0,0.0,1.0,4.0,5.0,2.0,0.0,2.0,0.0,4.0,1,1,4.0,0,1,Bajo
1.0,2.0,1.0,1.0,1.0,1.0,4.0,1.0,1.0,1.0,1.0,2.0,1.0,4.0,2.0,1.0,1.0,2.0,1.0,1.0,2.0,0.0,2.0,0.0,0.5,0,0,0.25,1,3,Bajo
1.0,7.0,1.0,1.0,1.0,1.0,4.0,1.0,1.0,1.0,1.0,1.0,1.0,2.0,2.0,2.0,1.0,5.0,3.0,5.0,2.0,0.0,2.0,0.0,1.5,0,0,1.5,1,10,Alto
2.0,7.0,1.0,1.0,1.0,2.0,4.0,1.0,1.0,1.0,1.0,5.0,1.0,6.0,3.0,1.0,3.0,1.0,2.0,2.0,2.0,0.0,1.0,1.0,0.6666667,0,0,0.33333334,1,5,Medio
1.0,7.0,1.0,1.0,1.0,2.0,4.0,1.0,1.0,1.0,2.0,1.0,1.0,3.0,2.0,1.0,1.0,1.0,2.0,3.0,1.0,1.0,2.0,0.0,1.0,0,0,0.6666667,1,5,Medio
1.0,3.0,3.0,1.0,1.0,3.0,4.0,1.0,1.0,1.0,2.0,1.0,1.0,2.0,1.0,1.0,1.0,5.0,1.0,1.0,2.0,0.0,2.0,0.0,1.0,0,0,0.5,1,11,Alto
1.0,4.0,4.0,2.0,1.0,1.0,5.0,2.0,3.0,1.0,1.0,5.0,2.0,1.0,1.0,3.0,0.0,4.0,1.0,1.0,2.0,0.0,2.0,0.0,1.0,0,1,1.0,0,4,Medio
1.0,7.0,4.0,1.0,1.0,2.0,4.0,1.0,1.0,1.0,1.0,2.0,1.0,2.0,2.0,2.0,1.0,3.0,4.0,4.0,2.0,0.0,2.0,0.0,2.0,0,0,2.0,1,8,Alto
1.0,2.0,1.0,1.0,1.0,1.0,4.0,1.0,1.0,1.0,2.0,1.0,1.0,2.0,2.0,1.0,1.0,1.0,2.0,2.0,2.0,0.0,2.0,0.0,1.0,0,0,1.0,1,5,Medio
2.0,2.0,1.0,2.0,1.0,1.0,5.0,1.0,2.0,5.0,1.0,5.0,1.0,1.0,1.0,3.0,0.0,1.0,2.0,5.0,2.0,0.0,2.0,0.0,2.0,0,1,2.0,1,3,Bajo
1.0,7.0,1.0,1.0,2.0,1.0,1.0,1.0,2.0,1.0,1.0,1.0,1.0,2.0,2.0,1.0,1.0,1.0,4.0,4.0,2.0,0.0,2.0,0.0,2.0,0,0,2.0,1,4,Medio
1.0,8.0,1.0,7.0,2.0,2.0,1.0,9.0,3.0,5.0,3.0,3.0,1.0,1.0,0.0,3.0,0.0,2.0,2.0,2.0,2.0,0.0,2.0,0.0,2.0,0,1,2.0,0,1,Bajo
1.0,8.0,1.0,1.0,1.0,1.0,4.0,1.0,1.0,1.0,1.0,5.0,1.0,2.0,1.0,1.0,2.0,1.0,4.0,4.0,2.0,0.0,2.0,0.0,4.0,1,0,2.0,1,4,Medio
2.0,7.0,1.0,1.0,1.0,2.0,5.0,4.0,2.0,1.0,1.0,5.0,1.0,1.0,1.0,1.0,3.0,7.0,2.0,7.0,2.0,0.0,2.0,0.0,2.0,0,0,2.0,1,3,Bajo
1.0,2.0,1.0,1.0,1.0,1.0,4.0,1.0,1.0,1.0,2.0,1.0,1.0,4.0,2.0,1.0,1.0,1.0,3.0,4.0,2.0,0.0,2.0,0.0,1.5,0,0,0.75,1,9,Alto
2.0,3.0,1.0,2.0,2.0,1.0,1.0,1.0,2.0,1.0,3.0,5.0,2.0,2.0,1.0,3.0,0.0,1.0,1.0,1.0,2.0,0.0,2.0,0.0,1.0,0,1,0.5,0,1,Bajo
1.0,2.0,1.0,2.0,1.0,1.0,5.0,1.0,1.0,1.0,1.0,2.0,1.0,2.0,1.0,2.0,1.0,1.0,3.0,4.0,2.0,0.0,2.0,0.0,3.0,0,0,1.5,1,7,Alto
2.0,2.0,1.0,1.0,1.0,3.0,5.0,1.0,1.0,1.0,1.0,5.0,1.0,4.0,3.0,1.0,5.0,1.0,2.0,3.0,2.0,0.0,2.0,0.0,0.6666667,0,0,0.5,1,9,Alto
2.0,4.0,1.0,2.0,1.0,4.0,1.0,7.0,3.0,5.0,3.0,5.0,1.0,2.0,2.0,3.0,0.0,1.0,1.0,1.0,2.0,0.0,2.0,0.0,0.5,0,1,0.5,0,2,Bajo
1.0,4.0,1.0,2.0,1.0,2.0,7.0,1.0,1.0,5.0,1.0,2.0,1.0,2.0,2.0,1.0,1.0,1.0,6.0,5.0,2.0,0.0,2.0,0.0,3.0,0,1,3.0,0,1,Bajo
1.0,5.0,1.0,2.0,1.0,1.0,5.0,1.0,1.0,1.0,2.0,2.0,1.0,7.0,5.0,1.0,1.0,1.0,4.0,5.0,2.0,0.0,2.0,0.0,0.8,0,0,0.5714286,1,7,Alto
2.0,2.0,1.0,2.0,1.0,1.0,1.0,1.0,2.0,1.0,3.0,1.0,1.0,2.0,2.0,3.0,0.0,1.0,3.0,4.0,2.0,0.0,2.0,0.0,1.5,0,1,1.5,0,3,Bajo
2.0,7.0,1.0,1.0,2.0,1.0,5.0,1.0,2.0,1.0,1.0,5.0,1.0,3.0,2.0,2.0,2.0,1.0,4.0,4.0,2.0,0.0,2.0,0.0,2.0,0,0,1.3333334,1,7,Alto
1.0,1.0,3.0,1.0,1.0,2.0,4.0,1.0,1.0,1.0,1.0,1.0,1.0,2.0,1.0,1.0,1.0,4.0,2.0,2.0,2.0,0.0,2.0,0.0,2.0,0,0,1.0,1,6,Medio
2.0,1.0,1.0,1.0,1.0,1.0,5.0,4.0,2.0,1.0,3.0,5.0,2.0,1.0,1.0,3.0,0.0,1.0,1.0,1.0,2.0,0.0,2.0,0.0,1.0,0,1,1.0,1,5,Medio
1.0,2.0,1.0,1.0,1.0,1.0,5.0,1.0,1.0,1.0,2.0,2.0,1.0,3.0,2.0,1.0,1.0,1.0,2.0,5.0,2.0,0.0,2.0,0.0,1.0,0,0,0.6666667,1,3,Bajo
1.0,7.0,4.0,1.0,1.0,2.0,4.0,1.0,2.0,1.0,1.0,2.0,2.0,6.0,4.0,3.0,0.0,4.0,2.0,5.0,1.0,2.0,2.0,0.0,0.5,0,1,0.33333334,1,5,Medio
2.0,7.0,1.0,3.0,1.0,2.0,1.0,1.0,2.0,1.0,1.0,5.0,1.0,2.0,2.0,1.0,3.0,1.0,4.0,5.0,1.0,3.0,2.0,0.0,2.0,0,0,2.0,1,6,Medio
2.0,3.0,2.0,5.0,2.0,1.0,1.0,9.0,3.0,5.0,3.0,3.0,2.0,1.0,1.0,3.0,0.0,1.0,1.0,1.0,2.0,0.0,2.0,0.0,1.0,0,1,1.0,0,1,Bajo
1.0,3.0,1.0,1.0,2.0,1.0,4.0,2.0,3.0,1.0,1.0,2.0,1.0,1.0,1.0,1.0,2.0,3.0,3.0,4.0,1.0,1.0,2.0,0.0,3.0,0,0,3.0,1,10,Alto
2.0,2.0,1.0,2.0,1.0,1.0,2.0,3.0,3.0,1.0,1.0,1.0,1.0,1.0,1.0,1.0,3.0,1.0,3.0,5.0,1.0,2.0,2.0,0.0,3.0,0,0,3.0,1,7,Alto
2.0,1.0,1.0,1.0,1.0,3.0,5.0,1.0,1.0,1.0,1.0,2.0,1.0,3.0,2.0,1.0,1.0,1.0,3.0,3.0,2.0,0.0,2.0,0.0,1.5,0,0,1.0,1,4,Medio
2.0,6.0,1.0,1.0,1.0,1.0,4.0,1.0,1.0,1.0,1.0,2.0,1.0,2.0,2.0,1.0,4.0,1.0,3.0,3.0,1.0,1.0,2.0,0.0,1.5,0,0,1.5,1,9,Alto
2.0,5.0,1.0,2.0,2.0,4.0,1.0,7.0,3.0,1.0,3.0,5.0,1.0,2.0,1.0,3.0,0.0,1.0,1.0,1.0,2.0,0.0,2.0,0.0,1.0,0,1,0.5,0,0,Bajo
1.0,7.0,1.0,1.0,1.0,1.0,4.0,1.0,1.0,1.0,1.0,1.0,1.0,3.0,2.0,1.0,1.0,1.0,2.0,3.0,2.0,0.0,2.0,0.0,1.0,0,0,0.6666667,1,11,Alto
2.0,6.0,1.0,1.0,2.0,1.0,5.0,1.0,2.0,1.0,1.0,5.0,1.0,2.0,1.0,1.0,3.0,1.0,1.0,1.0,2.0,0.0,2.0,0.0,1.0,0,0,0.5,0,5,Medio
1.0,3.0,1.0,1.0,1.0,3.0,5.0,6.0,2.0,1.0,1.0,2.0,1.0,2.0,2.0,1.0,1.0,1.0,5.0,4.0,2.0,0.0,2.0,0.0,2.5,0,1,2.5,0,5,Medio
1.0,2.0,1.0,1.0,1.0,3.0,4.0,1.0,1.0,1.0,1.0,1.0,1.0,1.0,1.0,1.0,1.0,5.0,1.0,1.0,2.0,0.0,2.0,0.0,1.0,0,0,1.0,1,3,Bajo
1.0,2.0,3.0,1.0,1.0,1.0,3.0,1.0,1.0,1.0,2.0,2.0,1.0,4.0,3.0,1.0,1.0,1.0,5.0,4.0,2.0,0.0,2.0,0.0,1.6666666,0,0,1.25,1,10,Alto
2.0,3.0,1.0,1.0,1.0,2.0,5.0,2.0,3.0,1.0,1.0,1.0,2.0,1.0,0.0,3.0,0.0,1.0,1.0,1.0,2.0,0.0,2.0,0.0,1.0,0,1,1.0,1,2,Bajo
1.0,7.0,1.0,1.0,1.0,2.0,5.0,1.0,1.0,1.0,1.0,2.0,1.0,1.0,1.0,1.0,1.0,3.0,2.0,3.0,2.0,0.0,2.0,0.0,2.0,0,0,2.0,1,2,Bajo
1.0,6.0,1.0,1.0,1.0,1.0,1.0,1.0,2.0,1.0,1.0,2.0,1.0,1.0,1.0,2.0,1.0,3.0,6.0,4.0,2.0,0.0,2.0,0.0,6.0,1,0,6.0,1,3,Bajo
1.0,3.0,1.0,1.0,1.0,1.0,4.0,8.0,3.0,1.0,1.0,2.0,1.0,3.0,3.0,1.0,2.0,1.0,6.0,5.0,2.0,0.0,2.0,0.0,2.0,0,1,2.0,1,6,Medio
2.0,5.0,1.0,2.0,2.0,1.0,1.0,1.0,1.0,5.0,4.0,4.0,1.0,1.0,1.0,2.0,5.0,8.0,1.0,1.0,2.0,0.0,2.0,0.0,1.0,0,1,1.0,0,0,Bajo
2.0,2.0,2.0,5.0,2.0,1.0,1.0,1.0,2.0,1.0,3.0,5.0,1.0,1.0,1.0,1.0,2.0,1.0,1.0,1.0,1.0,1.0,2.0,0.0,1.0,0,0,1.0,1,2,Bajo
1.0,6.0,4.0,1.0,1.0,1.0,5.0,1.0,1.0,1.0,1.0,1.0,2.0,2.0,1.0,2.0,1.0,4.0,3.0,5.0,2.0,0.0,2.0,0.0,3.0,0,0,1.5,1,5,Medio
2.0,6.0,1.0,2.0,1.0,2.0,5.0,1.0,1.0,1.0,3.0,5.0,2.0,3.0,1.0,1.0,3.0,1.0,3.0,4.0,1.0,2.0,1.0,1.0,3.0,0,0,1.0,1,2,Bajo
1.0,2.0,1.0,1.0,1.0,1.0,5.0,1.0,1.0,1.0,2.0,2.0,1.0,4.0,3.0,1.0,1.0,1.0,4.0,5.0,2.0,0.0,2.0,0.0,1.3333334,0,0,1.0,1,4,Medio
1.0,2.0,1.0,1.0,1.0,2.0,5.0,1.0,1.0,1.0,1.0,3.0,1.0,8.0,8.0,1.0,1.0,1.0,5.0,6.0,1.0,2.0,1.0,1.0,0.625,0,0,0.625,1,11,Alto
2.0,1.0,2.0,3.0,2.0,1.0,1.0,1.0,2.0,3.0,3.0,5.0,1.0,2.0,2.0,3.0,0.0,1.0,6.0,4.0,2.0,0.0,2.0,0.0,3.0,0,1,3.0,0,1,Bajo
1.0,7.0,1.0,1.0,1.0,5.0,5.0,1.0,1.0,1.0,1.0,2.0,1.0,3.0,3.0,1.0,1.0,1.0,1.0,1.0,2.0,0.0,1.0,1.0,0.33333334,0,0,0.33333334,0,2,Bajo
2.0,5.0,1.0,2.0,2.0,1.0,1.0,5.0,3.0,5.0,3.0,5.0,1.0,2.0,1.0,3.0,0.0,1.0,4.0,4.0,2.0,0.0,2.0,0.0,4.0,1,1,2.0,0,1,Bajo
1.0,7.0,1.0,1.0,1.0,2.0,4.0,2.0,3.0,1.0,1.0,2.0,2.0,2.0,2.0,1.0,3.0,4.0,1.0,1.0,2.0,0.0,2.0,0.0,0.5,0,0,0.5,1,4,Medio
1.0,2.0,1.0,1.0,1.0,1.0,1.0,5.0,3.0,4.0,1.0,2.0,2.0,3.0,1.0,3.0,0.0,1.0,2.0,2.0,2.0,0.0,2.0,0.0,2.0,0,1,0.6666667,1,2,Bajo
1.0,3.0,3.0,1.0,1.0,3.0,4.0,1.0,1.0,1.0,1.0,2.0,1.0,3.0,3.0,1.0,2.0,4.0,5.0,5.0,1.0,1.0,2.0,0.0,1.6666666,0,0,1.6666666,1,7,Alto
1.0,2.0,1.0,1.0,1.0,3.0,7.0,1.0,1.0,1.0,2.0,2.0,1.0,3.0,2.0,2.0,1.0,1.0,6.0,4.0,2.0,0.0,2.0,0.0,3.0,0,0,2.0,0,3,Bajo
2.0,1.0,4.0,2.0,1.0,4.0,5.0,2.0,3.0,1.0,1.0,5.0,2.0,1.0,0.0,2.0,3.0,7.0,1.0,1.0,2.0,0.0,2.0,0.0,1.0,0,0,1.0,1,3,Bajo
1.0,6.0,1.0,1.0,1.0,3.0,5.0,1.0,1.0,1.0,2.0,1.0,1.0,2.0,1.0,1.0,1.0,1.0,4.0,5.0,2.0,0.0,2.0,0.0,4.0,1,0,2.0,1,7,Alto
1.0,4.0,1.0,2.0,1.0,1.0,5.0,1.0,1.0,1.0,2.0,2.0,1.0,4.0,4.0,2.0,2.0,1.0,2.0,3.0,2.0,0.0,1.0,1.0,0.5,0,0,0.5,1,6,Medio
2.0,2.0,1.0,1.0,1.0,1.0,5.0,1.0,2.0,5.0,3.0,5.0,1.0,2.0,1.0,3.0,0.0,1.0,1.0,1.0,2.0,0.0,2.0,0.0,1.0,0,1,0.5,0,2,Bajo
1.0,2.0,1.0,1.0,2.0,1.0,1.0,1.0,1.0,1.0,2.0,2.0,1.0,1.0,1.0,2.0,1.0,1.0,1.0,1.0,2.0,0.0,2.0,0.0,1.0,0,0,1.0,0,1,Bajo
1.0,7.0,1.0,1.0,1.0,2.0,4.0,1.0,1.0,1.0,1.0,2.0,1.0,1.0,1.0,1.0,1.0,1.0,5.0,5.0,2.0,0.0,2.0,0.0,5.0,1,0,5.0,1,9,Alto
1.0,7.0,1.0,1.0,1.0,2.0,4.0,4.0,1.0,1.0,1.0,2.0,2.0,1.0,1.0,3.0,0.0,1.0,5.0,4.0,2.0,0.0,2.0,0.0,5.0,1,1,5.0,1,10,Alto
2.0,2.0,1.0,1.0,2.0,1.0,1.0,7.0,3.0,5.0,4.0,5.0,1.0,1.0,1.0,3.0,0.0,1.0,1.0,1.0,2.0,0.0,2.0,0.0,1.0,0,1,1.0,0,2,Bajo
1.0,6.0,1.0,1.0,1.0,3.0,5.0,1.0,1.0,1.0,1.0,2.0,1.0,2.0,2.0,1.0,1.0,3.0,4.0,3.0,2.0,0.0,2.0,0.0,2.0,0,0,2.0,1,6,Medio
2.0,3.0,1.0,1.0,1.0,1.0,5.0,2.0,3.0,1.0,1.0,5.0,1.0,3.0,2.0,1.0,3.0,1.0,2.0,5.0,2.0,0.0,2.0,0.0,1.0,0,0,0.6666667,1,11,Alto
1.0,7.0,1.0,1.0,1.0,2.0,4.0,1.0,2.0,1.0,1.0,1.0,1.0,2.0,1.0,2.0,1.0,5.0,3.0,4.0,2.0,0.0,2.0,0.0,3.0,0,0,1.5,1,6,Medio
2.0,9.0,1.0,5.0,2.0,1.0,7.0,1.0,1.0,1.0,1.0,2.0,1.0,2.0,2.0,1.0,2.0,1.0,3.0,4.0,2.0,0.0,2.0,0.0,1.5,0,0,1.5,1,6,Medio
1.0,4.0,1.0,1.0,1.0,1.0,4.0,1.0,1.0,1.0,2.0,2.0,1.0,7.0,3.0,1.0,1.0,1.0,2.0,3.0,2.0,0.0,2.0,0.0,0.6666667,0,0,0.2857143,1,9,Alto
1.0,7.0,1.0,1.0,1.0,1.0,5.0,1.0,1.0,1.0,1.0,1.0,1.0,5.0,5.0,1.0,1.0,1.0,5.0,4.0,2.0,0.0,2.0,0.0,1.0,0,0,1.0,1,6,Medio
1.0,7.0,1.0,1.0,1.0,2.0,4.0,1.0,1.0,1.0,8.0,2.0,1.0,1.0,1.0,1.0,1.0,1.0,1.0,1.0,1.0,2.0,2.0,0.0,1.0,0,0,1.0,1,9,Alto
2.0,3.0,1.0,5.0,2.0,1.0,1.0,5.0,3.0,1.0,3.0,5.0,2.0,1.0,1.0,3.0,0.0,3.0,2.0,3.0,2.0,0.0,2.0,0.0,2.0,0,1,2.0,1,1,Bajo
2.0,4.0,1.0,1.0,1.0,1.0,7.0,1.0,2.0,1.0,1.0,2.0,1.0,3.0,1.0,1.0,1.0,1.0,1.0,1.0,2.0,0.0,2.0,0.0,1.0,0,0,0.33333334,1,7,Alto
1.0,7.0,1.0,1.0,1.0,1.0,5.0,1.0,1.0,1.0,2.0,2.0,1.0,2.0,2.0,1.0,3.0,3.0,7.0,4.0,2.0,0.0,2.0,0.0,3.5,1,0,3.5,1,4,Medio
2.0,2.0,1.0,1.0,1.0,1.0,5.0,1.0,2.0,1.0,1.0,5.0,1.0,4.0,1.0,1.0,3.0,1.0,2.0,2.0,2.0,0.0,2.0,0.0,2.0,0,0,0.5,0,5,Medio
1.0,2.0,1.0,1.0,1.0,3.0,5.0,1.0,2.0,1.0,1.0,3.0,1.0,1.0,1.0,1.0,1.0,1.0,1.0,1.0,2.0,0.0,2.0,0.0,1.0,0,0,1.0,1,4,Medio
1.0,2.0,1.0,1.0,1.0,2.0,3.0,2.0,3.0,1.0,2.0,2.0,1.0,3.0,2.0,1.0,1.0,4.0,4.0,5.0,2.0,0.0,2.0,0.0,2.0,0,0,1.3333334,1,3,Bajo
2.0,5.0,1.0,2.0,2.0,4.0,1.0,7.0,3.0,1.0,3.0,5.0,1.0,2.0,1.0,3.0,0.0,1.0,2.0,5.0,2.0,0.0,2.0,0.0,2.0,0,1,1.0,0,1,Bajo
1.0,2.0,4.0,2.0,1.0,1.0,3.0,1.0,1.0,1.0,1.0,1.0,2.0,3.0,2.0,2.0,1.0,1.0,1.0,1.0,2.0,0.0,2.0,0.0,0.5,0,0,0.33333334,1,6,Medio
2.0,7.0,1.0,5.0,2.0,1.0,1.0,3.0,3.0,5.0,3.0,5.0,2.0,1.0,1.0,1.0,4.0,1.0,2.0,2.0,2.0,0.0,2.0,0.0,2.0,0,1,2.0,0,0,Bajo
2.0,2.0,1.0,2.0,1.0,1.0,5.0,1.0,1.0,1.0,1.0,6.0,1.0,2.0,2.0,3.0,0.0,1.0,4.0,5.0,2.0,0.0,2.0,0.0,2.0,0,1,2.0,0,3,Bajo
2.0,2.0,1.0,2.0,1.0,1.0,1.0,6.0,2.0,1.0,3.0,5.0,2.0,1.0,1.0,3.0,0.0,1.0,4.0,4.0,2.0,0.0,2.0,0.0,4.0,1,1,4.0,1,2,Bajo
1.0,7.0,1.0,5.0,2.0,5.0,5.0,1.0,1.0,1.0,1.0,1.0,1.0,1.0,1.0,1.0,3.0,1.0,7.0,4.0,2.0,0.0,2.0,0.0,7.0,1,0,7.0,1,3,Bajo
1.0,3.0,1.0,1.0,2.0,2.0,5.0,1.0,2.0,1.0,1.0,2.0,1.0,3.0,3.0,1.0,1.0,1.0,6.0,5.0,2.0,0.0,2.0,0.0,2.0,0,0,2.0,1,6,Medio
1.0,4.0,1.0,1.0,1.0,1.0,4.0,1.0,1.0,1.0,1.0,2.0,2.0,2.0,2.0,1.0,1.0,3.0,3.0,4.0,2.0,0.0,2.0,0.0,1.5,0,0,1.5,1,9,Alto
1.0,2.0,3.0,1.0,1.0,1.0,3.0,1.0,1.0,1.0,2.0,2.0,1.0,3.0,3.0,1.0,1.0,4.0,5.0,5.0,2.0,0.0,2.0,0.0,1.6666666,0,0,1.6666666,1,8,Alto
1.0,5.0,1.0,1.0,1.0,1.0,5.0,1.0,1.0,1.0,2.0,2.0,1.0,5.0,5.0,1.0,1.0,2.0,2.0,5.0,2.0,0.0,2.0,0.0,0.4,0,0,0.4,1,3,Bajo
1.0,2.0,4.0,2.0,1.0,1.0,5.0,1.0,1.0,1.0,1.0,1.0,1.0,1.0,1.0,2.0,1.0,3.0,2.0,2.0,2.0,0.0,2.0,0.0,2.0,0,0,2.0,1,5,Medio
1.0,9.0,1.0,1.0,1.0,1.0,4.0,4.0,1.0,1.0,1.0,1.0,1.0,6.0,2.0,1.0,3.0,1.0,4.0,5.0,2.0,0.0,2.0,0.0,2.0,0,0,0.6666667,1,6,Medio
2.0,5.0,1.0,2.0,2.0,1.0,1.0,2.0,3.0,1.0,3.0,4.0,1.0,2.0,2.0,3.0,0.0,1.0,1.0,1.0,2.0,0.0,2.0,0.0,0.5,0,1,0.5,0,1,Bajo
2.0,2.0,4.0,2.0,2.0,4.0,5.0,3.0,3.0,1.0,3.0,5.0,1.0,5.0,3.0,2.0,3.0,1.0,6.0,4.0,2.0,0.0,2.0,0.0,2.0,0,0,1.2,1,4,Medio
1.0,7.0,1.0,1.0,1.0,2.0,6.0,1.0,1.0,1.0,1.0,2.0,1.0,3.0,2.0,1.0,1.0,1.0,6.0,5.0,2.0,0.0,2.0,0.0,3.0,0,0,2.0,1,12,Alto
1.0,7.0,3.0,1.0,1.0,3.0,4.0,1.0,1.0,1.0,2.0,7.0,1.0,3.0,1.0,1.0,1.0,1.0,1.0,1.0,2.0,0.0,2.0,0.0,1.0,0,0,0.33333334,1,13,Alto
2.0,2.0,1.0,1.0,2.0,1.0,1.0,1.0,1.0,1.0,3.0,2.0,1.0,2.0,2.0,3.0,0.0,1.0,3.0,5.0,2.0,0.0,1.0,1.0,1.5,0,1,1.5,1,4,Medio
2.0,3.0,1.0,2.0,1.0,2.0,1.0,1.0,1.0,5.0,3.0,5.0,1.0,1.0,1.0,3.0,0.0,1.0,5.0,5.0,2.0,0.0,2.0,0.0,5.0,1,1,5.0,1,3,Bajo
2.0,4.0,1.0,2.0,2.0,1.0,1.0,5.0,3.0,1.0,3.0,5.0,2.0,1.0,1.0,3.0,0.0,1.0,2.0,3.0,2.0,0.0,2.0,0.0,2.0,0,1,2.0,0,1,Bajo
1.0,7.0,1.0,1.0,2.0,5.0,7.0,1.0,2.0,1.0,1.0,2.0,2.0,1.0,0.0,1.0,2.0,2.0,8.0,5.0,2.0,0.0,2.0,0.0,8.0,1,0,8.0,1,6,Medio
1.0,3.0,1.0,1.0,1.0,1.0,4.0,1.0,1.0,1.0,2.0,2.0,2.0,1.0,1.0,1.0,1.0,1.0,2.0,3.0,2.0,0.0,2.0,0.0,2.0,0,0,2.0,1,8,Alto
1.0,2.0,1.0,2.0,1.0,1.0,5.0,1.0,1.0,1.0,2.0,2.0,1.0,2.0,1.0,1.0,1.0,1.0,2.0,2.0,1.0,3.0,2.0,0.0,2.0,0,0,1.0,1,4,Medio
1.0,2.0,1.0,1.0,1.0,1.0,9.0,1.0,1.0,1.0,1.0,1.0,1.0,5.0,2.0,1.0,1.0,3.0,4.0,4.0,2.0,0.0,2.0,0.0,2.0,0,0,0.8,1,7,Alto
1.0,8.0,1.0,1.0,2.0,3.0,4.0,1.0,1.0,1.0,8.0,2.0,2.0,1.0,1.0,1.0,1.0,4.0,1.0,1.0,2.0,0.0,2.0,0.0,1.0,0,0,1.0,0,2,Bajo
1.0,2.0,1.0,1.0,1.0,1.0,5.0,2.0,3.0,1.0,1.0,2.0,2.0,4.0,4.0,2.0,5.0,1.0,4.0,5.0,2.0,0.0,2.0,0.0,1.0,0,0,1.0,0,1,Bajo
2.0,2.0,1.0,2.0,1.0,1.0,3.0,2.0,3.0,1.0,1.0,5.0,1.0,3.0,2.0,3.0,0.0,1.0,8.0,5.0,2.0,0.0,2.0,0.0,4.0,1,1,2.6666667,1,8,Alto
1.0,3.0,4.0,2.0,1.0,1.0,5.0,8.0,3.0,1.0,1.0,2.0,2.0,1.0,1.0,2.0,1.0,4.0,3.0,4.0,2.0,0.0,2.0,0.0,3.0,0,1,3.0,1,4,Medio
2.0,2.0,1.0,2.0,1.0,1.0,1.0,1.0,2.0,1.0,3.0,3.0,1.0,4.0,1.0,1.0,2.0,1.0,2.0,2.0,2.0,0.0,1.0,1.0,2.0,0,0,0.5,0,5,Medio
2.0,9.0,1.0,5.0,2.0,4.0,1.0,5.0,3.0,1.0,1.0,5.0,1.0,2.0,2.0,1.0,5.0,1.0,5.0,5.0,2.0,0.0,2.0,0.0,2.5,0,1,2.5,1,5,Medio
2.0,3.0,1.0,1.0,1.0,2.0,5.0,1.0,2.0,1.0,1.0,2.0,1.0,3.0,3.0,1.0,3.0,1.0,3.0,4.0,2.0,0.0,2.0,0.0,1.0,0,0,1.0,1,9,Alto
2.0,3.0,1.0,1.0,1.0,1.0,4.0,9.0,1.0,1.0,8.0,2.0,2.0,3.0,1.0,3.0,0.0,3.0,1.0,1.0,1.0,1.0,2.0,0.0,1.0,0,1,0.33333334,0,3,Bajo
1.0,3.0,3.0,1.0,1.0,1.0,4.0,1.0,1.0,1.0,2.0,1.0,1.0,3.0,1.0,1.0,1.0,1.0,2.0,2.0,2.0,0.0,2.0,0.0,2.0,0,0,0.6666667,1,8,Alto
1.0,6.0,3.0,1.0,1.0,3.0,4.0,1.0,1.0,1.0,1.0,2.0,1.0,1.0,1.0,1.0,1.0,5.0,1.0,1.0,2.0,0.0,2.0,0.0,1.0,0,0,1.0,1,8,Alto
1.0,2.0,1.0,1.0,1.0,1.0,3.0,1.0,1.0,1.0,1.0,2.0,1.0,2.0,2.0,1.0,1.0,3.0,4.0,3.0,2.0,0.0,2.0,0.0,2.0,0,0,2.0,1,3,Bajo
1.0,7.0,1.0,1.0,1.0,2.0,5.0,1.0,1.0,1.0,1.0,2.0,1.0,1.0,0.0,1.0,3.0,1.0,4.0,5.0,2.0,0.0,1.0,1.0,4.0,1,0,4.0,1,4,Medio
2.0,3.0,1.0,5.0,2.0,1.0,1.0,7.0,3.0,3.0,1.0,5.0,1.0,2.0,1.0,1.0,3.0,1.0,1.0,1.0,1.0,3.0,2.0,0.0,1.0,0,1,0.5,1,5,Medio
1.0,3.0,1.0,1.0,1.0,1.0,5.0,1.0,2.0,1.0,2.0,2.0,1.0,3.0,3.0,1.0,1.0,1.0,3.0,3.0,2.0,0.0,2.0,0.0,1.0,0,0,1.0,0,4,Medio
1.0,7.0,1.0,1.0,1.0,2.0,4.0,1.0,2.0,1.0,1.0,2.0,1.0,2.0,1.0,1.0,3.0,1.0,3.0,4.0,2.0,0.0,2.0,0.0,3.0,0,0,1.5,1,6,Medio
1.0,7.0,1.0,1.0,1.0,2.0,4.0,1.0,1.0,1.0,2.0,1.0,1.0,5.0,4.0,1.0,1.0,1.0,2.0,3.0,2.0,0.0,2.0,0.0,0.5,0,0,0.4,1,10,Alto
1.0,3.0,1.0,1.0,1.0,3.0,4.0,1.0,1.0,1.0,2.0,2.0,1.0,3.0,3.0,1.0,1.0,4.0,4.0,4.0,2.0,0.0,2.0,0.0,1.3333334,0,0,1.3333334,1,8,Alto
1.0,2.0,1.0,1.0,1.0,1.0,5.0,1.0,1.0,1.0,1.0,2.0,1.0,1.0,1.0,1.0,1.0,3.0,3.0,4.0,2.0,0.0,1.0,1.0,3.0,0,0,3.0,1,3,Bajo
2.0,3.0,1.0,5.0,2.0,1.0,1.0,7.0,3.0,5.0,3.0,5.0,2.0,1.0,1.0,3.0,0.0,1.0,1.0,1.0,2.0,0.0,2.0,0.0,1.0,0,1,1.0,1,2,Bajo
1.0,2.0,1.0,1.0,1.0,2.0,2.0,1.0,1.0,1.0,2.0,1.0,1.0,4.0,4.0,1.0,1.0,1.0,6.0,4.0,2.0,0.0,1.0,1.0,1.5,0,0,1.5,1,11,Alto
1.0,7.0,1.0,1.0,1.0,3.0,4.0,1.0,1.0,1.0,1.0,2.0,1.0,3.0,3.0,1.0,3.0,1.0,1.0,1.0,2.0,0.0,2.0,0.0,0.33333334,0,0,0.33333334,0,0,Bajo
1.0,5.0,1.0,1.0,1.0,1.0,4.0,2.0,3.0,1.0,2.0,2.0,1.0,3.0,2.0,1.0,1.0,1.0,4.0,4.0,2.0,0.0,2.0,0.0,2.0,0,0,1.3333334,1,7,Alto
2.0,2.0,1.0,2.0,1.0,1.0,1.0,1.0,2.0,1.0,3.0,5.0,1.0,3.0,3.0,1.0,3.0,1.0,8.0,5.0,2.0,0.0,2.0,0.0,2.6666667,0,0,2.6666667,1,3,Bajo
1.0,3.0,1.0,1.0,1.0,1.0,5.0,1.0,1.0,1.0,2.0,2.0,1.0,2.0,2.0,1.0,1.0,1.0,5.0,5.0,2.0,0.0,2.0,0.0,2.5,0,0,2.5,1,7,Alto
2.0,4.0,2.0,2.0,2.0,4.0,1.0,1.0,2.0,1.0,3.0,5.0,1.0,2.0,1.0,3.0,0.0,1.0,2.0,3.0,2.0,0.0,2.0,0.0,2.0,0,1,1.0,0,1,Bajo
1.0,2.0,3.0,1.0,2.0,1.0,5.0,1.0,1.0,1.0,1.0,1.0,1.0,3.0,2.0,1.0,1.0,1.0,4.0,5.0,2.0,0.0,2.0,0.0,2.0,0,0,1.3333334,1,7,Alto
1.0,7.0,4.0,1.0,1.0,2.0,4.0,1.0,1.0,1.0,1.0,2.0,1.0,2.0,1.0,2.0,2.0,4.0,7.0,4.0,2.0,0.0,2.0,0.0,7.0,1,0,3.5,1,5,Medio
1.0,7.0,4.0,1.0,1.0,2.0,4.0,1.0,1.0,1.0,1.0,1.0,1.0,1.0,1.0,2.0,1.0,4.0,1.0,1.0,2.0,0.0,2.0,0.0,1.0,0,0,1.0,1,3,Bajo
2.0,3.0,1.0,2.0,2.0,4.0,1.0,7.0,3.0,4.0,3.0,5.0,2.0,1.0,1.0,3.0,0.0,1.0,3.0,4.0,2.0,0.0,2.0,0.0,3.0,0,1,3.0,1,2,Bajo
1.0,4.0,1.0,2.0,1.0,1.0,5.0,1.0,1.0,1.0,2.0,2.0,1.0,3.0,2.0,1.0,1.0,1.0,4.0,3.0,2.0,0.0,2.0,0.0,2.0,0,0,1.3333334,1,7,Alto
1.0,2.0,1.0,1.0,1.0,1.0,5.0,1.0,1.0,1.0,1.0,2.0,1.0,3.0,2.0,1.0,1.0,1.0,2.0,3.0,2.0,0.0,2.0,0.0,1.0,0,0,0.6666667,1,3,Bajo
2.0,5.0,1.0,2.0,2.0,1.0,1.0,3.0,3.0,1.0,3.0,5.0,1.0,1.0,1.0,3.0,0.0,1.0,8.0,5.0,2.0,0.0,2.0,0.0,8.0,1,1,8.0,1,1,Bajo
1.0,2.0,3.0,1.0,1.0,1.0,5.0,1.0,1.0,1.0,1.0,2.0,1.0,2.0,1.0,1.0,1.0,3.0,2.0,3.0,2.0,0.0,2.0,0.0,2.0,0,0,1.0,1,7,Alto
1.0,2.0,1.0,1.0,1.0,1.0,4.0,1.0,1.0,1.0,2.0,2.0,2.0,5.0,3.0,1.0,1.0,1.0,3.0,5.0,2.0,0.0,2.0,0.0,1.0,0,0,0.6,1,8,Alto
1.0,3.0,2.0,5.0,2.0,1.0,1.0,1.0,2.0,1.0,1.0,2.0,2.0,1.0,0.0,1.0,1.0,1.0,1.0,1.0,1.0,2.0,2.0,0.0,1.0,0,0,1.0,1,2,Bajo
1.0,7.0,3.0,1.0,1.0,3.0,4.0,1.0,1.0,1.0,2.0,1.0,1.0,2.0,2.0,1.0,1.0,2.0,3.0,4.0,2.0,0.0,2.0,0.0,1.5,0,0,1.5,1,8,Alto
1.0,7.0,4.0,1.0,1.0,2.0,4.0,1.0,1.0,1.0,1.0,2.0,1.0,1.0,1.0,2.0,1.0,3.0,6.0,4.0,2.0,0.0,2.0,0.0,6.0,1,0,6.0,1,5,Medio
1.0,8.0,1.0,1.0,1.0,2.0,4.0,4.0,1.0,1.0,1.0,1.0,1.0,4.0,3.0,1.0,2.0,2.0,6.0,4.0,2.0,0.0,2.0,0.0,2.0,0,0,1.5,1,11,Alto
1.0,5.0,1.0,1.0,2.0,1.0,5.0,1.0,1.0,1.0,2.0,2.0,1.0,3.0,3.0,2.0,1.0,1.0,3.0,4.0,2.0,0.0,2.0,0.0,1.0,0,0,1.0,0,4,Medio
1.0,3.0,3.0,1.0,1.0,2.0,2.0,1.0,1.0,1.0,2.0,1.0,1.0,3.0,3.0,1.0,1.0,4.0,5.0,6.0,2.0,0.0,2.0,0.0,1.6666666,0,0,1.6666666,1,11,Alto
2.0,4.0,1.0,2.0,1.0,1.0,1.0,3.0,3.0,2.0,1.0,5.0,1.0,1.0,1.0,3.0,0.0,1.0,2.0,3.0,2.0,0.0,2.0,0.0,2.0,0,1,2.0,1,5,Medio
1.0,3.0,6.0,1.0,1.0,3.0,4.0,1.0,2.0,1.0,8.0,2.0,2.0,1.0,0.0,2.0,1.0,7.0,1.0,1.0,2.0,0.0,2.0,0.0,1.0,0,0,1.0,1,6,Medio
2.0,3.0,1.0,2.0,1.0,1.0,5.0,1.0,1.0,1.0,1.0,5.0,1.0,1.0,1.0,2.0,5.0,1.0,3.0,3.0,2.0,0.0,2.0,0.0,3.0,0,0,3.0,1,13,Alto
2.0,2.0,1.0,2.0,1.0,1.0,1.0,7.0,3.0,1.0,1.0,1.0,1.0,2.0,2.0,1.0,3.0,1.0,3.0,3.0,1.0,1.0,2.0,0.0,1.5,0,1,1.5,0,3,Bajo
1.0,3.0,1.0,1.0,1.0,1.0,4.0,9.0,3.0,1.0,1.0,5.0,2.0,1.0,1.0,3.0,0.0,3.0,1.0,1.0,2.0,0.0,2.0,0.0,1.0,0,1,1.0,1,4,Medio
1.0,8.0,1.0,5.0,2.0,1.0,1.0,8.0,3.0,1.0,1.0,2.0,1.0,4.0,1.0,1.0,5.0,2.0,1.0,8.0,2.0,0.0,2.0,0.0,1.0,0,1,0.25,0,4,Medio
2.0,3.0,1.0,2.0,1.0,1.0,1.0,1.0,2.0,1.0,3.0,5.0,1.0,4.0,4.0,1.0,3.0,1.0,12.0,5.0,2.0,0.0,1.0,1.0,3.0,0,0,3.0,1,3,Bajo
1.0,2.0,1.0,1.0,1.0,1.0,8.0,1.0,1.0,1.0,1.0,1.0,1.0,5.0,3.0,1.0,1.0,2.0,2.0,2.0,2.0,0.0,2.0,0.0,0.6666667,0,0,0.4,1,10,Alto
1.0,7.0,1.0,1.0,1.0,1.0,4.0,1.0,2.0,1.0,1.0,2.0,2.0,1.0,1.0,2.0,2.0,1.0,2.0,3.0,2.0,0.0,2.0,0.0,2.0,0,0,2.0,0,4,Medio
1.0,2.0,1.0,1.0,1.0,3.0,5.0,1.0,1.0,1.0,2.0,1.0,1.0,2.0,2.0,1.0,1.0,1.0,2.0,3.0,2.0,0.0,2.0,0.0,1.0,0,0,1.0,1,7,Alto
2.0,5.0,1.0,2.0,2.0,1.0,1.0,2.0,3.0,1.0,3.0,3.0,2.0,1.0,1.0,3.0,0.0,1.0,1.0,1.0,2.0,0.0,2.0,0.0,1.0,0,1,1.0,0,1,Bajo
2.0,2.0,6.0,7.0,2.0,5.0,8.0,9.0,3.0,5.0,7.0,7.0,2.0,1.0,0.0,3.0,0.0,8.0,1.0,1.0,2.0,0.0,2.0,0.0,1.0,0,1,1.0,0,0,Bajo
2.0,8.0,2.0,7.0,2.0,1.0,1.0,7.0,3.0,5.0,3.0,5.0,2.0,1.0,1.0,1.0,3.0,1.0,2.0,3.0,2.0,0.0,2.0,0.0,2.0,0,1,2.0,0,1,Bajo
2.0,2.0,1.0,1.0,1.0,1.0,5.0,3.0,3.0,1.0,3.0,1.0,1.0,3.0,2.0,1.0,2.0,1.0,5.0,5.0,2.0,0.0,1.0,1.0,2.5,0,0,1.6666666,1,3,Bajo
1.0,7.0,1.0,1.0,1.0,2.0,4.0,1.0,2.0,1.0,1.0,1.0,2.0,1.0,1.0,2.0,2.0,3.0,4.0,4.0,2.0,0.0,2.0,0.0,4.0,1,0,4.0,1,3,Bajo
1.0,2.0,3.0,1.0,1.0,1.0,3.0,1.0,1.0,1.0,2.0,1.0,1.0,3.0,1.0,1.0,1.0,5.0,1.0,1.0,2.0,0.0,2.0,0.0,1.0,0,0,0.33333334,1,5,Medio
1.0,7.0,3.0,1.0,1.0,2.0,6.0,1.0,1.0,1.0,1.0,2.0,1.0,3.0,3.0,1.0,1.0,4.0,5.0,4.0,2.0,0.0,2.0,0.0,1.6666666,0,0,1.6666666,1,6,Medio
1.0,2.0,3.0,1.0,1.0,2.0,3.0,1.0,1.0,1.0,1.0,1.0,1.0,3.0,3.0,1.0,1.0,4.0,6.0,4.0,2.0,0.0,2.0,0.0,2.0,0,0,2.0,1,5,Medio
1.0,7.0,1.0,1.0,1.0,2.0,4.0,1.0,1.0,1.0,1.0,2.0,1.0,3.0,3.0,1.0,1.0,1.0,2.0,5.0,2.0,0.0,2.0,0.0,0.6666667,0,0,0.6666667,1,12,Alto
2.0,5.0,1.0,2.0,1.0,1.0,1.0,1.0,2.0,5.0,1.0,5.0,2.0,1.0,0.0,3.0,0.0,1.0,1.0,1.0,2.0,0.0,2.0,0.0,1.0,0,1,1.0,1,3,Bajo
1.0,2.0,1.0,1.0,1.0,3.0,4.0,1.0,1.0,1.0,1.0,2.0,1.0,2.0,1.0,1.0,1.0,1.0,1.0,1.0,2.0,0.0,2.0,0.0,1.0,0,0,0.5,0,4,Medio
1.0,7.0,1.0,1.0,1.0,2.0,5.0,1.0,2.0,1.0,1.0,2.0,1.0,3.0,3.0,1.0,2.0,1.0,6.0,4.0,2.0,0.0,2.0,0.0,2.0,0,0,2.0,1,6,Medio
2.0,2.0,2.0,5.0,2.0,1.0,1.0,1.0,2.0,5.0,3.0,5.0,2.0,1.0,0.0,3.0,0.0,1.0,1.0,1.0,2.0,0.0,2.0,0.0,1.0,0,1,1.0,1,1,Bajo
1.0,5.0,4.0,1.0,1.0,1.0,5.0,1.0,2.0,1.0,1.0,2.0,2.0,1.0,0.0,2.0,3.0,4.0,1.0,1.0,2.0,0.0,2.0,0.0,1.0,0,0,1.0,1,2,Bajo
1.0,7.0,1.0,1.0,1.0,2.0,1.0,1.0,2.0,1.0,1.0,2.0,1.0,3.0,3.0,1.0,3.0,4.0,7.0,5.0,1.0,2.0,1.0,1.0,2.3333333,0,0,2.3333333,1,4,Medio
1.0,2.0,4.0,1.0,1.0,2.0,6.0,1.0,2.0,1.0,1.0,2.0,2.0,2.0,1.0,2.0,1.0,4.0,1.0,1.0,2.0,0.0,1.0,1.0,1.0,0,0,0.5,1,3,Bajo
1.0,6.0,1.0,1.0,1.0,1.0,5.0,2.0,3.0,1.0,8.0,1.0,2.0,1.0,0.0,3.0,0.0,3.0,2.0,3.0,2.0,0.0,2.0,0.0,2.0,0,1,2.0,0,3,Bajo
1.0,3.0,3.0,1.0,1.0,3.0,4.0,1.0,1.0,1.0,2.0,1.0,1.0,2.0,1.0,1.0,1.0,4.0,2.0,6.0,2.0,0.0,2.0,0.0,2.0,0,0,1.0,1,7,Alto
2.0,2.0,1.0,1.0,1.0,1.0,5.0,5.0,1.0,1.0,1.0,5.0,1.0,2.0,1.0,1.0,3.0,1.0,1.0,1.0,2.0,0.0,2.0,0.0,1.0,0,1,0.5,1,7,Alto
2.0,2.0,1.0,2.0,2.0,4.0,1.0,1.0,1.0,1.0,3.0,4.0,2.0,1.0,1.0,3.0,0.0,1.0,1.0,1.0,2.0,0.0,2.0,0.0,1.0,0,1,1.0,1,1,Bajo
1.0,1.0,1.0,1.0,1.0,2.0,4.0,1.0,1.0,1.0,2.0,2.0,1.0,4.0,3.0,1.0,1.0,3.0,5.0,4.0,2.0,0.0,2.0,0.0,1.6666666,0,0,1.25,1,9,Alto
1.0,8.0,1.0,1.0,2.0,2.0,1.0,6.0,3.0,5.0,3.0,1.0,2.0,1.0,1.0,3.0,0.0,1.0,1.0,1.0,2.0,0.0,2.0,0.0,1.0,0,1,1.0,0,0,Bajo
1.0,5.0,1.0,1.0,1.0,3.0,5.0,1.0,2.0,1.0,2.0,2.0,1.0,4.0,3.0,1.0,1.0,1.0,6.0,4.0,2.0,0.0,2.0,0.0,2.0,0,0,1.5,1,5,Medio
2.0,6.0,1.0,1.0,2.0,1.0,5.0,5.0,3.0,1.0,3.0,5.0,2.0,1.0,1.0,3.0,0.0,1.0,4.0,4.0,2.0,0.0,2.0,0.0,4.0,1,1,4.0,1,5,Medio
2.0,3.0,1.0,2.0,1.0,4.0,1.0,3.0,3.0,5.0,3.0,5.0,1.0,2.0,2.0,3.0,0.0,1.0,2.0,2.0,2.0,0.0,2.0,0.0,1.0,0,1,1.0,0,2,Bajo
1.0,7.0,6.0,1.0,1.0,1.0,5.0,1.0,2.0,1.0,1.0,2.0,2.0,2.0,0.0,2.0,2.0,7.0,3.0,4.0,2.0,0.0,2.0,0.0,3.0,0,0,1.5,1,4,Medio
1.0,2.0,1.0,1.0,1.0,1.0,3.0,1.0,1.0,1.0,1.0,1.0,1.0,8.0,4.0,1.0,1.0,1.0,3.0,5.0,2.0,0.0,2.0,0.0,0.75,0,0,0.375,1,7,Alto
1.0,3.0,4.0,1.0,1.0,3.0,4.0,8.0,3.0,1.0,1.0,2.0,1.0,1.0,1.0,2.0,3.0,4.0,2.0,2.0,1.0,1.0,2.0,0.0,2.0,0,1,2.0,1,3,Bajo
2.0,1.0,1.0,1.0,1.0,2.0,5.0,1.0,2.0,1.0,1.0,5.0,1.0,3.0,1.0,1.0,3.0,1.0,2.0,3.0,2.0,0.0,2.0,0.0,2.0,0,0,0.6666667,1,5,Medio
1.0,2.0,1.0,1.0,2.0,1.0,5.0,1.0,2.0,1.0,1.0,1.0,1.0,1.0,1.0,1.0,3.0,1.0,3.0,4.0,2.0,0.0,2.0,0.0,3.0,0,0,3.0,0,3,Bajo
1.0,7.0,1.0,1.0,1.0,2.0,5.0,1.0,1.0,1.0,1.0,2.0,1.0,3.0,3.0,1.0,1.0,5.0,4.0,5.0,2.0,0.0,2.0,0.0,1.3333334,0,0,1.3333334,1,4,Medio
1.0,1.0,1.0,1.0,1.0,1.0,5.0,1.0,2.0,1.0,2.0,2.0,1.0,4.0,2.0,1.0,1.0,1.0,1.0,1.0,2.0,0.0,2.0,0.0,0.5,0,0,0.25,1,6,Medio
2.0,4.0,1.0,2.0,2.0,4.0,1.0,2.0,3.0,1.0,3.0,5.0,1.0,3.0,3.0,3.0,0.0,1.0,1.0,1.0,2.0,0.0,2.0,0.0,0.33333334,0,1,0.33333334,0,1,Bajo
2.0,1.0,1.0,2.0,1.0,2.0,1.0,1.0,2.0,1.0,3.0,5.0,1.0,2.0,1.0,1.0,1.0,3.0,2.0,2.0,2.0,0.0,2.0,0.0,2.0,0,0,1.0,0,1,Bajo
1.0,2.0,1.0,1.0,1.0,1.0,5.0,1.0,1.0,1.0,1.0,1.0,1.0,2.0,2.0,1.0,1.0,4.0,5.0,4.0,2.0,0.0,2.0,0.0,2.5,0,0,2.5,1,5,Medio
1.0,7.0,4.0,1.0,1.0,3.0,5.0,1.0,1.0,1.0,8.0,1.0,2.0,1.0,1.0,2.0,1.0,4.0,1.0,1.0,2.0,0.0,2.0,0.0,1.0,0,0,1.0,1,5,Medio
1.0,7.0,1.0,1.0,1.0,2.0,5.0,1.0,1.0,1.0,1.0,2.0,2.0,6.0,4.0,1.0,1.0,1.0,5.0,5.0,2.0,0.0,2.0,0.0,1.25,0,0,0.8333333,1,4,Medio
1.0,7.0,1.0,1.0,1.0,1.0,4.0,1.0,1.0,1.0,1.0,2.0,1.0,2.0,2.0,1.0,3.0,1.0,4.0,4.0,2.0,0.0,2.0,0.0,2.0,0,0,2.0,1,11,Alto
1.0,2.0,1.0,1.0,1.0,3.0,5.0,3.0,3.0,5.0,1.0,1.0,1.0,3.0,1.0,1.0,1.0,1.0,1.0,1.0,2.0,0.0,2.0,0.0,1.0,0,1,0.33333334,1,1,Bajo
1.0,2.0,4.0,2.0,1.0,1.0,5.0,1.0,1.0,1.0,2.0,2.0,1.0,1.0,1.0,2.0,1.0,4.0,1.0,1.0,2.0,0.0,1.0,1.0,1.0,0,0,1.0,0,4,Medio
1.0,7.0,1.0,1.0,1.0,2.0,4.0,1.0,1.0,1.0,1.0,2.0,1.0,2.0,2.0,1.0,3.0,2.0,4.0,5.0,2.0,0.0,2.0,0.0,2.0,0,0,2.0,1,5,Medio
1.0,2.0,1.0,1.0,1.0,1.0,5.0,1.0,1.0,1.0,1.0,2.0,1.0,3.0,3.0,1.0,1.0,1.0,4.0,4.0,2.0,0.0,2.0,0.0,1.3333334,0,0,1.3333334,1,8,Alto
1.0,2.0,1.0,1.0,1.0,1.0,5.0,1.0,1.0,1.0,1.0,1.0,1.0,2.0,1.0,1.0,1.0,2.0,1.0,1.0,2.0,0.0,2.0,0.0,1.0,0,0,0.5,1,7,Alto
2.0,2.0,1.0,2.0,1.0,1.0,5.0,1.0,1.0,1.0,1.0,5.0,1.0,3.0,1.0,1.0,1.0,2.0,1.0,1.0,2.0,0.0,2.0,0.0,1.0,0,0,0.33333334,1,9,Alto
2.0,1.0,1.0,2.0,1.0,2.0,5.0,1.0,1.0,1.0,3.0,5.0,1.0,1.0,1.0,3.0,0.0,1.0,2.0,2.0,2.0,0.0,1.0,1.0,2.0,0,1,2.0,1,6,Medio
2.0,3.0,1.0,2.0,2.0,2.0,1.0,9.0,3.0,5.0,3.0,5.0,1.0,3.0,1.0,3.0,0.0,3.0,1.0,1.0,2.0,0.0,2.0,0.0,1.0,0,1,0.33333334,1,4,Medio
2.0,2.0,1.0,2.0,1.0,4.0,1.0,5.0,3.0,5.0,4.0,5.0,1.0,1.0,1.0,3.0,0.0,1.0,1.0,1.0,2.0,0.0,2.0,0.0,1.0,0,1,1.0,0,2,Bajo
1.0,7.0,4.0,1.0,1.0,3.0,4.0,2.0,3.0,1.0,2.0,1.0,1.0,6.0,6.0,2.0,1.0,2.0,1.0,1.0,1.0,1.0,2.0,0.0,0.16666667,0,0,0.16666667,1,6,Medio
1.0,7.0,6.0,1.0,1.0,1.0,5.0,1.0,2.0,1.0,8.0,2.0,2.0,2.0,0.0,2.0,1.0,7.0,1.0,1.0,2.0,0.0,2.0,0.0,1.0,0,0,0.5,1,9,Alto
2.0,1.0,1.0,2.0,1.0,2.0,5.0,1.0,1.0,1.0,1.0,2.0,1.0,2.0,1.0,1.0,1.0,1.0,1.0,1.0,2.0,0.0,2.0,0.0,1.0,0,0,0.5,1,5,Medio
1.0,4.0,1.0,1.0,2.0,1.0,4.0,1.0,2.0,1.0,1.0,3.0,2.0,3.0,3.0,3.0,0.0,1.0,5.0,5.0,2.0,0.0,2.0,0.0,1.6666666,0,1,1.6666666,1,2,Bajo
1.0,7.0,1.0,2.0,1.0,2.0,4.0,1.0,1.0,1.0,1.0,5.0,1.0,4.0,2.0,1.0,2.0,1.0,3.0,3.0,2.0,0.0,2.0,0.0,1.5,0,0,0.75,1,8,Alto
2.0,3.0,1.0,5.0,2.0,2.0,1.0,3.0,3.0,1.0,3.0,5.0,1.0,1.0,1.0,3.0,0.0,1.0,1.0,1.0,2.0,0.0,2.0,0.0,1.0,0,1,1.0,1,5,Medio
1.0,2.0,1.0,1.0,1.0,1.0,5.0,1.0,1.0,1.0,2.0,2.0,2.0,2.0,2.0,1.0,1.0,1.0,1.0,1.0,2.0,0.0,2.0,0.0,0.5,0,0,0.5,1,4,Medio
1.0,8.0,1.0,1.0,1.0,2.0,4.0,1.0,1.0,1.0,1.0,2.0,1.0,3.0,2.0,1.0,1.0,1.0,2.0,2.0,2.0,0.0,1.0,1.0,1.0,0,0,0.6666667,1,10,Alto
1.0,3.0,1.0,1.0,1.0,1.0,4.0,1.0,1.0,1.0,2.0,2.0,1.0,1.0,1.0,1.0,1.0,3.0,5.0,3.0,2.0,0.0,2.0,0.0,5.0,1,0,5.0,1,4,Medio
2.0,5.0,4.0,2.0,1.0,1.0,4.0,1.0,2.0,1.0,1.0,5.0,2.0,1.0,1.0,3.0,0.0,7.0,1.0,1.0,2.0,0.0,2.0,0.0,1.0,0,1,1.0,1,7,Alto
1.0,2.0,1.0,2.0,1.0,1.0,5.0,1.0,1.0,1.0,2.0,2.0,1.0,4.0,4.0,1.0,1.0,1.0,5.0,5.0,1.0,2.0,1.0,1.0,1.25,0,0,1.25,1,8,Alto
1.0,3.0,1.0,1.0,1.0,2.0,4.0,1.0,2.0,1.0,1.0,2.0,1.0,6.0,3.0,1.0,1.0,1.0,3.0,3.0,1.0,1.0,2.0,0.0,1.0,0,0,0.5,1,6,Medio
1.0,8.0,1.0,1.0,2.0,1.0,4.0,2.0,3.0,1.0,2.0,2.0,1.0,4.0,2.0,3.0,0.0,5.0,3.0,4.0,2.0,0.0,2.0,0.0,1.5,0,1,0.75,1,6,Medio
2.0,2.0,1.0,2.0,1.0,1.0,5.0,1.0,2.0,1.0,1.0,3.0,1.0,1.0,1.0,1.0,2.0,1.0,1.0,1.0,1.0,3.0,2.0,0.0,1.0,0,0,1.0,0,4,Medio
1.0,2.0,1.0,1.0,1.0,1.0,5.0,2.0,3.0,1.0,1.0,2.0,1.0,3.0,2.0,1.0,1.0,1.0,1.0,1.0,2.0,0.0,2.0,0.0,0.5,0,0,0.33333334,1,4,Medio
1.0,2.0,1.0,1.0,2.0,1.0,1.0,3.0,3.0,5.0,1.0,5.0,2.0,1.0,1.0,3.0,0.0,1.0,3.0,5.0,2.0,0.0,2.0,0.0,3.0,0,1,3.0,0,3,Bajo
1.0,2.0,1.0,1.0,2.0,1.0,1.0,7.0,3.0,5.0,1.0,1.0,1.0,1.0,1.0,3.0,0.0,2.0,3.0,5.0,2.0,0.0,2.0,0.0,3.0,0,1,3.0,0,1,Bajo
1.0,3.0,1.0,1.0,1.0,3.0,4.0,1.0,1.0,1.0,1.0,2.0,1.0,1.0,1.0,1.0,3.0,5.0,1.0,1.0,1.0,1.0,2.0,0.0,1.0,0,0,1.0,1,6,Medio
2.0,3.0,1.0,2.0,2.0,4.0,1.0,6.0,2.0,1.0,3.0,2.0,1.0,3.0,2.0,3.0,0.0,1.0,3.0,4.0,2.0,0.0,2.0,0.0,1.5,0,1,1.0,1,3,Bajo
1.0,7.0,1.0,1.0,1.0,2.0,4.0,1.0,1.0,1.0,1.0,2.0,1.0,2.0,1.0,1.0,2.0,1.0,3.0,5.0,2.0,0.0,2.0,0.0,3.0,0,0,1.5,1,7,Alto
1.0,3.0,1.0,1.0,1.0,1.0,7.0,2.0,3.0,1.0,1.0,2.0,2.0,2.0,2.0,3.0,0.0,1.0,4.0,5.0,2.0,0.0,2.0,0.0,2.0,0,1,2.0,1,1,Bajo
1.0,3.0,1.0,1.0,1.0,1.0,4.0,1.0,1.0,1.0,1.0,2.0,1.0,1.0,0.0,1.0,1.0,4.0,3.0,3.0,1.0,1.0,2.0,0.0,3.0,0,0,3.0,1,5,Medio
2.0,5.0,1.0,2.0,1.0,1.0,5.0,1.0,2.0,1.0,1.0,5.0,1.0,2.0,1.0,3.0,0.0,1.0,1.0,1.0,1.0,1.0,2.0,0.0,1.0,0,1,0.5,1,8,Alto
1.0,2.0,1.0,1.0,1.0,1.0,5.0,1.0,1.0,1.0,1.0,2.0,1.0,1.0,1.0,2.0,1.0,3.0,3.0,3.0,2.0,0.0,2.0,0.0,3.0,0,0,3.0,1,7,Alto
1.0,3.0,1.0,1.0,1.0,2.0,4.0,1.0,1.0,1.0,2.0,2.0,1.0,5.0,5.0,1.0,1.0,1.0,5.0,5.0,2.0,0.0,2.0,0.0,1.0,0,0,1.0,1,9,Alto
1.0,8.0,5.0,7.0,2.0,1.0,2.0,8.0,3.0,5.0,1.0,1.0,2.0,1.0,0.0,2.0,3.0,1.0,4.0,4.0,2.0,0.0,2.0,0.0,4.0,1,1,4.0,1,3,Bajo
1.0,3.0,3.0,1.0,1.0,3.0,5.0,1.0,1.0,1.0,1.0,2.0,1.0,3.0,3.0,1.0,1.0,2.0,5.0,4.0,2.0,0.0,2.0,0.0,1.6666666,0,0,1.6666666,1,9,Alto
2.0,2.0,1.0,2.0,2.0,1.0,1.0,1.0,2.0,5.0,3.0,5.0,1.0,1.0,1.0,3.0,0.0,1.0,8.0,5.0,2.0,0.0,2.0,0.0,8.0,1,1,8.0,0,2,Bajo
1.0,1.0,3.0,1.0,1.0,2.0,4.0,1.0,1.0,1.0,2.0,1.0,1.0,5.0,3.0,1.0,1.0,5.0,5.0,5.0,2.0,0.0,2.0,0.0,1.6666666,0,0,1.0,1,7,Alto
1.0,3.0,1.0,1.0,2.0,3.0,2.0,5.0,1.0,1.0,1.0,1.0,2.0,1.0,1.0,1.0,1.0,2.0,2.0,5.0,2.0,0.0,2.0,0.0,2.0,0,1,2.0,0,1,Bajo
2.0,7.0,1.0,1.0,2.0,1.0,5.0,4.0,1.0,5.0,1.0,5.0,1.0,3.0,2.0,1.0,3.0,1.0,6.0,4.0,2.0,0.0,2.0,0.0,3.0,0,1,2.0,0,0,Bajo
1.0,2.0,1.0,1.0,1.0,1.0,5.0,1.0,2.0,1.0,1.0,1.0,1.0,1.0,1.0,1.0,1.0,7.0,1.0,1.0,2.0,0.0,2.0,0.0,1.0,0,0,1.0,0,3,Bajo
1.0,7.0,1.0,1.0,1.0,1.0,4.0,1.0,1.0,1.0,1.0,1.0,1.0,2.0,2.0,1.0,3.0,1.0,6.0,3.0,2.0,0.0,2.0,0.0,3.0,0,0,3.0,0,2,Bajo
1.0,2.0,1.0,1.0,2.0,1.0,1.0,2.0,3.0,5.0,8.0,5.0,2.0,2.0,2.0,3.0,0.0,1.0,1.0,1.0,2.0,0.0,2.0,0.0,0.5,0,1,0.5,0,1,Bajo
1.0,1.0,1.0,1.0,1.0,1.0,4.0,1.0,1.0,1.0,1.0,2.0,1.0,2.0,2.0,1.0,1.0,1.0,3.0,4.0,2.0,0.0,2.0,0.0,1.5,0,0,1.5,1,8,Alto
1.0,2.0,1.0,1.0,1.0,1.0,5.0,1.0,1.0,1.0,5.0,2.0,1.0,1.0,1.0,1.0,1.0,1.0,1.0,1.0,2.0,0.0,2.0,0.0,1.0,0,0,1.0,1,4,Medio
1.0,3.0,3.0,1.0,1.0,2.0,4.0,1.0,1.0,1.0,2.0,2.0,1.0,3.0,1.0,1.0,1.0,1.0,2.0,3.0,2.0,0.0,1.0,1.0,2.0,0,0,0.6666667,1,9,Alto
2.0,2.0,1.0,2.0,2.0,1.0,1.0,1.0,2.0,1.0,3.0,5.0,1.0,6.0,3.0,1.0,3.0,1.0,5.0,5.0,2.0,0.0,2.0,0.0,1.6666666,0,0,0.8333333,1,2,Bajo
1.0,1.0,1.0,1.0,1.0,1.0,5.0,1.0,1.0,1.0,1.0,3.0,1.0,4.0,4.0,1.0,1.0,1.0,6.0,5.0,2.0,0.0,2.0,0.0,1.5,0,0,1.5,1,7,Alto
1.0,3.0,1.0,1.0,1.0,1.0,5.0,1.0,1.0,1.0,1.0,2.0,1.0,3.0,3.0,1.0,1.0,1.0,3.0,3.0,2.0,0.0,2.0,0.0,1.0,0,0,1.0,1,5,Medio
1.0,3.0,1.0,1.0,1.0,3.0,4.0,2.0,3.0,1.0,1.0,2.0,1.0,1.0,1.0,2.0,1.0,5.0,1.0,1.0,2.0,0.0,2.0,0.0,1.0,0,0,1.0,1,2,Bajo
1.0,4.0,1.0,1.0,1.0,1.0,4.0,1.0,1.0,1.0,1.0,2.0,1.0,4.0,4.0,1.0,1.0,4.0,5.0,4.0,2.0,0.0,2.0,0.0,1.25,0,0,1.25,1,11,Alto
2.0,3.0,1.0,5.0,2.0,1.0,1.0,2.0,3.0,1.0,3.0,5.0,1.0,1.0,1.0,1.0,3.0,1.0,1.0,1.0,2.0,0.0,2.0,0.0,1.0,0,0,1.0,1,3,Bajo
1.0,7.0,1.0,1.0,1.0,1.0,4.0,1.0,2.0,1.0,1.0,2.0,1.0,1.0,1.0,1.0,1.0,4.0,4.0,4.0,2.0,0.0,2.0,0.0,4.0,1,0,4.0,1,7,Alto
1.0,7.0,1.0,1.0,1.0,2.0,4.0,1.0,1.0,1.0,2.0,2.0,1.0,3.0,3.0,1.0,1.0,2.0,1.0,1.0,2.0,0.0,2.0,0.0,0.33333334,0,0,0.33333334,1,8,Alto
2.0,6.0,1.0,1.0,1.0,1.0,5.0,4.0,1.0,1.0,2.0,2.0,1.0,1.0,1.0,1.0,4.0,1.0,3.0,4.0,2.0,0.0,2.0,0.0,3.0,0,0,3.0,1,4,Medio
2.0,2.0,1.0,2.0,2.0,1.0,1.0,5.0,3.0,1.0,3.0,5.0,2.0,1.0,1.0,3.0,0.0,1.0,1.0,1.0,1.0,2.0,2.0,0.0,1.0,0,1,1.0,0,2,Bajo
1.0,2.0,4.0,2.0,2.0,1.0,5.0,4.0,2.0,1.0,8.0,5.0,2.0,1.0,1.0,2.0,3.0,7.0,3.0,6.0,2.0,0.0,2.0,0.0,3.0,0,0,3.0,1,3,Bajo
1.0,3.0,1.0,1.0,1.0,2.0,4.0,1.0,1.0,1.0,2.0,1.0,1.0,3.0,3.0,1.0,2.0,2.0,3.0,4.0,2.0,0.0,2.0,0.0,1.0,0,0,1.0,1,10,Alto
1.0,2.0,1.0,1.0,1.0,1.0,5.0,1.0,1.0,1.0,2.0,2.0,1.0,5.0,3.0,2.0,1.0,1.0,4.0,4.0,2.0,0.0,2.0,0.0,1.3333334,0,0,0.8,1,10,Alto
1.0,7.0,3.0,1.0,1.0,3.0,4.0,1.0,1.0,1.0,2.0,1.0,1.0,3.0,2.0,1.0,1.0,1.0,1.0,1.0,2.0,0.0,2.0,0.0,0.5,0,0,0.33333334,1,9,Alto
1.0,2.0,1.0,1.0,1.0,1.0,2.0,1.0,1.0,1.0,2.0,1.0,1.0,5.0,3.0,1.0,1.0,2.0,4.0,4.0,2.0,0.0,2.0,0.0,1.3333334,0,0,0.8,1,11,Alto
1.0,8.0,1.0,5.0,2.0,1.0,1.0,2.0,3.0,1.0,1.0,2.0,1.0,2.0,2.0,1.0,1.0,3.0,1.0,1.0,2.0,0.0,2.0,0.0,0.5,0,0,0.5,1,10,Alto
1.0,6.0,4.0,2.0,1.0,2.0,5.0,1.0,1.0,1.0,1.0,1.0,2.0,1.0,1.0,2.0,1.0,4.0,1.0,1.0,2.0,0.0,2.0,0.0,1.0,0,0,1.0,1,3,Bajo
2.0,2.0,1.0,2.0,2.0,1.0,1.0,3.0,3.0,5.0,3.0,5.0,2.0,1.0,0.0,3.0,0.0,1.0,1.0,1.0,2.0,0.0,2.0,0.0,1.0,0,1,1.0,0,0,Bajo
2.0,3.0,1.0,1.0,1.0,3.0,1.0,8.0,3.0,1.0,1.0,5.0,1.0,3.0,1.0,3.0,0.0,1.0,2.0,3.0,1.0,3.0,2.0,0.0,2.0,0,1,0.6666667,0,2,Bajo
1.0,3.0,1.0,1.0,1.0,3.0,6.0,1.0,1.0,1.0,1.0,2.0,1.0,1.0,1.0,1.0,1.0,5.0,2.0,3.0,2.0,0.0,1.0,1.0,2.0,0,0,2.0,1,10,Alto
1.0,7.0,1.0,1.0,1.0,2.0,4.0,1.0,1.0,1.0,2.0,2.0,2.0,4.0,4.0,1.0,1.0,1.0,4.0,3.0,2.0,0.0,2.0,0.0,1.0,0,0,1.0,1,8,Alto
1.0,2.0,1.0,1.0,1.0,1.0,4.0,1.0,1.0,1.0,1.0,1.0,1.0,2.0,1.0,1.0,1.0,4.0,1.0,1.0,2.0,0.0,2.0,0.0,1.0,0,0,0.5,1,3,Bajo
1.0,2.0,1.0,1.0,1.0,1.0,5.0,1.0,2.0,1.0,1.0,2.0,1.0,1.0,0.0,1.0,1.0,1.0,3.0,4.0,2.0,0.0,2.0,0.0,3.0,0,0,3.0,1,10,Alto
1.0,2.0,1.0,1.0,1.0,3.0,5.0,1.0,1.0,1.0,1.0,1.0,1.0,6.0,3.0,1.0,1.0,1.0,5.0,4.0,2.0,0.0,2.0,0.0,1.6666666,0,0,0.8333333,1,10,Alto
1.0,7.0,1.0,1.0,1.0,2.0,5.0,1.0,2.0,1.0,1.0,2.0,1.0,2.0,2.0,1.0,3.0,1.0,2.0,3.0,2.0,0.0,2.0,0.0,1.0,0,0,1.0,0,3,Bajo
1.0,3.0,1.0,1.0,2.0,1.0,5.0,8.0,3.0,3.0,3.0,5.0,2.0,1.0,1.0,1.0,3.0,2.0,1.0,1.0,2.0,0.0,2.0,0.0,1.0,0,1,1.0,1,3,Bajo
2.0,4.0,1.0,2.0,1.0,1.0,7.0,5.0,3.0,5.0,1.0,5.0,2.0,1.0,0.0,3.0,0.0,1.0,2.0,2.0,2.0,0.0,2.0,0.0,2.0,0,1,2.0,1,3,Bajo
1.0,7.0,1.0,2.0,1.0,1.0,5.0,1.0,1.0,1.0,2.0,2.0,1.0,3.0,3.0,1.0,2.0,1.0,3.0,4.0,1.0,2.0,2.0,0.0,1.0,0,0,1.0,1,7,Alto
1.0,8.0,1.0,1.0,1.0,1.0,4.0,1.0,2.0,1.0,1.0,2.0,1.0,2.0,2.0,1.0,1.0,1.0,1.0,1.0,2.0,0.0,1.0,1.0,0.5,0,0,0.5,1,7,Alto
1.0,3.0,1.0,1.0,1.0,2.0,5.0,8.0,3.0,1.0,1.0,2.0,1.0,3.0,2.0,1.0,1.0,4.0,6.0,4.0,2.0,0.0,2.0,0.0,3.0,0,1,2.0,0,2,Bajo
1.0,7.0,1.0,1.0,1.0,2.0,4.0,1.0,2.0,1.0,1.0,2.0,1.0,2.0,1.0,2.0,3.0,3.0,2.0,2.0,2.0,0.0,2.0,0.0,2.0,0,0,1.0,1,4,Medio
2.0,4.0,1.0,7.0,2.0,4.0,1.0,4.0,3.0,5.0,3.0,3.0,2.0,2.0,0.0,3.0,0.0,1.0,1.0,1.0,2.0,0.0,2.0,0.0,1.0,0,1,0.5,0,0,Bajo
1.0,4.0,4.0,2.0,1.0,1.0,5.0,1.0,1.0,1.0,2.0,2.0,1.0,1.0,1.0,2.0,1.0,4.0,3.0,3.0,2.0,0.0,2.0,0.0,3.0,0,0,3.0,0,2,Bajo
1.0,4.0,1.0,1.0,2.0,1.0,5.0,1.0,1.0,1.0,1.0,2.0,1.0,4.0,4.0,1.0,1.0,1.0,4.0,4.0,2.0,0.0,2.0,0.0,1.0,0,0,1.0,1,7,Alto
1.0,7.0,1.0,1.0,1.0,2.0,4.0,2.0,3.0,1.0,1.0,2.0,1.0,1.0,1.0,1.0,3.0,4.0,5.0,4.0,2.0,0.0,2.0,0.0,5.0,1,0,5.0,1,1,Bajo
2.0,5.0,1.0,1.0,1.0,1.0,5.0,1.0,2.0,1.0,1.0,5.0,1.0,2.0,2.0,3.0,0.0,1.0,5.0,4.0,2.0,0.0,2.0,0.0,2.5,0,1,2.5,1,7,Alto
1.0,2.0,1.0,1.0,1.0,3.0,5.0,1.0,2.0,1.0,2.0,2.0,1.0,4.0,1.0,2.0,1.0,1.0,3.0,4.0,2.0,0.0,2.0,0.0,3.0,0,0,0.75,0,1,Bajo
1.0,4.0,1.0,1.0,1.0,1.0,5.0,1.0,2.0,1.0,2.0,2.0,1.0,4.0,4.0,1.0,1.0,1.0,3.0,5.0,2.0,0.0,2.0,0.0,0.75,0,0,0.75,1,9,Alto
2.0,5.0,1.0,1.0,1.0,1.0,5.0,1.0,2.0,1.0,1.0,5.0,1.0,1.0,1.0,3.0,0.0,1.0,3.0,4.0,2.0,0.0,2.0,0.0,3.0,0,1,3.0,1,4,Medio
1.0,2.0,1.0,1.0,1.0,1.0,5.0,2.0,3.0,1.0,1.0,1.0,1.0,3.0,1.0,1.0,1.0,1.0,3.0,4.0,2.0,0.0,2.0,0.0,3.0,0,0,1.0,0,3,Bajo
1.0,3.0,1.0,1.0,1.0,2.0,4.0,1.0,1.0,1.0,2.0,2.0,1.0,4.0,4.0,1.0,1.0,1.0,5.0,4.0,2.0,0.0,2.0,0.0,1.25,0,0,1.25,1,5,Medio
2.0,5.0,1.0,2.0,2.0,1.0,1.0,2.0,3.0,1.0,3.0,6.0,1.0,1.0,1.0,3.0,0.0,1.0,1.0,1.0,2.0,0.0,2.0,0.0,1.0,0,1,1.0,0,2,Bajo
1.0,7.0,1.0,1.0,1.0,3.0,4.0,1.0,1.0,1.0,2.0,2.0,1.0,3.0,3.0,1.0,1.0,4.0,7.0,5.0,2.0,0.0,2.0,0.0,2.3333333,0,0,2.3333333,1,11,Alto
1.0,2.0,1.0,1.0,1.0,1.0,5.0,2.0,3.0,1.0,1.0,1.0,1.0,2.0,1.0,1.0,1.0,1.0,1.0,1.0,2.0,0.0,1.0,1.0,1.0,0,0,0.5,1,8,Alto
1.0,2.0,1.0,1.0,1.0,1.0,5.0,1.0,1.0,1.0,2.0,2.0,1.0,5.0,4.0,1.0,1.0,3.0,5.0,5.0,2.0,0.0,2.0,0.0,1.25,0,0,1.0,1,7,Alto
2.0,2.0,1.0,2.0,1.0,1.0,5.0,1.0,2.0,1.0,3.0,5.0,1.0,2.0,1.0,1.0,3.0,1.0,2.0,5.0,2.0,0.0,2.0,0.0,2.0,0,0,1.0,0,3,Bajo
1.0,2.0,1.0,1.0,1.0,1.0,8.0,1.0,1.0,1.0,2.0,1.0,1.0,3.0,2.0,1.0,1.0,1.0,4.0,3.0,2.0,0.0,2.0,0.0,2.0,0,0,1.3333334,1,10,Alto
1.0,2.0,1.0,1.0,1.0,1.0,5.0,1.0,1.0,1.0,2.0,2.0,1.0,3.0,2.0,1.0,1.0,1.0,8.0,5.0,2.0,0.0,2.0,0.0,4.0,1,0,2.6666667,0,4,Medio
1.0,2.0,1.0,1.0,1.0,5.0,5.0,1.0,1.0,1.0,1.0,2.0,2.0,3.0,2.0,1.0,1.0,1.0,5.0,5.0,2.0,0.0,2.0,0.0,2.5,0,0,1.6666666,1,7,Alto
1.0,3.0,1.0,1.0,1.0,1.0,5.0,1.0,1.0,1.0,1.0,1.0,1.0,2.0,2.0,1.0,1.0,4.0,5.0,4.0,2.0,0.0,2.0,0.0,2.5,0,0,2.5,0,3,Bajo
1.0,6.0,1.0,1.0,1.0,2.0,4.0,1.0,1.0,1.0,2.0,2.0,1.0,1.0,1.0,2.0,1.0,1.0,2.0,3.0,2.0,0.0,2.0,0.0,2.0,0,0,2.0,1,8,Alto
2.0,2.0,1.0,2.0,1.0,1.0,3.0,1.0,2.0,1.0,1.0,5.0,1.0,3.0,3.0,1.0,6.0,1.0,2.0,2.0,2.0,0.0,2.0,0.0,0.6666667,0,0,0.6666667,0,5,Medio
2.0,5.0,1.0,2.0,2.0,1.0,1.0,7.0,3.0,1.0,3.0,6.0,2.0,1.0,1.0,3.0,0.0,1.0,2.0,3.0,2.0,0.0,2.0,0.0,2.0,0,1,2.0,1,1,Bajo
2.0,3.0,1.0,1.0,1.0,1.0,5.0,1.0,2.0,1.0,3.0,5.0,2.0,5.0,2.0,3.0,0.0,1.0,4.0,5.0,2.0,0.0,2.0,0.0,2.0,0,1,0.8,1,4,Medio
1.0,2.0,1.0,1.0,1.0,1.0,5.0,1.0,2.0,5.0,1.0,2.0,1.0,1.0,1.0,1.0,1.0,1.0,1.0,1.0,2.0,0.0,2.0,0.0,1.0,0,1,1.0,1,1,Bajo
2.0,3.0,1.0,2.0,1.0,1.0,1.0,1.0,2.0,1.0,1.0,5.0,1.0,2.0,1.0,1.0,1.0,1.0,3.0,4.0,2.0,0.0,2.0,0.0,3.0,0,0,1.5,1,3,Bajo
1.0,7.0,1.0,1.0,1.0,2.0,4.0,1.0,1.0,1.0,2.0,2.0,1.0,3.0,3.0,1.0,1.0,1.0,3.0,5.0,2.0,0.0,2.0,0.0,1.0,0,0,1.0,1,11,Alto
2.0,3.0,1.0,7.0,2.0,1.0,1.0,2.0,3.0,1.0,1.0,5.0,1.0,3.0,2.0,2.0,3.0,1.0,1.0,1.0,2.0,0.0,2.0,0.0,0.5,0,0,0.33333334,0,2,Bajo
1.0,7.0,1.0,1.0,1.0,1.0,4.0,1.0,1.0,1.0,2.0,2.0,1.0,3.0,2.0,1.0,3.0,1.0,3.0,4.0,2.0,0.0,2.0,0.0,1.5,0,0,1.0,0,6,Medio
1.0,7.0,3.0,1.0,1.0,2.0,5.0,1.0,1.0,1.0,1.0,2.0,1.0,1.0,1.0,1.0,1.0,8.0,3.0,3.0,2.0,0.0,2.0,0.0,3.0,0,0,3.0,1,4,Medio
1.0,2.0,1.0,2.0,1.0,1.0,5.0,1.0,2.0,1.0,1.0,2.0,1.0,1.0,1.0,1.0,1.0,4.0,2.0,3.0,2.0,0.0,2.0,0.0,2.0,0,0,2.0,0,3,Bajo
1.0,7.0,1.0,1.0,1.0,2.0,4.0,1.0,1.0,1.0,2.0,2.0,1.0,5.0,5.0,1.0,1.0,3.0,1.0,1.0,2.0,0.0,2.0,0.0,0.2,0,0,0.2,1,12,Alto
2.0,6.0,1.0,2.0,1.0,2.0,5.0,1.0,1.0,1.0,1.0,2.0,2.0,2.0,2.0,1.0,3.0,1.0,2.0,2.0,2.0,0.0,2.0,0.0,1.0,0,0,1.0,1,3,Bajo
1.0,3.0,1.0,1.0,1.0,1.0,5.0,1.0,2.0,1.0,2.0,2.0,1.0,3.0,3.0,2.0,2.0,1.0,3.0,5.0,2.0,0.0,2.0,0.0,1.0,0,0,1.0,1,5,Medio
1.0,2.0,1.0,1.0,1.0,1.0,3.0,1.0,1.0,1.0,1.0,1.0,1.0,8.0,2.0,1.0,1.0,4.0,3.0,4.0,2.0,0.0,2.0,0.0,1.5,0,0,0.375,1,11,Alto
1.0,3.0,1.0,1.0,1.0,2.0,4.0,1.0,1.0,1.0,1.0,2.0,1.0,4.0,3.0,1.0,1.0,2.0,5.0,4.0,2.0,0.0,2.0,0.0,1.6666666,0,0,1.25,1,8,Alto
1.0,8.0,1.0,5.0,2.0,1.0,1.0,4.0,3.0,1.0,1.0,5.0,1.0,2.0,2.0,1.0,3.0,2.0,3.0,3.0,2.0,0.0,2.0,0.0,1.5,0,0,1.5,1,3,Bajo
1.0,2.0,4.0,1.0,1.0,1.0,4.0,1.0,1.0,1.0,1.0,1.0,2.0,1.0,0.0,2.0,1.0,4.0,1.0,1.0,2.0,0.0,2.0,0.0,1.0,0,0,1.0,1,4,Medio
1.0,3.0,1.0,1.0,1.0,2.0,4.0,1.0,2.0,1.0,1.0,5.0,1.0,8.0,5.0,1.0,2.0,1.0,4.0,5.0,1.0,1.0,2.0,0.0,0.8,0,0,0.5,1,9,Alto
1.0,1.0,4.0,1.0,1.0,2.0,4.0,1.0,2.0,1.0,1.0,2.0,2.0,1.0,0.0,2.0,1.0,4.0,2.0,2.0,2.0,0.0,2.0,0.0,2.0,0,0,2.0,1,5,Medio
1.0,7.0,4.0,1.0,1.0,2.0,4.0,1.0,1.0,1.0,2.0,1.0,1.0,1.0,1.0,2.0,1.0,4.0,2.0,6.0,2.0,0.0,2.0,0.0,2.0,0,0,2.0,1,5,Medio
1.0,2.0,1.0,2.0,1.0,1.0,3.0,1.0,1.0,1.0,2.0,2.0,1.0,1.0,1.0,1.0,1.0,1.0,1.0,1.0,1.0,1.0,2.0,0.0,1.0,0,0,1.0,1,6,Medio
1.0,2.0,1.0,1.0,2.0,1.0,5.0,1.0,1.0,1.0,2.0,2.0,1.0,2.0,2.0,1.0,1.0,1.0,4.0,3.0,2.0,0.0,2.0,0.0,2.0,0,0,2.0,1,2,Bajo
1.0,3.0,1.0,1.0,2.0,1.0,5.0,4.0,3.0,1.0,2.0,1.0,2.0,2.0,1.0,1.0,1.0,1.0,1.0,1.0,2.0,0.0,2.0,0.0,1.0,0,0,0.5,0,2,Bajo
1.0,5.0,3.0,1.0,1.0,2.0,5.0,1.0,1.0,1.0,1.0,2.0,1.0,4.0,4.0,1.0,1.0,1.0,5.0,3.0,2.0,0.0,2.0,0.0,1.25,0,0,1.25,1,2,Bajo
1.0,7.0,1.0,5.0,2.0,1.0,1.0,1.0,2.0,5.0,1.0,6.0,2.0,1.0,1.0,1.0,4.0,2.0,2.0,2.0,2.0,0.0,1.0,1.0,2.0,0,1,2.0,1,1,Bajo
2.0,2.0,1.0,2.0,1.0,1.0,1.0,6.0,3.0,1.0,3.0,7.0,1.0,1.0,0.0,1.0,3.0,1.0,1.0,1.0,2.0,0.0,2.0,0.0,1.0,0,1,1.0,0,2,Bajo
1.0,7.0,1.0,1.0,1.0,5.0,5.0,1.0,1.0,1.0,1.0,2.0,1.0,2.0,2.0,1.0,1.0,2.0,6.0,5.0,2.0,0.0,2.0,0.0,3.0,0,0,3.0,1,9,Alto
1.0,7.0,1.0,1.0,2.0,2.0,7.0,1.0,2.0,1.0,1.0,2.0,1.0,4.0,3.0,2.0,3.0,1.0,5.0,5.0,2.0,0.0,2.0,0.0,1.6666666,0,0,1.25,1,5,Medio
2.0,2.0,1.0,1.0,2.0,1.0,1.0,9.0,3.0,5.0,3.0,5.0,2.0,4.0,4.0,3.0,0.0,1.0,4.0,5.0,2.0,0.0,1.0,1.0,1.0,0,1,1.0,0,1,Bajo
2.0,4.0,1.0,2.0,2.0,4.0,1.0,1.0,2.0,1.0,1.0,5.0,1.0,1.0,1.0,3.0,0.0,1.0,3.0,4.0,2.0,0.0,2.0,0.0,3.0,0,1,3.0,0,4,Medio
1.0,8.0,1.0,1.0,1.0,1.0,1.0,1.0,1.0,1.0,1.0,2.0,1.0,2.0,1.0,1.0,2.0,1.0,1.0,1.0,2.0,0.0,2.0,0.0,1.0,0,0,0.5,1,6,Medio
1.0,2.0,1.0,1.0,1.0,2.0,3.0,1.0,1.0,1.0,2.0,1.0,1.0,2.0,2.0,1.0,1.0,1.0,2.0,2.0,2.0,0.0,2.0,0.0,1.0,0,0,1.0,1,9,Alto
1.0,2.0,1.0,1.0,1.0,1.0,4.0,1.0,1.0,1.0,8.0,1.0,1.0,1.0,1.0,1.0,1.0,5.0,1.0,1.0,2.0,0.0,2.0,0.0,1.0,0,0,1.0,1,6,Medio
1.0,8.0,1.0,1.0,1.0,2.0,4.0,1.0,1.0,1.0,1.0,2.0,1.0,3.0,3.0,1.0,1.0,1.0,4.0,5.0,2.0,0.0,2.0,0.0,1.3333334,0,0,1.3333334,1,8,Alto
2.0,2.0,1.0,1.0,1.0,1.0,5.0,3.0,3.0,1.0,1.0,5.0,1.0,4.0,4.0,1.0,3.0,1.0,4.0,4.0,2.0,0.0,2.0,0.0,1.0,0,0,1.0,1,8,Alto
2.0,2.0,1.0,2.0,1.0,1.0,1.0,1.0,1.0,1.0,3.0,5.0,1.0,4.0,3.0,1.0,3.0,1.0,11.0,5.0,2.0,0.0,2.0,0.0,3.6666667,1,0,2.75,0,3,Bajo
1.0,2.0,4.0,1.0,1.0,1.0,5.0,1.0,2.0,1.0,1.0,1.0,1.0,4.0,4.0,2.0,1.0,1.0,4.0,3.0,2.0,0.0,2.0,0.0,1.0,0,0,1.0,1,3,Bajo
1.0,7.0,4.0,1.0,1.0,2.0,4.0,2.0,3.0,1.0,1.0,5.0,2.0,2.0,2.0,2.0,2.0,1.0,2.0,5.0,2.0,0.0,2.0,0.0,1.0,0,0,1.0,1,4,Medio
1.0,3.0,3.0,1.0,1.0,2.0,8.0,1.0,1.0,1.0,2.0,2.0,1.0,4.0,3.0,1.0,1.0,1.0,5.0,5.0,2.0,0.0,1.0,1.0,1.6666666,0,0,1.25,1,10,Alto
1.0,3.0,1.0,1.0,1.0,1.0,5.0,8.0,3.0,1.0,1.0,2.0,2.0,1.0,0.0,1.0,3.0,1.0,2.0,5.0,1.0,1.0,2.0,0.0,2.0,0,1,2.0,1,6,Medio
2.0,6.0,1.0,4.0,2.0,2.0,5.0,1.0,2.0,1.0,2.0,3.0,1.0,2.0,2.0,1.0,3.0,3.0,6.0,5.0,1.0,1.0,2.0,0.0,3.0,0,0,3.0,1,1,Bajo
1.0,7.0,1.0,1.0,1.0,1.0,4.0,1.0,1.0,1.0,2.0,1.0,1.0,5.0,5.0,1.0,1.0,1.0,10.0,5.0,2.0,0.0,2.0,0.0,2.0,0,0,2.0,1,9,Alto
1.0,2.0,1.0,1.0,1.0,1.0,5.0,1.0,1.0,1.0,2.0,2.0,1.0,5.0,3.0,1.0,1.0,1.0,3.0,4.0,2.0,0.0,2.0,0.0,1.0,0,0,0.6,1,7,Alto
1.0,2.0,1.0,1.0,1.0,1.0,3.0,1.0,1.0,1.0,2.0,1.0,1.0,5.0,4.0,1.0,1.0,1.0,4.0,3.0,1.0,1.0,1.0,1.0,1.0,0,0,0.8,1,11,Alto
1.0,3.0,3.0,1.0,1.0,3.0,4.0,1.0,1.0,1.0,2.0,2.0,1.0,3.0,2.0,1.0,1.0,4.0,3.0,5.0,2.0,0.0,2.0,0.0,1.5,0,0,1.0,1,8,Alto
1.0,2.0,1.0,1.0,1.0,2.0,2.0,1.0,2.0,1.0,2.0,2.0,1.0,7.0,4.0,1.0,1.0,1.0,4.0,4.0,2.0,0.0,2.0,0.0,1.0,0,0,0.5714286,1,11,Alto
1.0,3.0,3.0,1.0,1.0,1.0,4.0,1.0,1.0,1.0,1.0,2.0,1.0,5.0,3.0,1.0,1.0,1.0,1.0,1.0,2.0,0.0,2.0,0.0,0.33333334,0,0,0.2,1,7,Alto
1.0,7.0,1.0,1.0,1.0,1.0,4.0,1.0,1.0,1.0,1.0,2.0,1.0,3.0,2.0,1.0,1.0,1.0,5.0,4.0,2.0,0.0,2.0,0.0,2.5,0,0,1.6666666,1,11,Alto
1.0,2.0,1.0,1.0,1.0,1.0,5.0,2.0,3.0,1.0,1.0,2.0,1.0,4.0,3.0,1.0,1.0,1.0,4.0,4.0,2.0,0.0,2.0,0.0,1.3333334,0,0,1.0,1,9,Alto
2.0,3.0,1.0,5.0,2.0,1.0,1.0,1.0,1.0,1.0,3.0,5.0,1.0,1.0,1.0,1.0,3.0,1.0,1.0,1.0,2.0,0.0,2.0,0.0,1.0,0,0,1.0,0,1,Bajo
2.0,5.0,1.0,2.0,1.0,1.0,1.0,2.0,3.0,5.0,3.0,6.0,2.0,1.0,1.0,3.0,0.0,1.0,4.0,4.0,2.0,0.0,2.0,0.0,4.0,1,1,4.0,1,1,Bajo
1.0,3.0,1.0,1.0,1.0,3.0,4.0,1.0,1.0,1.0,1.0,2.0,1.0,2.0,2.0,1.0,1.0,4.0,3.0,3.0,2.0,0.0,2.0,0.0,1.5,0,0,1.5,1,9,Alto
1.0,2.0,1.0,2.0,1.0,1.0,2.0,1.0,1.0,1.0,2.0,1.0,1.0,8.0,4.0,1.0,1.0,1.0,4.0,3.0,2.0,0.0,1.0,1.0,1.0,0,0,0.5,1,11,Alto
2.0,2.0,2.0,5.0,2.0,1.0,1.0,7.0,3.0,2.0,1.0,3.0,1.0,1.0,1.0,2.0,3.0,1.0,1.0,1.0,2.0,0.0,2.0,0.0,1.0,0,1,1.0,0,3,Bajo
2.0,2.0,1.0,1.0,1.0,1.0,1.0,2.0,3.0,1.0,1.0,5.0,1.0,3.0,1.0,1.0,3.0,1.0,2.0,3.0,1.0,1.0,1.0,1.0,2.0,0,0,0.6666667,0,0,Bajo
1.0,7.0,1.0,1.0,1.0,5.0,4.0,1.0,2.0,1.0,1.0,1.0,1.0,1.0,1.0,1.0,3.0,1.0,3.0,4.0,2.0,0.0,2.0,0.0,3.0,0,0,3.0,1,4,Medio
2.0,2.0,1.0,2.0,1.0,1.0,1.0,1.0,2.0,5.0,1.0,5.0,1.0,6.0,1.0,1.0,3.0,1.0,2.0,2.0,1.0,5.0,2.0,0.0,2.0,0,1,0.33333334,0,4,Medio
1.0,8.0,1.0,1.0,1.0,1.0,5.0,2.0,3.0,1.0,1.0,2.0,1.0,2.0,2.0,1.0,1.0,4.0,4.0,4.0,2.0,0.0,2.0,0.0,2.0,0,0,2.0,1,6,Medio
1.0,7.0,1.0,1.0,1.0,2.0,4.0,1.0,1.0,1.0,1.0,1.0,1.0,4.0,2.0,1.0,2.0,1.0,4.0,3.0,2.0,0.0,1.0,2.0,2.0,0,0,1.0,1,10,Alto
1.0,3.0,3.0,1.0,1.0,3.0,4.0,1.0,1.0,1.0,1.0,1.0,1.0,2.0,2.0,1.0,1.0,5.0,4.0,4.0,2.0,0.0,2.0,0.0,2.0,0,0,2.0,1,8,Alto
2.0,2.0,1.0,2.0,1.0,1.0,5.0,1.0,1.0,5.0,3.0,5.0,1.0,3.0,2.0,3.0,0.0,1.0,3.0,4.0,2.0,0.0,2.0,0.0,1.5,0,1,1.0,0,2,Bajo
2.0,7.0,1.0,1.0,1.0,2.0,5.0,1.0,2.0,1.0,3.0,5.0,2.0,2.0,2.0,3.0,0.0,1.0,5.0,4.0,2.0,0.0,2.0,0.0,2.5,0,1,2.5,1,5,Medio
1.0,7.0,4.0,1.0,2.0,2.0,5.0,5.0,3.0,1.0,3.0,2.0,2.0,1.0,1.0,3.0,0.0,3.0,1.0,1.0,2.0,0.0,2.0,0.0,1.0,0,1,1.0,0,1,Bajo
2.0,2.0,1.0,4.0,2.0,1.0,1.0,4.0,3.0,3.0,3.0,5.0,1.0,2.0,1.0,1.0,3.0,1.0,5.0,5.0,2.0,0.0,2.0,0.0,5.0,1,0,2.5,1,5,Medio
1.0,2.0,4.0,1.0,1.0,1.0,5.0,3.0,3.0,3.0,1.0,1.0,1.0,1.0,1.0,3.0,0.0,1.0,2.0,5.0,2.0,0.0,2.0,0.0,2.0,0,1,2.0,1,3,Bajo
1.0,3.0,1.0,2.0,1.0,1.0,4.0,1.0,1.0,1.0,1.0,2.0,1.0,1.0,1.0,1.0,1.0,1.0,1.0,1.0,2.0,0.0,2.0,0.0,1.0,0,0,1.0,1,5,Medio
2.0,2.0,1.0,2.0,2.0,1.0,3.0,1.0,1.0,1.0,1.0,1.0,1.0,8.0,8.0,1.0,1.0,1.0,1.0,1.0,2.0,0.0,2.0,0.0,0.125,0,0,0.125,1,6,Medio
2.0,1.0,1.0,2.0,1.0,2.0,5.0,1.0,1.0,1.0,1.0,5.0,1.0,6.0,4.0,1.0,2.0,1.0,4.0,6.0,2.0,0.0,2.0,0.0,1.0,0,0,0.6666667,1,9,Alto
1.0,2.0,1.0,1.0,1.0,1.0,3.0,1.0,1.0,1.0,1.0,2.0,1.0,1.0,1.0,1.0,2.0,3.0,4.0,4.0,2.0,0.0,1.0,1.0,4.0,1,0,4.0,0,4,Medio
1.0,3.0,1.0,1.0,1.0,3.0,4.0,1.0,1.0,1.0,2.0,2.0,1.0,3.0,3.0,1.0,1.0,2.0,5.0,4.0,2.0,0.0,2.0,0.0,1.6666666,0,0,1.6666666,1,6,Medio
1.0,7.0,1.0,1.0,1.0,2.0,4.0,1.0,1.0,1.0,1.0,1.0,1.0,2.0,2.0,1.0,1.0,4.0,2.0,5.0,2.0,0.0,2.0,0.0,1.0,0,0,1.0,1,5,Medio
1.0,2.0,1.0,1.0,1.0,3.0,3.0,1.0,1.0,1.0,2.0,2.0,1.0,8.0,6.0,1.0,1.0,1.0,7.0,5.0,2.0,0.0,2.0,0.0,1.1666666,0,0,0.875,1,8,Alto
2.0,5.0,1.0,2.0,2.0,2.0,1.0,3.0,2.0,1.0,1.0,2.0,2.0,1.0,1.0,3.0,0.0,1.0,4.0,3.0,2.0,0.0,2.0,0.0,4.0,1,1,4.0,1,2,Bajo
1.0,2.0,1.0,1.0,2.0,1.0,5.0,1.0,1.0,1.0,2.0,2.0,1.0,2.0,1.0,1.0,1.0,1.0,1.0,1.0,2.0,0.0,2.0,0.0,1.0,0,0,0.5,1,2,Bajo
1.0,7.0,1.0,1.0,1.0,3.0,7.0,1.0,1.0,1.0,1.0,2.0,2.0,2.0,2.0,1.0,3.0,3.0,3.0,3.0,2.0,0.0,2.0,0.0,1.5,0,0,1.5,1,4,Medio
1.0,2.0,3.0,1.0,1.0,1.0,4.0,1.0,1.0,1.0,2.0,1.0,1.0,3.0,2.0,1.0,1.0,4.0,5.0,5.0,2.0,0.0,2.0,0.0,2.5,0,0,1.6666666,1,8,Alto
1.0,7.0,1.0,1.0,1.0,2.0,4.0,1.0,1.0,1.0,2.0,2.0,2.0,2.0,2.0,1.0,1.0,1.0,2.0,3.0,2.0,0.0,2.0,0.0,1.0,0,0,1.0,1,7,Alto
2.0,2.0,1.0,1.0,1.0,1.0,4.0,1.0,1.0,1.0,1.0,5.0,1.0,4.0,3.0,1.0,2.0,1.0,6.0,5.0,2.0,0.0,2.0,0.0,2.0,0,0,1.5,1,8,Alto
1.0,7.0,1.0,1.0,1.0,3.0,4.0,1.0,2.0,1.0,2.0,2.0,1.0,3.0,2.0,1.0,3.0,1.0,4.0,4.0,2.0,0.0,2.0,0.0,2.0,0,0,1.3333334,0,3,Bajo
1.0,2.0,1.0,1.0,1.0,3.0,5.0,1.0,1.0,1.0,2.0,2.0,1.0,2.0,2.0,1.0,1.0,1.0,7.0,4.0,2.0,0.0,2.0,0.0,3.5,1,0,3.5,1,5,Medio
1.0,5.0,1.0,1.0,1.0,1.0,3.0,1.0,1.0,1.0,2.0,2.0,1.0,3.0,2.0,1.0,1.0,1.0,3.0,4.0,2.0,0.0,2.0,0.0,1.5,0,0,1.0,1,11,Alto
2.0,2.0,2.0,2.0,2.0,4.0,1.0,6.0,3.0,5.0,3.0,5.0,2.0,1.0,0.0,3.0,0.0,1.0,1.0,1.0,2.0,0.0,1.0,1.0,1.0,0,1,1.0,0,1,Bajo
2.0,2.0,1.0,1.0,1.0,1.0,2.0,2.0,3.0,1.0,1.0,1.0,1.0,3.0,3.0,1.0,3.0,1.0,3.0,3.0,2.0,0.0,2.0,0.0,1.0,0,0,1.0,0,1,Bajo
2.0,5.0,1.0,2.0,1.0,2.0,5.0,3.0,3.0,1.0,3.0,5.0,2.0,2.0,1.0,3.0,0.0,3.0,2.0,3.0,2.0,0.0,1.0,1.0,2.0,0,1,1.0,0,4,Medio
2.0,2.0,4.0,2.0,2.0,1.0,1.0,2.0,3.0,1.0,1.0,2.0,2.0,1.0,1.0,3.0,0.0,1.0,3.0,5.0,2.0,0.0,2.0,0.0,3.0,0,1,3.0,1,3,Bajo
1.0,7.0,1.0,1.0,1.0,2.0,5.0,1.0,1.0,1.0,1.0,2.0,1.0,1.0,1.0,1.0,1.0,4.0,2.0,2.0,2.0,0.0,2.0,0.0,2.0,0,0,2.0,0,2,Bajo
1.0,3.0,1.0,1.0,1.0,1.0,4.0,1.0,1.0,1.0,1.0,2.0,1.0,1.0,1.0,1.0,1.0,4.0,1.0,1.0,2.0,0.0,2.0,0.0,1.0,0,0,1.0,1,5,Medio
1.0,2.0,1.0,1.0,1.0,1.0,3.0,1.0,1.0,1.0,2.0,2.0,1.0,3.0,2.0,1.0,1.0,1.0,1.0,1.0,2.0,0.0,2.0,0.0,0.5,0,0,0.33333334,1,5,Medio
1.0,2.0,3.0,1.0,1.0,3.0,3.0,1.0,1.0,1.0,2.0,1.0,1.0,5.0,3.0,1.0,1.0,1.0,4.0,4.0,2.0,0.0,2.0,0.0,1.3333334,0,0,0.8,1,11,Alto
2.0,7.0,1.0,7.0,2.0,1.0,1.0,1.0,1.0,5.0,3.0,5.0,2.0,1.0,1.0,1.0,6.0,1.0,2.0,2.0,2.0,0.0,2.0,0.0,2.0,0,1,2.0,1,3,Bajo
1.0,4.0,1.0,1.0,2.0,1.0,5.0,1.0,1.0,1.0,2.0,2.0,1.0,2.0,1.0,1.0,1.0,1.0,2.0,2.0,2.0,0.0,2.0,0.0,2.0,0,0,1.0,0,4,Medio
1.0,7.0,1.0,1.0,1.0,2.0,4.0,2.0,3.0,1.0,2.0,1.0,1.0,4.0,3.0,1.0,3.0,1.0,6.0,4.0,2.0,0.0,2.0,0.0,2.0,0,0,1.5,1,5,Medio
2.0,5.0,1.0,2.0,2.0,1.0,1.0,5.0,2.0,1.0,3.0,5.0,1.0,1.0,1.0,1.0,3.0,1.0,1.0,1.0,2.0,0.0,2.0,0.0,1.0,0,1,1.0,0,1,Bajo
1.0,7.0,4.0,1.0,1.0,1.0,4.0,1.0,1.0,1.0,1.0,2.0,1.0,2.0,2.0,2.0,3.0,1.0,4.0,4.0,2.0,0.0,2.0,0.0,2.0,0,0,2.0,1,9,Alto
1.0,2.0,6.0,1.0,1.0,1.0,3.0,1.0,2.0,1.0,1.0,1.0,2.0,1.0,0.0,2.0,1.0,3.0,2.0,5.0,2.0,0.0,1.0,1.0,2.0,0,0,2.0,1,8,Alto
2.0,4.0,1.0,2.0,2.0,1.0,1.0,1.0,2.0,1.0,1.0,6.0,1.0,2.0,2.0,3.0,0.0,1.0,4.0,3.0,2.0,0.0,2.0,0.0,2.0,0,1,2.0,1,3,Bajo
2.0,6.0,1.0,1.0,1.0,3.0,6.0,1.0,1.0,1.0,2.0,2.0,1.0,8.0,5.0,1.0,1.0,1.0,5.0,5.0,2.0,0.0,2.0,0.0,1.0,0,0,0.625,1,6,Medio
2.0,5.0,1.0,2.0,2.0,1.0,5.0,1.0,2.0,1.0,1.0,4.0,1.0,2.0,1.0,3.0,0.0,1.0,1.0,1.0,2.0,0.0,2.0,0.0,1.0,0,1,0.5,0,1,Bajo
1.0,2.0,4.0,2.0,1.0,1.0,5.0,1.0,1.0,1.0,2.0,2.0,1.0,1.0,1.0,2.0,1.0,4.0,2.0,3.0,2.0,0.0,2.0,0.0,2.0,0,0,2.0,1,9,Alto
1.0,4.0,1.0,2.0,1.0,1.0,5.0,1.0,1.0,1.0,1.0,2.0,1.0,3.0,1.0,1.0,1.0,1.0,1.0,1.0,2.0,0.0,2.0,0.0,1.0,0,0,0.33333334,0,4,Medio
1.0,2.0,3.0,1.0,1.0,3.0,3.0,1.0,1.0,1.0,1.0,1.0,1.0,2.0,1.0,1.0,1.0,2.0,1.0,1.0,2.0,0.0,2.0,0.0,1.0,0,0,0.5,1,6,Medio
2.0,8.0,1.0,5.0,2.0,1.0,1.0,5.0,3.0,1.0,3.0,5.0,1.0,1.0,1.0,1.0,3.0,1.0,1.0,1.0,2.0,0.0,2.0,0.0,1.0,0,1,1.0,1,5,Medio
1.0,3.0,4.0,1.0,2.0,1.0,5.0,1.0,2.0,1.0,1.0,1.0,1.0,4.0,3.0,2.0,1.0,1.0,1.0,1.0,1.0,1.0,1.0,1.0,0.33333334,0,0,0.25,0,5,Medio
1.0,7.0,1.0,1.0,1.0,2.0,5.0,1.0,1.0,1.0,1.0,5.0,1.0,2.0,1.0,2.0,3.0,1.0,4.0,3.0,2.0,0.0,2.0,0.0,4.0,1,0,2.0,1,4,Medio
2.0,4.0,1.0,2.0,1.0,1.0,1.0,2.0,3.0,5.0,3.0,5.0,1.0,2.0,1.0,3.0,0.0,1.0,2.0,3.0,2.0,0.0,2.0,0.0,2.0,0,1,1.0,0,1,Bajo
2.0,5.0,1.0,2.0,1.0,1.0,5.0,1.0,1.0,1.0,1.0,5.0,1.0,3.0,2.0,3.0,0.0,2.0,3.0,3.0,2.0,0.0,2.0,0.0,1.5,0,1,1.0,1,2,Bajo
2.0,2.0,1.0,4.0,2.0,4.0,1.0,9.0,3.0,5.0,3.0,5.0,1.0,1.0,1.0,3.0,0.0,6.0,1.0,1.0,2.0,0.0,2.0,0.0,1.0,0,1,1.0,0,0,Bajo
1.0,3.0,1.0,1.0,1.0,1.0,5.0,1.0,1.0,1.0,2.0,2.0,1.0,6.0,4.0,1.0,1.0,1.0,4.0,4.0,2.0,0.0,2.0,0.0,1.0,0,0,0.6666667,1,7,Alto
2.0,7.0,1.0,1.0,2.0,2.0,7.0,1.0,1.0,1.0,1.0,1.0,1.0,2.0,1.0,1.0,3.0,3.0,5.0,5.0,2.0,0.0,1.0,1.0,5.0,1,0,2.5,1,5,Medio
2.0,2.0,1.0,2.0,1.0,1.0,2.0,1.0,2.0,1.0,1.0,5.0,1.0,4.0,4.0,1.0,2.0,1.0,1.0,1.0,2.0,0.0,2.0,0.0,0.25,0,0,0.25,1,4,Medio
1.0,7.0,1.0,1.0,1.0,2.0,4.0,1.0,1.0,1.0,2.0,2.0,1.0,4.0,3.0,1.0,1.0,3.0,4.0,4.0,2.0,0.0,1.0,1.0,1.3333334,0,0,1.0,1,7,Alto
2.0,7.0,1.0,1.0,1.0,1.0,4.0,4.0,1.0,2.0,1.0,5.0,1.0,5.0,2.0,1.0,3.0,1.0,3.0,4.0,2.0,0.0,2.0,0.0,1.5,0,0,0.6,0,1,Bajo
1.0,6.0,1.0,1.0,1.0,1.0,5.0,1.0,1.0,1.0,1.0,1.0,2.0,1.0,1.0,1.0,1.0,3.0,6.0,5.0,2.0,0.0,2.0,0.0,6.0,1,0,6.0,1,2,Bajo
1.0,2.0,3.0,1.0,1.0,1.0,4.0,1.0,1.0,1.0,2.0,1.0,1.0,3.0,2.0,1.0,1.0,4.0,3.0,5.0,2.0,0.0,2.0,0.0,1.5,0,0,1.0,1,7,Alto
2.0,5.0,1.0,1.0,1.0,1.0,5.0,2.0,3.0,5.0,3.0,3.0,1.0,5.0,2.0,1.0,3.0,1.0,2.0,3.0,2.0,0.0,1.0,1.0,1.0,0,1,0.4,1,1,Bajo
2.0,2.0,1.0,5.0,2.0,1.0,5.0,4.0,1.0,3.0,1.0,5.0,1.0,5.0,3.0,1.0,2.0,1.0,10.0,4.0,2.0,0.0,2.0,0.0,3.3333333,1,0,2.0,0,3,Bajo
2.0,2.0,1.0,2.0,1.0,1.0,1.0,1.0,2.0,1.0,3.0,4.0,2.0,2.0,2.0,3.0,0.0,1.0,2.0,3.0,1.0,1.0,2.0,0.0,1.0,0,1,1.0,0,3,Bajo
1.0,7.0,3.0,1.0,1.0,2.0,4.0,1.0,1.0,1.0,2.0,1.0,1.0,2.0,0.0,1.0,1.0,1.0,1.0,1.0,2.0,0.0,2.0,0.0,1.0,0,0,0.5,1,10,Alto
2.0,6.0,1.0,1.0,1.0,2.0,5.0,1.0,1.0,1.0,1.0,1.0,1.0,3.0,1.0,1.0,3.0,1.0,2.0,2.0,1.0,3.0,2.0,0.0,2.0,0,0,0.6666667,0,2,Bajo
1.0,2.0,1.0,1.0,1.0,1.0,5.0,1.0,1.0,1.0,2.0,1.0,1.0,4.0,3.0,1.0,1.0,1.0,2.0,5.0,2.0,0.0,2.0,0.0,0.6666667,0,0,0.5,1,7,Alto
1.0,7.0,1.0,1.0,2.0,2.0,5.0,1.0,1.0,1.0,2.0,1.0,1.0,3.0,2.0,1.0,3.0,1.0,4.0,5.0,2.0,0.0,2.0,0.0,2.0,0,0,1.3333334,1,4,Medio
1.0,3.0,1.0,1.0,2.0,1.0,5.0,8.0,3.0,1.0,1.0,5.0,2.0,3.0,3.0,2.0,3.0,4.0,3.0,4.0,1.0,1.0,1.0,1.0,1.0,0,1,1.0,1,3,Bajo
2.0,7.0,2.0,5.0,2.0,4.0,1.0,3.0,3.0,5.0,3.0,5.0,2.0,1.0,1.0,3.0,0.0,1.0,1.0,1.0,2.0,0.0,2.0,0.0,1.0,0,1,1.0,0,0,Bajo
2.0,3.0,2.0,6.0,2.0,4.0,1.0,7.0,3.0,5.0,3.0,5.0,1.0,1.0,1.0,1.0,3.0,1.0,2.0,2.0,2.0,0.0,2.0,0.0,2.0,0,1,2.0,1,2,Bajo
2.0,3.0,1.0,1.0,1.0,2.0,5.0,1.0,1.0,1.0,1.0,2.0,1.0,2.0,2.0,1.0,1.0,1.0,5.0,4.0,2.0,0.0,2.0,0.0,2.5,0,0,2.5,1,7,Alto
2.0,2.0,1.0,2.0,1.0,1.0,5.0,1.0,2.0,1.0,1.0,5.0,2.0,1.0,1.0,3.0,0.0,1.0,1.0,1.0,2.0,0.0,2.0,0.0,1.0,0,1,1.0,1,2,Bajo
1.0,7.0,1.0,1.0,1.0,2.0,5.0,1.0,1.0,1.0,1.0,2.0,1.0,3.0,3.0,1.0,3.0,1.0,3.0,4.0,2.0,0.0,2.0,0.0,1.0,0,0,1.0,1,5,Medio
2.0,3.0,1.0,5.0,2.0,1.0,1.0,7.0,3.0,5.0,3.0,5.0,2.0,1.0,1.0,3.0,0.0,1.0,1.0,1.0,2.0,0.0,2.0,0.0,1.0,0,1,1.0,1,2,Bajo
1.0,4.0,1.0,1.0,1.0,1.0,5.0,1.0,2.0,1.0,1.0,2.0,2.0,1.0,0.0,1.0,1.0,4.0,4.0,4.0,2.0,0.0,2.0,0.0,4.0,1,0,4.0,0,2,Bajo
1.0,2.0,1.0,2.0,1.0,1.0,1.0,2.0,3.0,1.0,1.0,2.0,1.0,2.0,1.0,1.0,4.0,1.0,1.0,1.0,2.0,0.0,2.0,0.0,1.0,0,0,0.5,0,2,Bajo
1.0,7.0,1.0,1.0,1.0,1.0,4.0,1.0,2.0,1.0,1.0,2.0,1.0,1.0,1.0,2.0,3.0,3.0,3.0,4.0,2.0,0.0,2.0,0.0,3.0,0,0,3.0,1,9,Alto
1.0,2.0,1.0,1.0,1.0,1.0,5.0,1.0,2.0,1.0,2.0,2.0,1.0,2.0,1.0,2.0,1.0,3.0,5.0,4.0,2.0,0.0,2.0,0.0,5.0,1,0,2.5,1,3,Bajo
1.0,9.0,1.0,1.0,1.0,1.0,4.0,1.0,1.0,1.0,1.0,2.0,1.0,3.0,3.0,1.0,1.0,1.0,4.0,4.0,2.0,0.0,2.0,0.0,1.3333334,0,0,1.3333334,1,9,Alto
1.0,3.0,1.0,1.0,1.0,1.0,5.0,2.0,3.0,1.0,1.0,2.0,1.0,3.0,3.0,2.0,3.0,1.0,6.0,4.0,2.0,0.0,2.0,0.0,2.0,0,0,2.0,1,7,Alto
1.0,3.0,1.0,1.0,1.0,1.0,6.0,1.0,1.0,1.0,2.0,2.0,1.0,2.0,1.0,1.0,1.0,6.0,4.0,4.0,2.0,0.0,2.0,0.0,4.0,1,0,2.0,1,8,Alto
1.0,7.0,1.0,1.0,1.0,2.0,4.0,1.0,1.0,1.0,2.0,2.0,1.0,3.0,2.0,1.0,1.0,1.0,1.0,1.0,2.0,0.0,2.0,0.0,0.5,0,0,0.33333334,1,9,Alto
1.0,2.0,1.0,1.0,1.0,1.0,5.0,1.0,1.0,1.0,2.0,1.0,1.0,6.0,1.0,1.0,2.0,4.0,1.0,1.0,2.0,0.0,2.0,0.0,1.0,0,0,0.16666667,1,8,Alto
2.0,5.0,1.0,2.0,1.0,1.0,1.0,1.0,1.0,1.0,3.0,5.0,2.0,2.0,1.0,1.0,1.0,1.0,4.0,5.0,2.0,0.0,2.0,0.0,4.0,1,0,2.0,0,2,Bajo
2.0,2.0,1.0,1.0,1.0,1.0,5.0,3.0,3.0,1.0,1.0,5.0,2.0,4.0,3.0,1.0,3.0,1.0,4.0,4.0,2.0,0.0,2.0,0.0,1.3333334,0,0,1.0,1,4,Medio
2.0,3.0,1.0,1.0,1.0,3.0,1.0,2.0,3.0,1.0,1.0,1.0,1.0,2.0,1.0,1.0,3.0,1.0,1.0,1.0,1.0,2.0,2.0,0.0,1.0,0,0,0.5,0,3,Bajo
1.0,2.0,1.0,1.0,1.0,1.0,3.0,1.0,1.0,1.0,1.0,1.0,1.0,3.0,2.0,1.0,2.0,2.0,4.0,4.0,2.0,0.0,2.0,0.0,2.0,0,0,1.3333334,1,8,Alto
1.0,7.0,1.0,1.0,1.0,2.0,5.0,1.0,1.0,1.0,1.0,5.0,1.0,2.0,1.0,1.0,3.0,1.0,1.0,1.0,2.0,0.0,1.0,1.0,1.0,0,0,0.5,0,4,Medio
1.0,2.0,1.0,1.0,1.0,1.0,5.0,1.0,2.0,1.0,2.0,1.0,1.0,5.0,1.0,2.0,1.0,1.0,1.0,1.0,2.0,0.0,2.0,0.0,1.0,0,0,0.2,0,2,Bajo
2.0,1.0,1.0,2.0,1.0,2.0,5.0,1.0,1.0,1.0,3.0,6.0,1.0,4.0,1.0,1.0,3.0,1.0,2.0,2.0,2.0,0.0,2.0,0.0,2.0,0,0,0.5,1,2,Bajo
1.0,4.0,1.0,1.0,2.0,1.0,5.0,1.0,1.0,1.0,1.0,2.0,1.0,1.0,1.0,1.0,1.0,2.0,4.0,3.0,2.0,0.0,2.0,0.0,4.0,1,0,4.0,1,4,Medio
2.0,9.0,1.0,5.0,2.0,1.0,1.0,7.0,3.0,5.0,3.0,6.0,2.0,1.0,1.0,2.0,3.0,8.0,1.0,1.0,2.0,0.0,2.0,0.0,1.0,0,1,1.0,0,2,Bajo
1.0,2.0,1.0,1.0,1.0,1.0,5.0,1.0,1.0,1.0,1.0,2.0,1.0,6.0,6.0,1.0,1.0,1.0,6.0,3.0,2.0,0.0,2.0,0.0,1.0,0,0,1.0,1,4,Medio
1.0,2.0,3.0,1.0,1.0,3.0,2.0,1.0,1.0,1.0,2.0,1.0,1.0,2.0,2.0,1.0,1.0,6.0,3.0,4.0,2.0,0.0,2.0,0.0,1.5,0,0,1.5,1,9,Alto
2.0,1.0,1.0,2.0,1.0,4.0,5.0,2.0,3.0,1.0,3.0,5.0,1.0,4.0,3.0,3.0,0.0,1.0,5.0,5.0,2.0,0.0,2.0,0.0,1.6666666,0,1,1.25,0,4,Medio
1.0,2.0,1.0,1.0,1.0,1.0,5.0,1.0,1.0,1.0,2.0,2.0,1.0,2.0,1.0,1.0,1.0,4.0,1.0,1.0,2.0,0.0,2.0,0.0,1.0,0,0,0.5,1,5,Medio
2.0,3.0,1.0,2.0,1.0,1.0,1.0,1.0,2.0,1.0,3.0,4.0,1.0,2.0,1.0,3.0,0.0,1.0,2.0,3.0,2.0,0.0,2.0,0.0,2.0,0,1,1.0,1,3,Bajo
2.0,9.0,1.0,5.0,2.0,1.0,2.0,7.0,3.0,5.0,3.0,5.0,1.0,1.0,1.0,3.0,0.0,3.0,4.0,4.0,2.0,0.0,2.0,0.0,4.0,1,1,4.0,0,0,Bajo
2.0,2.0,1.0,2.0,2.0,4.0,1.0,1.0,2.0,5.0,4.0,5.0,1.0,3.0,1.0,1.0,3.0,1.0,1.0,1.0,2.0,0.0,2.0,0.0,1.0,0,1,0.33333334,0,2,Bajo
2.0,2.0,4.0,2.0,1.0,1.0,5.0,1.0,2.0,1.0,1.0,5.0,1.0,1.0,1.0,2.0,3.0,1.0,2.0,3.0,2.0,0.0,1.0,1.0,2.0,0,0,2.0,1,2,Bajo
1.0,4.0,1.0,1.0,1.0,1.0,4.0,1.0,1.0,1.0,2.0,2.0,1.0,2.0,1.0,1.0,1.0,2.0,2.0,2.0,2.0,0.0,2.0,0.0,2.0,0,0,1.0,1,7,Alto
1.0,7.0,1.0,1.0,1.0,2.0,5.0,1.0,1.0,1.0,1.0,2.0,1.0,3.0,3.0,1.0,1.0,1.0,2.0,3.0,2.0,0.0,2.0,0.0,0.6666667,0,0,0.6666667,1,6,Medio
1.0,3.0,4.0,1.0,1.0,1.0,5.0,2.0,3.0,1.0,1.0,2.0,1.0,1.0,1.0,2.0,3.0,4.0,1.0,1.0,2.0,0.0,2.0,0.0,1.0,0,0,1.0,1,4,Medio
1.0,2.0,1.0,2.0,1.0,1.0,2.0,1.0,1.0,1.0,1.0,2.0,1.0,1.0,1.0,2.0,1.0,1.0,5.0,4.0,2.0,0.0,2.0,0.0,5.0,1,0,5.0,1,8,Alto
1.0,4.0,1.0,1.0,1.0,1.0,5.0,1.0,1.0,1.0,1.0,2.0,1.0,4.0,2.0,1.0,1.0,1.0,4.0,5.0,2.0,0.0,2.0,0.0,2.0,0,0,1.0,1,9,Alto
1.0,1.0,1.0,1.0,1.0,1.0,4.0,1.0,1.0,1.0,2.0,1.0,1.0,2.0,1.0,1.0,1.0,5.0,4.0,4.0,2.0,0.0,2.0,0.0,4.0,1,0,2.0,1,10,Alto
1.0,6.0,1.0,1.0,2.0,1.0,5.0,1.0,1.0,1.0,1.0,2.0,1.0,1.0,1.0,2.0,3.0,1.0,3.0,4.0,2.0,0.0,1.0,2.0,3.0,0,0,3.0,1,2,Bajo
2.0,3.0,2.0,5.0,2.0,1.0,1.0,6.0,3.0,1.0,3.0,5.0,1.0,1.0,1.0,3.0,0.0,1.0,2.0,3.0,2.0,0.0,2.0,0.0,2.0,0,1,2.0,1,2,Bajo
1.0,2.0,3.0,1.0,1.0,1.0,5.0,1.0,1.0,1.0,1.0,1.0,1.0,4.0,4.0,1.0,1.0,4.0,5.0,4.0,2.0,0.0,2.0,0.0,1.25,0,0,1.25,1,6,Medio
1.0,7.0,1.0,5.0,2.0,1.0,1.0,1.0,2.0,1.0,1.0,2.0,1.0,1.0,1.0,2.0,2.0,3.0,1.0,1.0,2.0,0.0,2.0,0.0,1.0,0,0,1.0,1,4,Medio
1.0,7.0,1.0,1.0,1.0,5.0,4.0,1.0,1.0,1.0,2.0,2.0,1.0,2.0,2.0,1.0,1.0,1.0,5.0,5.0,2.0,0.0,1.0,1.0,2.5,0,0,2.5,1,7,Alto
1.0,2.0,1.0,1.0,1.0,1.0,5.0,1.0,1.0,1.0,2.0,2.0,1.0,2.0,2.0,1.0,1.0,1.0,5.0,5.0,2.0,0.0,2.0,0.0,2.5,0,0,2.5,1,6,Medio
1.0,7.0,6.0,1.0,1.0,2.0,4.0,1.0,2.0,1.0,1.0,2.0,2.0,1.0,0.0,2.0,1.0,7.0,1.0,1.0,2.0,0.0,2.0,0.0,1.0,0,0,1.0,1,5,Medio
1.0,7.0,4.0,1.0,1.0,3.0,4.0,1.0,1.0,1.0,1.0,2.0,1.0,1.0,1.0,2.0,1.0,4.0,2.0,2.0,2.0,0.0,2.0,0.0,2.0,0,0,2.0,1,7,Alto
2.0,7.0,1.0,1.0,2.0,2.0,1.0,1.0,2.0,1.0,1.0,5.0,2.0,1.0,0.0,1.0,3.0,4.0,5.0,5.0,2.0,0.0,2.0,0.0,5.0,1,0,5.0,1,2,Bajo
2.0,2.0,6.0,1.0,1.0,1.0,5.0,1.0,2.0,1.0,1.0,3.0,2.0,2.0,0.0,2.0,2.0,1.0,1.0,1.0,2.0,0.0,2.0,0.0,1.0,0,0,0.5,1,2,Bajo
2.0,8.0,1.0,5.0,2.0,5.0,1.0,4.0,3.0,5.0,3.0,6.0,1.0,2.0,1.0,1.0,3.0,1.0,1.0,1.0,2.0,0.0,2.0,0.0,1.0,0,1,0.5,0,1,Bajo
1.0,7.0,5.0,7.0,2.0,5.0,1.0,5.0,3.0,4.0,1.0,2.0,2.0,1.0,0.0,2.0,1.0,3.0,1.0,1.0,1.0,4.0,2.0,0.0,1.0,0,1,1.0,1,3,Bajo
1.0,2.0,1.0,1.0,1.0,1.0,5.0,1.0,1.0,1.0,2.0,2.0,1.0,4.0,2.0,1.0,1.0,3.0,4.0,4.0,2.0,0.0,2.0,0.0,2.0,0,0,1.0,1,7,Alto
1.0,3.0,1.0,2.0,1.0,1.0,5.0,1.0,2.0,1.0,1.0,2.0,1.0,2.0,1.0,2.0,1.0,1.0,1.0,1.0,1.0,2.0,1.0,1.0,1.0,0,0,0.5,1,4,Medio
2.0,3.0,1.0,5.0,2.0,4.0,1.0,7.0,3.0,5.0,3.0,5.0,2.0,1.0,1.0,3.0,0.0,1.0,1.0,1.0,2.0,0.0,2.0,0.0,1.0,0,1,1.0,1,2,Bajo
1.0,1.0,1.0,1.0,2.0,2.0,5.0,1.0,1.0,1.0,2.0,2.0,1.0,1.0,1.0,1.0,1.0,4.0,4.0,3.0,2.0,0.0,2.0,0.0,4.0,1,0,4.0,1,5,Medio
2.0,5.0,1.0,2.0,1.0,1.0,5.0,1.0,1.0,1.0,1.0,5.0,1.0,5.0,2.0,1.0,3.0,1.0,1.0,1.0,2.0,0.0,2.0,0.0,0.5,0,0,0.2,1,7,Alto
2.0,2.0,1.0,2.0,1.0,1.0,1.0,6.0,1.0,1.0,3.0,5.0,1.0,3.0,3.0,3.0,0.0,1.0,6.0,5.0,2.0,0.0,2.0,0.0,2.0,0,1,2.0,0,0,Bajo
2.0,5.0,1.0,2.0,1.0,1.0,5.0,1.0,1.0,1.0,1.0,2.0,1.0,2.0,2.0,2.0,1.0,4.0,3.0,3.0,2.0,0.0,2.0,0.0,1.5,0,0,1.5,1,5,Medio
2.0,9.0,1.0,1.0,2.0,1.0,5.0,4.0,3.0,1.0,1.0,5.0,1.0,3.0,3.0,1.0,3.0,1.0,4.0,4.0,2.0,0.0,2.0,0.0,1.3333334,0,0,1.3333334,1,6,Medio
1.0,8.0,1.0,1.0,1.0,1.0,6.0,9.0,3.0,1.0,1.0,5.0,1.0,1.0,1.0,1.0,2.0,1.0,1.0,1.0,2.0,0.0,2.0,0.0,1.0,0,1,1.0,1,6,Medio
1.0,2.0,1.0,1.0,1.0,1.0,4.0,1.0,1.0,1.0,2.0,2.0,1.0,5.0,2.0,1.0,1.0,2.0,3.0,4.0,2.0,0.0,2.0,0.0,1.5,0,0,0.6,1,5,Medio
2.0,3.0,1.0,2.0,2.0,1.0,1.0,2.0,3.0,1.0,3.0,4.0,1.0,3.0,1.0,1.0,3.0,1.0,3.0,5.0,2.0,0.0,2.0,0.0,3.0,0,0,1.0,0,1,Bajo
2.0,5.0,1.0,2.0,1.0,1.0,5.0,1.0,2.0,5.0,3.0,5.0,1.0,3.0,2.0,1.0,3.0,1.0,2.0,5.0,2.0,0.0,2.0,0.0,1.0,0,1,0.6666667,1,2,Bajo
1.0,7.0,1.0,1.0,1.0,1.0,5.0,1.0,2.0,1.0,1.0,2.0,1.0,1.0,1.0,2.0,1.0,1.0,3.0,4.0,2.0,0.0,2.0,0.0,3.0,0,0,3.0,1,6,Medio
1.0,3.0,3.0,1.0,1.0,3.0,8.0,1.0,1.0,1.0,2.0,1.0,1.0,2.0,1.0,1.0,1.0,1.0,1.0,1.0,2.0,0.0,2.0,0.0,1.0,0,0,0.5,1,9,Alto
1.0,1.0,1.0,1.0,1.0,3.0,6.0,4.0,2.0,1.0,1.0,1.0,1.0,2.0,1.0,1.0,3.0,1.0,3.0,4.0,2.0,0.0,2.0,0.0,3.0,0,0,1.5,1,5,Medio
1.0,7.0,1.0,1.0,1.0,3.0,4.0,1.0,1.0,1.0,2.0,2.0,1.0,6.0,4.0,1.0,3.0,1.0,5.0,5.0,1.0,1.0,1.0,1.0,1.25,0,0,0.8333333,1,6,Medio
2.0,3.0,1.0,1.0,1.0,1.0,5.0,1.0,1.0,2.0,1.0,2.0,1.0,4.0,1.0,1.0,2.0,1.0,2.0,2.0,2.0,0.0,2.0,0.0,2.0,0,0,0.5,1,2,Bajo
2.0,4.0,1.0,2.0,1.0,1.0,7.0,4.0,3.0,1.0,3.0,5.0,2.0,2.0,1.0,3.0,0.0,1.0,1.0,1.0,2.0,0.0,2.0,0.0,1.0,0,1,0.5,1,2,Bajo
2.0,5.0,1.0,2.0,2.0,1.0,1.0,7.0,2.0,5.0,3.0,4.0,2.0,1.0,0.0,3.0,0.0,1.0,1.0,1.0,2.0,0.0,2.0,0.0,1.0,0,1,1.0,0,2,Bajo
1.0,7.0,1.0,1.0,1.0,2.0,4.0,1.0,1.0,1.0,2.0,1.0,1.0,5.0,5.0,2.0,1.0,1.0,6.0,5.0,1.0,1.0,1.0,1.0,1.2,0,0,1.2,1,10,Alto
2.0,3.0,1.0,2.0,1.0,1.0,1.0,3.0,3.0,5.0,3.0,5.0,1.0,1.0,1.0,3.0,0.0,1.0,1.0,1.0,2.0,0.0,2.0,0.0,1.0,0,1,1.0,1,1,Bajo
2.0,3.0,1.0,2.0,1.0,2.0,1.0,2.0,3.0,5.0,3.0,5.0,2.0,2.0,1.0,3.0,0.0,1.0,1.0,1.0,2.0,0.0,2.0,0.0,1.0,0,1,0.5,0,1,Bajo
2.0,3.0,1.0,5.0,2.0,1.0,1.0,5.0,3.0,5.0,1.0,5.0,2.0,2.0,2.0,3.0,0.0,1.0,1.0,1.0,2.0,0.0,2.0,0.0,0.5,0,1,0.5,1,3,Bajo
1.0,2.0,1.0,1.0,1.0,1.0,5.0,1.0,1.0,1.0,2.0,2.0,1.0,1.0,1.0,1.0,1.0,3.0,3.0,3.0,2.0,0.0,2.0,0.0,3.0,0,0,3.0,1,2,Bajo
1.0,7.0,1.0,1.0,1.0,2.0,4.0,2.0,3.0,1.0,2.0,1.0,2.0,4.0,4.0,1.0,2.0,4.0,7.0,5.0,2.0,0.0,2.0,0.0,1.75,0,0,1.75,1,3,Bajo
2.0,6.0,2.0,6.0,2.0,1.0,1.0,7.0,3.0,5.0,3.0,5.0,2.0,1.0,1.0,3.0,0.0,1.0,1.0,1.0,2.0,0.0,2.0,0.0,1.0,0,1,1.0,1,1,Bajo
2.0,3.0,1.0,1.0,1.0,1.0,5.0,1.0,2.0,1.0,1.0,5.0,1.0,1.0,1.0,1.0,3.0,1.0,5.0,4.0,2.0,0.0,2.0,0.0,5.0,1,0,5.0,1,7,Alto
1.0,7.0,1.0,1.0,1.0,2.0,4.0,2.0,3.0,1.0,1.0,2.0,2.0,4.0,3.0,1.0,3.0,5.0,6.0,6.0,2.0,0.0,2.0,0.0,2.0,0,0,1.5,1,8,Alto
1.0,2.0,3.0,1.0,1.0,3.0,3.0,1.0,1.0,1.0,1.0,1.0,1.0,4.0,2.0,1.0,1.0,1.0,3.0,6.0,2.0,0.0,2.0,0.0,1.5,0,0,0.75,1,7,Alto
1.0,2.0,3.0,1.0,1.0,3.0,3.0,1.0,1.0,1.0,1.0,1.0,1.0,4.0,2.0,1.0,1.0,1.0,4.0,4.0,2.0,0.0,2.0,0.0,2.0,0,0,1.0,1,10,Alto
2.0,2.0,1.0,2.0,1.0,1.0,5.0,1.0,1.0,1.0,3.0,6.0,1.0,2.0,2.0,1.0,3.0,1.0,2.0,3.0,2.0,0.0,2.0,0.0,1.0,0,0,1.0,1,3,Bajo
1.0,2.0,1.0,1.0,2.0,1.0,5.0,1.0,2.0,3.0,8.0,2.0,2.0,1.0,1.0,1.0,3.0,1.0,1.0,1.0,2.0,0.0,2.0,0.0,1.0,0,0,1.0,0,2,Bajo
2.0,5.0,1.0,2.0,2.0,1.0,1.0,3.0,3.0,5.0,3.0,4.0,1.0,1.0,1.0,3.0,0.0,1.0,1.0,1.0,2.0,0.0,2.0,0.0,1.0,0,1,1.0,0,1,Bajo
1.0,7.0,1.0,5.0,2.0,1.0,1.0,1.0,2.0,1.0,1.0,2.0,2.0,2.0,2.0,2.0,1.0,1.0,9.0,3.0,2.0,0.0,1.0,1.0,4.5,1,0,4.5,1,2,Bajo
1.0,7.0,1.0,1.0,1.0,1.0,5.0,1.0,1.0,1.0,1.0,2.0,1.0,1.0,1.0,1.0,1.0,1.0,1.0,1.0,2.0,0.0,2.0,0.0,1.0,0,0,1.0,1,7,Alto
1.0,3.0,1.0,1.0,2.0,1.0,5.0,1.0,1.0,1.0,1.0,2.0,1.0,3.0,1.0,2.0,1.0,4.0,2.0,2.0,2.0,0.0,2.0,0.0,2.0,0,0,0.6666667,0,2,Bajo
1.0,2.0,1.0,1.0,1.0,2.0,5.0,1.0,1.0,1.0,2.0,2.0,1.0,4.0,2.0,1.0,1.0,2.0,2.0,6.0,2.0,0.0,2.0,0.0,1.0,0,0,0.5,1,4,Medio
1.0,5.0,1.0,1.0,1.0,1.0,8.0,1.0,1.0,1.0,2.0,1.0,1.0,5.0,3.0,1.0,1.0,1.0,5.0,5.0,2.0,0.0,1.0,1.0,1.6666666,0,0,1.0,1,9,Alto
1.0,3.0,1.0,1.0,1.0,1.0,5.0,2.0,3.0,1.0,1.0,2.0,2.0,1.0,1.0,1.0,1.0,3.0,3.0,4.0,1.0,3.0,1.0,1.0,3.0,0,0,3.0,1,6,Medio
2.0,4.0,1.0,2.0,1.0,1.0,1.0,1.0,2.0,1.0,1.0,5.0,2.0,1.0,1.0,1.0,3.0,1.0,4.0,4.0,2.0,0.0,1.0,1.0,4.0,1,0,4.0,1,5,Medio
1.0,7.0,1.0,2.0,1.0,1.0,5.0,1.0,1.0,1.0,2.0,2.0,2.0,3.0,3.0,1.0,1.0,4.0,7.0,5.0,1.0,1.0,2.0,0.0,2.3333333,0,0,2.3333333,1,9,Alto
1.0,6.0,1.0,1.0,1.0,3.0,4.0,1.0,1.0,1.0,2.0,2.0,1.0,6.0,3.0,2.0,1.0,3.0,5.0,5.0,2.0,0.0,2.0,0.0,1.6666666,0,0,0.8333333,1,6,Medio
1.0,1.0,1.0,1.0,2.0,3.0,4.0,1.0,1.0,1.0,1.0,4.0,2.0,1.0,1.0,3.0,0.0,3.0,1.0,1.0,1.0,1.0,2.0,0.0,1.0,0,1,1.0,0,0,Bajo
2.0,2.0,1.0,2.0,1.0,1.0,1.0,7.0,2.0,3.0,3.0,5.0,1.0,2.0,1.0,3.0,0.0,1.0,2.0,2.0,2.0,0.0,2.0,0.0,2.0,0,1,1.0,0,1,Bajo
1.0,3.0,1.0,1.0,1.0,1.0,4.0,1.0,1.0,1.0,1.0,2.0,1.0,4.0,2.0,1.0,1.0,4.0,3.0,4.0,2.0,0.0,2.0,0.0,1.5,0,0,0.75,1,8,Alto
1.0,7.0,4.0,1.0,2.0,1.0,9.0,5.0,1.0,1.0,8.0,1.0,2.0,1.0,1.0,3.0,0.0,4.0,1.0,1.0,2.0,0.0,2.0,0.0,1.0,0,1,1.0,1,4,Medio
2.0,3.0,2.0,2.0,2.0,4.0,1.0,3.0,3.0,5.0,3.0,5.0,1.0,1.0,1.0,1.0,3.0,1.0,1.0,1.0,2.0,0.0,2.0,0.0,1.0,0,1,1.0,0,0,Bajo
1.0,7.0,4.0,1.0,1.0,2.0,4.0,1.0,1.0,1.0,1.0,2.0,1.0,1.0,1.0,2.0,3.0,4.0,2.0,6.0,2.0,0.0,2.0,0.0,2.0,0,0,2.0,1,5,Medio
1.0,7.0,1.0,1.0,1.0,3.0,5.0,1.0,1.0,1.0,2.0,5.0,1.0,2.0,2.0,1.0,3.0,1.0,5.0,4.0,2.0,0.0,2.0,0.0,2.5,0,0,2.5,1,7,Alto
1.0,2.0,4.0,2.0,1.0,1.0,3.0,1.0,2.0,1.0,1.0,1.0,1.0,1.0,1.0,2.0,1.0,1.0,1.0,1.0,2.0,0.0,2.0,0.0,1.0,0,0,1.0,1,5,Medio
2.0,2.0,1.0,2.0,1.0,1.0,1.0,1.0,2.0,1.0,1.0,5.0,1.0,1.0,1.0,3.0,0.0,1.0,2.0,3.0,1.0,2.0,2.0,0.0,2.0,0,1,2.0,0,2,Bajo
1.0,2.0,1.0,2.0,1.0,1.0,3.0,1.0,1.0,1.0,1.0,1.0,1.0,2.0,2.0,1.0,1.0,1.0,1.0,1.0,1.0,1.0,2.0,0.0,0.5,0,0,0.5,1,6,Medio
1.0,3.0,1.0,1.0,1.0,3.0,5.0,1.0,1.0,1.0,1.0,2.0,1.0,3.0,1.0,1.0,1.0,5.0,1.0,1.0,2.0,0.0,2.0,0.0,1.0,0,0,0.33333334,1,4,Medio
1.0,7.0,1.0,1.0,1.0,2.0,4.0,1.0,1.0,1.0,1.0,2.0,1.0,4.0,4.0,1.0,3.0,1.0,4.0,4.0,2.0,0.0,2.0,0.0,1.0,0,0,1.0,1,10,Alto
2.0,5.0,1.0,2.0,1.0,4.0,1.0,5.0,3.0,3.0,3.0,5.0,1.0,2.0,1.0,3.0,0.0,1.0,2.0,3.0,1.0,1.0,1.0,1.0,2.0,0,1,1.0,1,4,Medio
2.0,8.0,2.0,5.0,2.0,4.0,1.0,7.0,3.0,5.0,3.0,5.0,2.0,1.0,1.0,1.0,3.0,1.0,1.0,1.0,2.0,0.0,2.0,0.0,1.0,0,1,1.0,0,4,Medio
2.0,2.0,1.0,2.0,2.0,1.0,1.0,1.0,2.0,5.0,1.0,5.0,1.0,2.0,1.0,1.0,3.0,1.0,1.0,1.0,2.0,0.0,1.0,1.0,1.0,0,1,0.5,0,2,Bajo
2.0,7.0,1.0,1.0,1.0,1.0,5.0,5.0,1.0,2.0,1.0,5.0,2.0,8.0,4.0,1.0,4.0,3.0,8.0,4.0,2.0,0.0,2.0,0.0,2.0,0,1,1.0,0,0,Bajo
1.0,3.0,4.0,2.0,2.0,1.0,5.0,1.0,1.0,1.0,1.0,2.0,1.0,3.0,3.0,2.0,1.0,1.0,3.0,3.0,2.0,0.0,2.0,0.0,1.0,0,0,1.0,1,7,Alto
1.0,2.0,3.0,1.0,1.0,1.0,3.0,1.0,1.0,1.0,1.0,1.0,1.0,4.0,3.0,1.0,1.0,5.0,5.0,4.0,2.0,0.0,2.0,0.0,1.6666666,0,0,1.25,1,9,Alto
1.0,2.0,1.0,1.0,1.0,3.0,3.0,1.0,1.0,1.0,2.0,1.0,1.0,4.0,1.0,1.0,1.0,1.0,3.0,5.0,1.0,3.0,2.0,0.0,3.0,0,0,0.75,1,9,Alto
2.0,1.0,1.0,2.0,2.0,1.0,5.0,1.0,1.0,1.0,3.0,5.0,1.0,2.0,1.0,1.0,3.0,4.0,1.0,1.0,2.0,0.0,2.0,0.0,1.0,0,0,0.5,1,4,Medio
1.0,1.0,3.0,1.0,1.0,3.0,4.0,1.0,1.0,1.0,2.0,3.0,1.0,2.0,2.0,1.0,1.0,1.0,4.0,4.0,2.0,0.0,2.0,0.0,2.0,0,0,2.0,1,4,Medio
2.0,5.0,1.0,2.0,2.0,1.0,1.0,1.0,2.0,5.0,3.0,5.0,1.0,2.0,1.0,3.0,0.0,1.0,2.0,3.0,2.0,0.0,2.0,0.0,2.0,0,1,1.0,0,2,Bajo
2.0,3.0,1.0,2.0,2.0,1.0,1.0,7.0,1.0,1.0,1.0,5.0,1.0,1.0,1.0,1.0,3.0,1.0,4.0,3.0,2.0,0.0,2.0,0.0,4.0,1,1,4.0,1,4,Medio
2.0,2.0,1.0,1.0,1.0,1.0,9.0,1.0,2.0,5.0,1.0,5.0,2.0,1.0,1.0,3.0,0.0,1.0,1.0,1.0,2.0,0.0,2.0,0.0,1.0,0,1,1.0,0,2,Bajo
1.0,2.0,1.0,1.0,1.0,1.0,3.0,1.0,1.0,1.0,1.0,1.0,1.0,3.0,2.0,1.0,1.0,4.0,4.0,4.0,2.0,0.0,2.0,0.0,2.0,0,0,1.3333334,1,8,Alto
2.0,3.0,1.0,2.0,2.0,1.0,1.0,5.0,3.0,5.0,3.0,5.0,2.0,1.0,1.0,3.0,0.0,1.0,1.0,1.0,2.0,0.0,2.0,0.0,1.0,0,1,1.0,0,1,Bajo
1.0,7.0,1.0,1.0,1.0,2.0,5.0,1.0,2.0,1.0,2.0,2.0,1.0,1.0,1.0,1.0,2.0,2.0,1.0,1.0,2.0,0.0,2.0,0.0,1.0,0,0,1.0,1,1,Bajo
1.0,7.0,1.0,1.0,1.0,2.0,4.0,1.0,1.0,1.0,1.0,2.0,2.0,1.0,1.0,1.0,1.0,4.0,2.0,3.0,2.0,0.0,2.0,0.0,2.0,0,0,2.0,1,4,Medio
1.0,2.0,1.0,1.0,1.0,1.0,5.0,2.0,3.0,1.0,1.0,1.0,1.0,1.0,1.0,1.0,2.0,1.0,2.0,3.0,2.0,0.0,2.0,0.0,2.0,0,0,2.0,1,5,Medio
2.0,3.0,1.0,1.0,1.0,3.0,5.0,1.0,1.0,1.0,1.0,1.0,1.0,2.0,1.0,1.0,3.0,1.0,1.0,1.0,2.0,0.0,2.0,0.0,1.0,0,0,0.5,0,5,Medio
1.0,7.0,1.0,1.0,1.0,1.0,4.0,1.0,1.0,1.0,2.0,2.0,1.0,2.0,1.0,2.0,1.0,1.0,2.0,2.0,1.0,2.0,2.0,0.0,2.0,0,0,1.0,1,8,Alto
2.0,2.0,1.0,1.0,1.0,1.0,4.0,1.0,2.0,1.0,1.0,6.0,1.0,2.0,1.0,1.0,1.0,1.0,1.0,1.0,2.0,0.0,2.0,0.0,1.0,0,0,0.5,0,6,Medio
1.0,2.0,1.0,1.0,1.0,2.0,5.0,1.0,1.0,1.0,2.0,2.0,1.0,4.0,3.0,1.0,1.0,5.0,4.0,3.0,2.0,0.0,2.0,0.0,1.3333334,0,0,1.0,1,7,Alto
1.0,4.0,3.0,2.0,1.0,1.0,3.0,1.0,1.0,1.0,1.0,2.0,1.0,3.0,2.0,1.0,1.0,4.0,5.0,3.0,2.0,0.0,2.0,0.0,2.5,0,0,1.6666666,1,8,Alto
1.0,8.0,1.0,1.0,1.0,1.0,5.0,2.0,3.0,1.0,1.0,2.0,1.0,2.0,1.0,1.0,2.0,4.0,4.0,4.0,2.0,0.0,2.0,0.0,4.0,1,0,2.0,1,3,Bajo
2.0,1.0,1.0,2.0,1.0,2.0,1.0,1.0,2.0,1.0,3.0,5.0,2.0,1.0,1.0,3.0,0.0,3.0,2.0,3.0,2.0,0.0,2.0,0.0,2.0,0,1,2.0,1,1,Bajo
1.0,5.0,1.0,1.0,1.0,1.0,4.0,1.0,1.0,1.0,1.0,2.0,1.0,2.0,2.0,1.0,1.0,1.0,1.0,1.0,2.0,0.0,2.0,0.0,0.5,0,0,0.5,1,9,Alto
2.0,2.0,1.0,1.0,1.0,1.0,5.0,1.0,2.0,1.0,1.0,5.0,1.0,2.0,2.0,2.0,3.0,3.0,1.0,1.0,2.0,0.0,2.0,0.0,0.5,0,0,0.5,1,4,Medio
2.0,9.0,2.0,5.0,2.0,1.0,1.0,4.0,3.0,5.0,1.0,5.0,2.0,1.0,1.0,1.0,6.0,1.0,2.0,2.0,2.0,0.0,2.0,0.0,2.0,0,1,2.0,0,3,Bajo
2.0,4.0,1.0,2.0,2.0,1.0,9.0,1.0,1.0,5.0,1.0,2.0,1.0,2.0,1.0,3.0,0.0,1.0,2.0,5.0,2.0,0.0,2.0,0.0,2.0,0,1,1.0,1,2,Bajo
1.0,7.0,4.0,1.0,1.0,2.0,9.0,1.0,1.0,1.0,1.0,2.0,1.0,3.0,2.0,2.0,1.0,2.0,3.0,3.0,2.0,0.0,2.0,0.0,1.5,0,0,1.0,1,4,Medio
2.0,3.0,1.0,2.0,1.0,1.0,1.0,1.0,2.0,1.0,3.0,5.0,1.0,1.0,1.0,1.0,3.0,1.0,1.0,1.0,2.0,0.0,2.0,0.0,1.0,0,0,1.0,1,1,Bajo
1.0,2.0,1.0,1.0,1.0,1.0,5.0,1.0,2.0,1.0,1.0,2.0,1.0,2.0,1.0,1.0,1.0,1.0,5.0,4.0,2.0,0.0,2.0,0.0,5.0,1,0,2.5,1,5,Medio
2.0,2.0,1.0,2.0,1.0,1.0,1.0,4.0,3.0,1.0,3.0,5.0,1.0,3.0,3.0,1.0,3.0,1.0,5.0,3.0,2.0,0.0,2.0,0.0,1.6666666,0,0,1.6666666,1,6,Medio
1.0,7.0,1.0,1.0,1.0,2.0,1.0,1.0,2.0,1.0,1.0,2.0,1.0,1.0,1.0,2.0,3.0,5.0,6.0,4.0,2.0,0.0,2.0,0.0,6.0,1,0,6.0,1,6,Medio
1.0,3.0,1.0,1.0,1.0,2.0,4.0,1.0,1.0,1.0,1.0,2.0,1.0,4.0,4.0,1.0,1.0,2.0,5.0,4.0,2.0,0.0,2.0,0.0,1.25,0,0,1.25,1,10,Alto
1.0,7.0,4.0,1.0,1.0,2.0,4.0,1.0,1.0,1.0,1.0,2.0,2.0,1.0,1.0,2.0,1.0,4.0,1.0,1.0,2.0,0.0,2.0,0.0,1.0,0,0,1.0,1,4,Medio
1.0,2.0,1.0,1.0,1.0,1.0,5.0,1.0,2.0,1.0,1.0,2.0,2.0,1.0,1.0,1.0,3.0,1.0,1.0,1.0,2.0,0.0,1.0,1.0,1.0,0,0,1.0,0,3,Bajo
2.0,1.0,1.0,1.0,1.0,2.0,5.0,4.0,1.0,1.0,1.0,1.0,1.0,2.0,1.0,1.0,2.0,1.0,3.0,4.0,2.0,0.0,2.0,0.0,3.0,0,0,1.5,1,4,Medio
2.0,2.0,1.0,2.0,1.0,1.0,1.0,2.0,3.0,5.0,1.0,5.0,2.0,1.0,1.0,3.0,0.0,1.0,1.0,1.0,2.0,0.0,2.0,0.0,1.0,0,1,1.0,1,4,Medio
1.0,2.0,1.0,2.0,2.0,1.0,5.0,1.0,1.0,1.0,1.0,2.0,1.0,4.0,2.0,1.0,1.0,1.0,2.0,3.0,2.0,0.0,2.0,0.0,1.0,0,0,0.5,1,3,Bajo
1.0,7.0,1.0,1.0,1.0,1.0,4.0,1.0,1.0,1.0,1.0,2.0,1.0,8.0,8.0,1.0,1.0,1.0,6.0,5.0,2.0,0.0,2.0,0.0,0.75,0,0,0.75,1,5,Medio
1.0,2.0,1.0,1.0,1.0,1.0,3.0,1.0,1.0,1.0,2.0,1.0,1.0,2.0,2.0,1.0,1.0,2.0,1.0,1.0,2.0,0.0,2.0,0.0,0.5,0,0,0.5,1,9,Alto
2.0,7.0,1.0,1.0,1.0,2.0,4.0,2.0,3.0,1.0,1.0,5.0,1.0,1.0,1.0,1.0,3.0,1.0,5.0,5.0,2.0,0.0,2.0,0.0,5.0,1,0,5.0,1,4,Medio
1.0,8.0,1.0,5.0,2.0,1.0,5.0,5.0,3.0,1.0,1.0,2.0,1.0,2.0,2.0,1.0,3.0,2.0,8.0,5.0,1.0,2.0,2.0,0.0,4.0,1,1,4.0,1,5,Medio
1.0,7.0,4.0,1.0,1.0,2.0,5.0,1.0,1.0,1.0,1.0,5.0,1.0,1.0,1.0,2.0,2.0,4.0,2.0,3.0,2.0,0.0,2.0,0.0,2.0,0,0,2.0,0,2,Bajo
1.0,3.0,4.0,1.0,1.0,3.0,4.0,1.0,1.0,1.0,1.0,2.0,1.0,1.0,1.0,2.0,1.0,4.0,1.0,1.0,2.0,0.0,2.0,0.0,1.0,0,0,1.0,1,2,Bajo
1.0,2.0,1.0,1.0,1.0,1.0,5.0,1.0,2.0,1.0,1.0,2.0,1.0,2.0,1.0,1.0,1.0,3.0,2.0,3.0,1.0,1.0,2.0,0.0,2.0,0,0,1.0,1,4,Medio
1.0,8.0,1.0,1.0,2.0,1.0,5.0,8.0,3.0,1.0,1.0,1.0,1.0,1.0,0.0,1.0,2.0,1.0,5.0,5.0,2.0,0.0,2.0,0.0,5.0,1,1,5.0,1,7,Alto
2.0,2.0,1.0,2.0,1.0,1.0,5.0,2.0,3.0,1.0,1.0,5.0,1.0,2.0,2.0,1.0,3.0,1.0,5.0,6.0,2.0,0.0,2.0,0.0,2.5,0,0,2.5,1,6,Medio
1.0,2.0,3.0,1.0,1.0,1.0,3.0,1.0,1.0,1.0,1.0,2.0,1.0,4.0,3.0,1.0,1.0,3.0,5.0,4.0,2.0,0.0,2.0,0.0,1.6666666,0,0,1.25,1,7,Alto
1.0,2.0,3.0,1.0,1.0,3.0,3.0,1.0,1.0,1.0,2.0,1.0,1.0,5.0,2.0,1.0,1.0,2.0,3.0,4.0,2.0,0.0,2.0,0.0,1.5,0,0,0.6,1,8,Alto
1.0,7.0,1.0,2.0,1.0,2.0,7.0,1.0,2.0,1.0,3.0,6.0,1.0,2.0,2.0,1.0,3.0,1.0,3.0,3.0,2.0,0.0,2.0,0.0,1.5,0,0,1.5,0,4,Medio
2.0,7.0,2.0,2.0,2.0,1.0,1.0,5.0,3.0,5.0,3.0,5.0,2.0,1.0,0.0,3.0,0.0,2.0,1.0,1.0,2.0,0.0,2.0,0.0,1.0,0,1,1.0,1,3,Bajo
1.0,7.0,1.0,1.0,1.0,2.0,1.0,1.0,1.0,1.0,2.0,2.0,1.0,2.0,2.0,1.0,1.0,1.0,2.0,2.0,2.0,0.0,2.0,0.0,1.0,0,0,1.0,0,4,Medio
1.0,5.0,1.0,1.0,1.0,3.0,5.0,1.0,2.0,1.0,1.0,2.0,2.0,1.0,1.0,2.0,1.0,4.0,3.0,3.0,2.0,0.0,2.0,0.0,3.0,0,0,3.0,1,5,Medio
1.0,4.0,3.0,1.0,1.0,1.0,4.0,1.0,1.0,1.0,1.0,1.0,1.0,2.0,2.0,1.0,1.0,1.0,5.0,4.0,2.0,0.0,2.0,0.0,2.5,0,0,2.5,1,9,Alto
1.0,2.0,1.0,1.0,1.0,1.0,5.0,1.0,2.0,1.0,1.0,2.0,1.0,2.0,1.0,1.0,1.0,1.0,6.0,5.0,2.0,0.0,2.0,0.0,6.0,1,0,3.0,1,7,Alto
2.0,7.0,1.0,3.0,2.0,1.0,1.0,4.0,3.0,1.0,3.0,6.0,2.0,1.0,1.0,1.0,2.0,1.0,3.0,4.0,2.0,0.0,2.0,0.0,3.0,0,0,3.0,1,5,Medio
1.0,7.0,1.0,1.0,1.0,2.0,5.0,1.0,1.0,1.0,1.0,2.0,1.0,2.0,2.0,1.0,1.0,3.0,4.0,5.0,2.0,0.0,2.0,0.0,2.0,0,0,2.0,1,10,Alto
1.0,3.0,1.0,1.0,1.0,1.0,4.0,1.0,1.0,1.0,2.0,2.0,1.0,4.0,3.0,1.0,1.0,1.0,4.0,4.0,2.0,0.0,2.0,0.0,1.3333334,0,0,1.0,1,4,Medio
2.0,2.0,1.0,1.0,2.0,3.0,5.0,6.0,1.0,1.0,1.0,5.0,1.0,2.0,2.0,3.0,0.0,1.0,5.0,5.0,2.0,0.0,2.0,0.0,2.5,0,1,2.5,1,3,Bajo
2.0,4.0,1.0,2.0,2.0,4.0,1.0,7.0,3.0,5.0,3.0,5.0,2.0,1.0,1.0,3.0,0.0,1.0,2.0,2.0,2.0,0.0,2.0,0.0,2.0,0,1,2.0,0,1,Bajo
1.0,2.0,1.0,1.0,1.0,1.0,3.0,1.0,1.0,1.0,2.0,2.0,1.0,3.0,2.0,1.0,1.0,1.0,3.0,3.0,2.0,0.0,2.0,0.0,1.5,0,0,1.0,1,10,Alto
2.0,5.0,1.0,2.0,2.0,1.0,1.0,6.0,2.0,1.0,3.0,5.0,1.0,1.0,1.0,3.0,0.0,1.0,1.0,1.0,2.0,0.0,2.0,0.0,1.0,0,1,1.0,0,1,Bajo
2.0,3.0,1.0,1.0,1.0,3.0,4.0,1.0,1.0,1.0,1.0,5.0,1.0,2.0,2.0,1.0,2.0,1.0,4.0,4.0,2.0,0.0,2.0,0.0,2.0,0,0,2.0,1,8,Alto
1.0,6.0,1.0,1.0,2.0,1.0,5.0,1.0,2.0,1.0,1.0,2.0,1.0,2.0,1.0,1.0,3.0,1.0,5.0,5.0,2.0,0.0,2.0,0.0,5.0,1,0,2.5,0,2,Bajo
2.0,2.0,1.0,1.0,2.0,1.0,1.0,1.0,1.0,1.0,3.0,5.0,1.0,1.0,1.0,1.0,3.0,1.0,1.0,1.0,2.0,0.0,2.0,0.0,1.0,0,0,1.0,0,2,Bajo
1.0,2.0,3.0,1.0,1.0,1.0,3.0,1.0,1.0,1.0,2.0,2.0,1.0,4.0,3.0,1.0,1.0,1.0,5.0,4.0,2.0,0.0,2.0,0.0,1.6666666,0,0,1.25,1,9,Alto
1.0,7.0,1.0,1.0,1.0,3.0,4.0,1.0,1.0,1.0,1.0,2.0,1.0,2.0,2.0,1.0,1.0,1.0,2.0,3.0,1.0,2.0,2.0,0.0,1.0,0,0,1.0,1,6,Medio
1.0,4.0,1.0,2.0,1.0,1.0,5.0,1.0,1.0,1.0,2.0,1.0,1.0,4.0,1.0,1.0,1.0,1.0,1.0,1.0,2.0,0.0,1.0,1.0,1.0,0,0,0.25,0,4,Medio
1.0,4.0,1.0,1.0,1.0,1.0,4.0,2.0,3.0,1.0,2.0,1.0,2.0,1.0,1.0,2.0,1.0,3.0,2.0,3.0,2.0,0.0,2.0,0.0,2.0,0,0,2.0,1,4,Medio
1.0,6.0,1.0,1.0,1.0,1.0,5.0,1.0,1.0,1.0,2.0,2.0,1.0,4.0,4.0,1.0,1.0,1.0,7.0,5.0,2.0,0.0,2.0,0.0,1.75,0,0,1.75,1,9,Alto
1.0,3.0,1.0,1.0,1.0,1.0,5.0,8.0,3.0,1.0,1.0,2.0,2.0,2.0,2.0,3.0,0.0,1.0,1.0,1.0,1.0,5.0,2.0,0.0,0.5,0,1,0.5,1,2,Bajo
2.0,4.0,1.0,2.0,1.0,4.0,1.0,3.0,3.0,5.0,3.0,5.0,2.0,1.0,1.0,3.0,0.0,1.0,1.0,1.0,2.0,0.0,2.0,0.0,1.0,0,1,1.0,1,4,Medio
1.0,7.0,4.0,1.0,1.0,2.0,4.0,1.0,1.0,1.0,2.0,2.0,1.0,2.0,2.0,2.0,1.0,1.0,5.0,4.0,2.0,0.0,2.0,0.0,2.5,0,0,2.5,1,6,Medio
1.0,2.0,1.0,1.0,1.0,1.0,4.0,1.0,1.0,1.0,1.0,1.0,1.0,4.0,3.0,1.0,1.0,1.0,2.0,3.0,2.0,0.0,2.0,0.0,0.6666667,0,0,0.5,1,7,Alto
1.0,1.0,1.0,1.0,2.0,3.0,5.0,1.0,1.0,1.0,2.0,2.0,1.0,3.0,3.0,1.0,1.0,1.0,5.0,4.0,2.0,0.0,2.0,0.0,1.6666666,0,0,1.6666666,1,7,Alto
1.0,2.0,1.0,1.0,1.0,1.0,5.0,1.0,2.0,1.0,1.0,1.0,1.0,3.0,3.0,1.0,1.0,1.0,2.0,3.0,1.0,1.0,1.0,1.0,0.6666667,0,0,0.6666667,1,2,Bajo
1.0,2.0,1.0,1.0,2.0,1.0,5.0,1.0,1.0,1.0,1.0,3.0,2.0,1.0,1.0,1.0,2.0,5.0,1.0,1.0,2.0,0.0,2.0,0.0,1.0,0,0,1.0,1,3,Bajo
2.0,3.0,1.0,2.0,1.0,3.0,1.0,6.0,3.0,1.0,3.0,5.0,1.0,3.0,2.0,3.0,0.0,1.0,3.0,4.0,1.0,1.0,2.0,0.0,1.5,0,1,1.0,1,3,Bajo
1.0,3.0,1.0,2.0,1.0,2.0,5.0,4.0,1.0,1.0,3.0,5.0,2.0,2.0,2.0,3.0,0.0,3.0,1.0,1.0,2.0,0.0,2.0,0.0,0.5,0,1,0.5,1,1,Bajo
2.0,8.0,2.0,6.0,2.0,4.0,1.0,5.0,3.0,5.0,3.0,5.0,1.0,1.0,1.0,3.0,0.0,8.0,4.0,5.0,2.0,0.0,2.0,0.0,4.0,1,1,4.0,0,1,Bajo
2.0,2.0,1.0,2.0,2.0,4.0,1.0,1.0,1.0,1.0,3.0,5.0,2.0,2.0,1.0,3.0,0.0,1.0,2.0,5.0,2.0,0.0,2.0,0.0,2.0,0,1,1.0,1,3,Bajo
2.0,5.0,1.0,2.0,2.0,4.0,1.0,1.0,2.0,5.0,3.0,5.0,2.0,1.0,0.0,3.0,0.0,1.0,1.0,1.0,2.0,0.0,1.0,1.0,1.0,0,1,1.0,1,1,Bajo
1.0,5.0,1.0,1.0,1.0,3.0,4.0,1.0,1.0,1.0,1.0,2.0,1.0,3.0,2.0,1.0,1.0,1.0,1.0,1.0,1.0,2.0,2.0,0.0,0.5,0,0,0.33333334,1,7,Alto
1.0,9.0,4.0,1.0,1.0,3.0,4.0,1.0,2.0,1.0,1.0,2.0,1.0,4.0,4.0,2.0,2.0,2.0,5.0,5.0,2.0,0.0,1.0,1.0,1.25,0,0,1.25,1,3,Bajo
1.0,8.0,1.0,1.0,1.0,1.0,4.0,1.0,1.0,1.0,1.0,2.0,1.0,2.0,2.0,1.0,1.0,5.0,4.0,4.0,2.0,0.0,2.0,0.0,2.0,0,0,2.0,1,12,Alto
1.0,1.0,1.0,1.0,1.0,3.0,4.0,1.0,1.0,1.0,1.0,2.0,1.0,3.0,3.0,1.0,1.0,5.0,3.0,3.0,2.0,0.0,2.0,0.0,1.0,0,0,1.0,1,5,Medio
1.0,2.0,1.0,1.0,1.0,1.0,3.0,1.0,1.0,1.0,2.0,2.0,1.0,4.0,2.0,1.0,1.0,1.0,2.0,3.0,2.0,0.0,2.0,0.0,1.0,0,0,0.5,1,8,Alto
2.0,3.0,1.0,2.0,1.0,1.0,5.0,1.0,1.0,1.0,3.0,5.0,2.0,1.0,1.0,1.0,1.0,2.0,2.0,3.0,2.0,0.0,2.0,0.0,2.0,0,0,2.0,0,2,Bajo
1.0,3.0,1.0,1.0,1.0,1.0,4.0,1.0,1.0,1.0,1.0,2.0,1.0,4.0,4.0,1.0,1.0,4.0,5.0,5.0,2.0,0.0,2.0,0.0,1.25,0,0,1.25,1,6,Medio
1.0,8.0,1.0,1.0,1.0,2.0,4.0,1.0,1.0,1.0,1.0,2.0,1.0,2.0,2.0,1.0,2.0,3.0,2.0,3.0,1.0,1.0,2.0,0.0,1.0,0,0,1.0,1,2,Bajo
1.0,2.0,1.0,1.0,1.0,1.0,5.0,1.0,1.0,1.0,2.0,1.0,1.0,1.0,1.0,1.0,1.0,1.0,2.0,5.0,1.0,1.0,2.0,0.0,2.0,0,0,2.0,1,8,Alto
1.0,2.0,1.0,1.0,1.0,1.0,3.0,1.0,1.0,1.0,2.0,1.0,1.0,1.0,1.0,1.0,1.0,1.0,1.0,1.0,2.0,0.0,2.0,0.0,1.0,0,0,1.0,1,5,Medio
2.0,3.0,1.0,5.0,2.0,1.0,1.0,3.0,3.0,5.0,3.0,5.0,1.0,3.0,2.0,1.0,6.0,8.0,3.0,3.0,1.0,2.0,2.0,0.0,1.5,0,1,1.0,0,1,Bajo
2.0,3.0,1.0,1.0,1.0,1.0,4.0,6.0,2.0,1.0,1.0,2.0,1.0,3.0,3.0,1.0,3.0,1.0,2.0,5.0,2.0,0.0,2.0,0.0,0.6666667,0,1,0.6666667,1,5,Medio
2.0,6.0,1.0,1.0,1.0,2.0,5.0,7.0,3.0,5.0,3.0,5.0,1.0,1.0,1.0,1.0,3.0,1.0,3.0,3.0,2.0,0.0,2.0,0.0,3.0,0,1,3.0,0,1,Bajo
2.0,2.0,1.0,4.0,2.0,1.0,1.0,6.0,2.0,5.0,3.0,5.0,1.0,2.0,1.0,3.0,0.0,1.0,3.0,5.0,2.0,0.0,2.0,0.0,3.0,0,1,1.5,0,1,Bajo
1.0,8.0,1.0,5.0,2.0,1.0,1.0,5.0,3.0,1.0,1.0,2.0,1.0,3.0,3.0,2.0,3.0,3.0,5.0,5.0,1.0,1.0,2.0,0.0,1.6666666,0,1,1.6666666,0,5,Medio
1.0,5.0,1.0,1.0,1.0,1.0,4.0,1.0,1.0,1.0,2.0,2.0,1.0,1.0,1.0,1.0,1.0,3.0,1.0,1.0,2.0,0.0,2.0,0.0,1.0,0,0,1.0,1,3,Bajo
1.0,8.0,1.0,2.0,1.0,1.0,5.0,1.0,1.0,1.0,1.0,2.0,1.0,2.0,2.0,1.0,3.0,1.0,4.0,5.0,2.0,0.0,2.0,0.0,2.0,0,0,2.0,1,7,Alto
1.0,2.0,3.0,1.0,1.0,3.0,3.0,1.0,1.0,1.0,2.0,1.0,1.0,2.0,1.0,1.0,1.0,1.0,1.0,1.0,2.0,0.0,2.0,0.0,1.0,0,0,0.5,1,7,Alto
2.0,2.0,1.0,1.0,1.0,1.0,5.0,1.0,1.0,1.0,1.0,5.0,1.0,4.0,2.0,1.0,3.0,1.0,1.0,1.0,2.0,0.0,2.0,0.0,0.5,0,0,0.25,1,8,Alto
2.0,2.0,1.0,2.0,1.0,1.0,1.0,7.0,3.0,1.0,3.0,5.0,1.0,1.0,1.0,3.0,0.0,1.0,3.0,3.0,2.0,0.0,1.0,1.0,3.0,0,1,3.0,1,3,Bajo
1.0,9.0,1.0,1.0,1.0,1.0,4.0,1.0,1.0,1.0,1.0,2.0,1.0,3.0,3.0,1.0,3.0,2.0,5.0,5.0,2.0,0.0,2.0,0.0,1.6666666,0,0,1.6666666,1,7,Alto
2.0,5.0,1.0,2.0,2.0,2.0,1.0,5.0,1.0,5.0,3.0,6.0,2.0,1.0,1.0,3.0,0.0,1.0,1.0,1.0,2.0,0.0,2.0,0.0,1.0,0,1,1.0,0,0,Bajo
2.0,7.0,2.0,3.0,1.0,4.0,1.0,1.0,2.0,1.0,3.0,5.0,1.0,2.0,2.0,1.0,3.0,1.0,4.0,5.0,2.0,0.0,2.0,0.0,2.0,0,0,2.0,0,3,Bajo
1.0,2.0,1.0,1.0,1.0,1.0,5.0,1.0,1.0,1.0,2.0,2.0,1.0,4.0,4.0,1.0,1.0,1.0,4.0,3.0,2.0,0.0,2.0,0.0,1.0,0,0,1.0,1,3,Bajo
1.0,3.0,1.0,1.0,1.0,3.0,4.0,8.0,2.0,1.0,1.0,2.0,1.0,4.0,4.0,1.0,2.0,5.0,4.0,3.0,2.0,0.0,2.0,0.0,1.0,0,1,1.0,1,8,Alto
1.0,2.0,1.0,1.0,2.0,5.0,1.0,9.0,3.0,5.0,8.0,1.0,2.0,1.0,0.0,3.0,0.0,1.0,1.0,1.0,2.0,0.0,2.0,0.0,1.0,0,1,1.0,0,0,Bajo
1.0,2.0,4.0,2.0,1.0,3.0,3.0,6.0,1.0,1.0,8.0,1.0,2.0,1.0,1.0,2.0,1.0,3.0,1.0,1.0,2.0,0.0,2.0,0.0,1.0,0,1,1.0,1,3,Bajo
1.0,3.0,4.0,1.0,1.0,2.0,4.0,1.0,1.0,1.0,2.0,2.0,1.0,2.0,1.0,2.0,1.0,4.0,1.0,1.0,2.0,0.0,2.0,0.0,1.0,0,0,0.5,1,9,Alto
2.0,2.0,1.0,2.0,1.0,1.0,1.0,1.0,2.0,1.0,3.0,5.0,2.0,2.0,1.0,3.0,0.0,1.0,1.0,1.0,2.0,0.0,2.0,0.0,1.0,0,1,0.5,0,3,Bajo
1.0,7.0,1.0,1.0,1.0,5.0,1.0,1.0,1.0,1.0,1.0,2.0,1.0,3.0,2.0,1.0,1.0,4.0,2.0,2.0,2.0,0.0,2.0,0.0,1.0,0,0,0.6666667,1,5,Medio
1.0,7.0,1.0,1.0,1.0,2.0,4.0,1.0,1.0,1.0,1.0,1.0,1.0,2.0,2.0,1.0,1.0,4.0,5.0,5.0,2.0,0.0,1.0,1.0,2.5,0,0,2.5,1,6,Medio
2.0,4.0,3.0,1.0,1.0,1.0,4.0,1.0,1.0,1.0,1.0,5.0,1.0,2.0,1.0,1.0,2.0,1.0,1.0,1.0,2.0,0.0,2.0,0.0,1.0,0,0,0.5,1,3,Bajo
2.0,7.0,1.0,2.0,2.0,1.0,1.0,3.0,3.0,5.0,3.0,5.0,2.0,1.0,1.0,1.0,3.0,1.0,1.0,1.0,2.0,0.0,2.0,0.0,1.0,0,1,1.0,0,1,Bajo
1.0,5.0,1.0,1.0,2.0,1.0,5.0,1.0,1.0,1.0,1.0,2.0,1.0,1.0,1.0,1.0,1.0,4.0,4.0,3.0,1.0,1.0,2.0,0.0,4.0,1,0,4.0,1,1,Bajo
1.0,1.0,1.0,2.0,1.0,2.0,7.0,1.0,1.0,1.0,2.0,2.0,1.0,4.0,4.0,1.0,1.0,1.0,6.0,5.0,2.0,0.0,2.0,0.0,1.5,0,0,1.5,1,5,Medio
2.0,3.0,2.0,5.0,2.0,1.0,1.0,5.0,3.0,5.0,1.0,5.0,1.0,2.0,1.0,1.0,3.0,1.0,1.0,1.0,2.0,0.0,2.0,0.0,1.0,0,1,0.5,1,2,Bajo
2.0,7.0,1.0,1.0,1.0,2.0,5.0,4.0,3.0,1.0,3.0,5.0,2.0,2.0,2.0,1.0,3.0,1.0,1.0,1.0,2.0,0.0,2.0,0.0,0.5,0,0,0.5,1,3,Bajo
1.0,5.0,1.0,2.0,1.0,2.0,5.0,1.0,1.0,1.0,2.0,2.0,1.0,3.0,3.0,1.0,1.0,1.0,7.0,5.0,2.0,0.0,2.0,0.0,2.3333333,0,0,2.3333333,1,9,Alto
1.0,8.0,1.0,1.0,1.0,1.0,4.0,5.0,3.0,1.0,1.0,2.0,1.0,1.0,1.0,1.0,1.0,1.0,1.0,1.0,2.0,0.0,2.0,0.0,1.0,0,1,1.0,1,5,Medio
1.0,3.0,1.0,1.0,1.0,2.0,5.0,4.0,2.0,1.0,2.0,1.0,1.0,2.0,2.0,1.0,1.0,1.0,2.0,6.0,2.0,0.0,1.0,1.0,1.0,0,0,1.0,1,4,Medio
2.0,3.0,1.0,1.0,1.0,2.0,5.0,1.0,1.0,1.0,1.0,5.0,1.0,1.0,1.0,1.0,3.0,1.0,1.0,1.0,1.0,2.0,2.0,0.0,1.0,0,0,1.0,0,2,Bajo
1.0,7.0,1.0,1.0,1.0,2.0,4.0,1.0,1.0,1.0,2.0,2.0,1.0,2.0,2.0,1.0,1.0,1.0,2.0,5.0,1.0,1.0,2.0,0.0,1.0,0,0,1.0,1,10,Alto
2.0,7.0,1.0,1.0,2.0,1.0,5.0,4.0,3.0,1.0,1.0,5.0,1.0,1.0,1.0,1.0,5.0,7.0,1.0,1.0,2.0,0.0,2.0,0.0,1.0,0,0,1.0,1,5,Medio
2.0,3.0,1.0,2.0,1.0,2.0,1.0,3.0,3.0,5.0,3.0,5.0,1.0,2.0,1.0,3.0,0.0,1.0,1.0,1.0,2.0,0.0,2.0,0.0,1.0,0,1,0.5,1,1,Bajo
1.0,4.0,1.0,1.0,1.0,1.0,4.0,1.0,1.0,1.0,1.0,2.0,1.0,8.0,4.0,1.0,1.0,1.0,4.0,3.0,2.0,0.0,2.0,0.0,1.0,0,0,0.5,1,9,Alto
2.0,2.0,1.0,2.0,1.0,1.0,5.0,1.0,1.0,1.0,1.0,5.0,1.0,2.0,2.0,2.0,3.0,1.0,5.0,3.0,1.0,2.0,2.0,0.0,2.5,0,0,2.5,0,3,Bajo
2.0,5.0,1.0,1.0,1.0,1.0,5.0,2.0,3.0,1.0,1.0,5.0,1.0,3.0,1.0,3.0,0.0,1.0,5.0,3.0,2.0,0.0,2.0,0.0,5.0,1,1,1.6666666,1,5,Medio
1.0,7.0,1.0,1.0,1.0,2.0,5.0,1.0,1.0,1.0,2.0,1.0,1.0,3.0,1.0,1.0,3.0,3.0,2.0,2.0,2.0,0.0,2.0,0.0,2.0,0,0,0.6666667,1,6,Medio
1.0,7.0,1.0,1.0,1.0,2.0,6.0,1.0,1.0,1.0,1.0,2.0,1.0,6.0,6.0,2.0,1.0,1.0,2.0,2.0,1.0,1.0,1.0,2.0,0.33333334,0,0,0.33333334,1,8,Alto
1.0,2.0,3.0,1.0,1.0,3.0,3.0,1.0,1.0,1.0,2.0,1.0,1.0,3.0,2.0,1.0,1.0,4.0,2.0,3.0,2.0,0.0,2.0,0.0,1.0,0,0,0.6666667,1,9,Alto
1.0,8.0,1.0,5.0,2.0,1.0,1.0,8.0,3.0,5.0,1.0,5.0,2.0,1.0,0.0,1.0,4.0,2.0,4.0,5.0,2.0,0.0,2.0,0.0,4.0,1,1,4.0,1,3,Bajo
1.0,2.0,3.0,1.0,1.0,3.0,3.0,1.0,1.0,1.0,2.0,1.0,1.0,3.0,1.0,1.0,1.0,2.0,1.0,1.0,2.0,0.0,2.0,0.0,1.0,0,0,0.33333334,1,8,Alto
2.0,3.0,2.0,5.0,2.0,1.0,1.0,1.0,1.0,4.0,3.0,5.0,2.0,1.0,1.0,3.0,0.0,1.0,1.0,1.0,2.0,0.0,2.0,0.0,1.0,0,1,1.0,1,2,Bajo
1.0,7.0,4.0,1.0,1.0,2.0,4.0,1.0,1.0,1.0,1.0,2.0,2.0,1.0,0.0,2.0,1.0,4.0,2.0,3.0,2.0,0.0,2.0,0.0,2.0,0,0,2.0,1,3,Bajo
1.0,2.0,1.0,1.0,1.0,3.0,8.0,1.0,1.0,1.0,1.0,1.0,1.0,3.0,3.0,1.0,1.0,4.0,5.0,4.0,2.0,0.0,2.0,0.0,1.6666666,0,0,1.6666666,1,8,Alto
1.0,3.0,1.0,1.0,1.0,1.0,4.0,1.0,1.0,1.0,1.0,2.0,1.0,3.0,2.0,1.0,1.0,2.0,2.0,2.0,2.0,0.0,2.0,0.0,1.0,0,0,0.6666667,1,9,Alto
2.0,2.0,1.0,2.0,1.0,1.0,1.0,1.0,2.0,1.0,3.0,5.0,1.0,3.0,3.0,1.0,3.0,1.0,4.0,3.0,2.0,0.0,2.0,0.0,1.3333334,0,0,1.3333334,1,1,Bajo
1.0,7.0,1.0,1.0,1.0,2.0,4.0,1.0,1.0,1.0,2.0,2.0,1.0,5.0,4.0,1.0,1.0,1.0,9.0,5.0,2.0,0.0,2.0,0.0,2.25,0,0,1.8,1,11,Alto
1.0,3.0,4.0,1.0,1.0,1.0,4.0,4.0,2.0,1.0,1.0,2.0,2.0,1.0,1.0,2.0,1.0,4.0,3.0,3.0,2.0,0.0,2.0,0.0,3.0,0,0,3.0,1,4,Medio
2.0,4.0,1.0,2.0,1.0,1.0,2.0,1.0,1.0,1.0,1.0,4.0,2.0,2.0,2.0,3.0,0.0,1.0,1.0,1.0,2.0,0.0,2.0,0.0,0.5,0,1,0.5,1,3,Bajo
1.0,1.0,4.0,1.0,2.0,3.0,5.0,1.0,2.0,1.0,1.0,2.0,1.0,2.0,2.0,3.0,0.0,1.0,3.0,3.0,2.0,0.0,2.0,0.0,1.5,0,1,1.5,1,5,Medio
2.0,5.0,1.0,1.0,1.0,1.0,4.0,1.0,1.0,1.0,1.0,5.0,1.0,6.0,2.0,1.0,3.0,1.0,1.0,1.0,2.0,0.0,1.0,1.0,0.5,0,0,0.16666667,1,4,Medio
1.0,2.0,1.0,1.0,1.0,1.0,3.0,1.0,1.0,1.0,2.0,1.0,1.0,6.0,5.0,1.0,1.0,1.0,4.0,5.0,2.0,0.0,2.0,0.0,0.8,0,0,0.6666667,1,8,Alto
1.0,7.0,1.0,7.0,2.0,5.0,6.0,4.0,1.0,1.0,1.0,5.0,1.0,2.0,1.0,1.0,3.0,1.0,4.0,4.0,2.0,0.0,2.0,0.0,4.0,1,0,2.0,1,5,Medio
1.0,2.0,1.0,1.0,1.0,1.0,5.0,1.0,1.0,1.0,1.0,2.0,1.0,3.0,3.0,1.0,1.0,1.0,3.0,3.0,2.0,0.0,2.0,0.0,1.0,0,0,1.0,1,7,Alto
1.0,3.0,1.0,1.0,1.0,1.0,4.0,1.0,1.0,1.0,1.0,2.0,1.0,1.0,0.0,1.0,1.0,1.0,1.0,1.0,2.0,0.0,2.0,0.0,1.0,0,0,1.0,0,3,Bajo
2.0,5.0,1.0,2.0,1.0,1.0,7.0,1.0,1.0,1.0,1.0,5.0,1.0,4.0,1.0,1.0,1.0,1.0,1.0,1.0,1.0,3.0,2.0,0.0,1.0,0,0,0.25,0,4,Medio
1.0,9.0,4.0,1.0,1.0,1.0,4.0,1.0,2.0,1.0,1.0,2.0,1.0,2.0,2.0,2.0,3.0,4.0,3.0,3.0,2.0,0.0,2.0,0.0,1.5,0,0,1.5,0,2,Bajo
1.0,7.0,1.0,1.0,1.0,1.0,5.0,1.0,1.0,1.0,2.0,2.0,1.0,3.0,3.0,2.0,1.0,1.0,4.0,3.0,2.0,0.0,1.0,1.0,1.3333334,0,0,1.3333334,1,6,Medio
2.0,7.0,1.0,1.0,2.0,1.0,1.0,4.0,2.0,5.0,1.0,5.0,2.0,1.0,1.0,3.0,0.0,1.0,1.0,1.0,2.0,0.0,2.0,0.0,1.0,0,1,1.0,1,3,Bajo
1.0,2.0,1.0,2.0,1.0,1.0,5.0,1.0,2.0,1.0,1.0,2.0,1.0,2.0,1.0,2.0,1.0,2.0,4.0,4.0,2.0,0.0,2.0,0.0,4.0,1,0,2.0,1,8,Alto
1.0,3.0,1.0,1.0,1.0,1.0,4.0,1.0,2.0,1.0,1.0,2.0,1.0,1.0,1.0,1.0,1.0,4.0,1.0,1.0,2.0,0.0,2.0,0.0,1.0,0,0,1.0,1,7,Alto
1.0,2.0,1.0,1.0,1.0,1.0,4.0,1.0,1.0,1.0,2.0,1.0,1.0,4.0,3.0,1.0,1.0,2.0,3.0,4.0,1.0,1.0,2.0,0.0,1.0,0,0,0.75,1,8,Alto
1.0,6.0,1.0,1.0,1.0,1.0,5.0,1.0,1.0,1.0,1.0,2.0,1.0,1.0,1.0,1.0,3.0,8.0,2.0,2.0,2.0,0.0,2.0,0.0,2.0,0,0,2.0,1,6,Medio
1.0,7.0,1.0,1.0,1.0,2.0,4.0,1.0,1.0,1.0,2.0,2.0,1.0,3.0,1.0,1.0,2.0,1.0,4.0,4.0,2.0,0.0,2.0,0.0,4.0,1,0,1.3333334,1,8,Alto
2.0,7.0,1.0,3.0,1.0,1.0,1.0,2.0,3.0,5.0,1.0,5.0,1.0,1.0,1.0,1.0,3.0,1.0,2.0,3.0,2.0,0.0,2.0,0.0,2.0,0,1,2.0,1,3,Bajo
1.0,2.0,1.0,1.0,1.0,1.0,3.0,1.0,1.0,1.0,2.0,2.0,1.0,3.0,3.0,1.0,1.0,4.0,3.0,5.0,2.0,0.0,2.0,0.0,1.0,0,0,1.0,1,8,Alto
1.0,7.0,1.0,1.0,1.0,2.0,6.0,1.0,1.0,1.0,1.0,1.0,1.0,2.0,2.0,1.0,1.0,1.0,1.0,1.0,2.0,0.0,2.0,0.0,0.5,0,0,0.5,0,1,Bajo
1.0,4.0,1.0,1.0,1.0,1.0,4.0,2.0,3.0,5.0,2.0,2.0,1.0,1.0,1.0,1.0,2.0,1.0,3.0,4.0,2.0,0.0,2.0,0.0,3.0,0,1,3.0,1,5,Medio
1.0,8.0,1.0,1.0,1.0,2.0,4.0,4.0,1.0,1.0,1.0,2.0,1.0,3.0,2.0,1.0,2.0,3.0,3.0,5.0,2.0,0.0,2.0,0.0,1.5,0,0,1.0,1,4,Medio
1.0,7.0,1.0,1.0,1.0,2.0,7.0,1.0,1.0,1.0,2.0,2.0,1.0,2.0,2.0,3.0,0.0,3.0,2.0,2.0,2.0,0.0,2.0,0.0,1.0,0,1,1.0,1,8,Alto
1.0,7.0,1.0,1.0,1.0,2.0,4.0,1.0,1.0,1.0,1.0,2.0,1.0,3.0,3.0,2.0,2.0,1.0,2.0,5.0,2.0,0.0,2.0,0.0,0.6666667,0,0,0.6666667,1,6,Medio
1.0,3.0,3.0,1.0,1.0,3.0,4.0,1.0,1.0,1.0,2.0,2.0,1.0,3.0,2.0,1.0,1.0,8.0,3.0,4.0,2.0,0.0,2.0,0.0,1.5,0,0,1.0,1,8,Alto
2.0,5.0,1.0,1.0,1.0,1.0,5.0,1.0,2.0,1.0,3.0,5.0,1.0,4.0,2.0,1.0,3.0,1.0,2.0,3.0,2.0,0.0,2.0,0.0,1.0,0,0,0.5,1,1,Bajo
2.0,3.0,1.0,2.0,2.0,4.0,1.0,3.0,3.0,5.0,3.0,5.0,1.0,1.0,1.0,3.0,0.0,1.0,1.0,1.0,2.0,0.0,2.0,0.0,1.0,0,1,1.0,0,2,Bajo
1.0,9.0,1.0,1.0,2.0,1.0,5.0,1.0,1.0,1.0,1.0,1.0,1.0,3.0,2.0,1.0,3.0,2.0,4.0,4.0,2.0,0.0,2.0,0.0,2.0,0,0,1.3333334,1,6,Medio
1.0,2.0,1.0,1.0,1.0,1.0,3.0,1.0,1.0,1.0,1.0,1.0,1.0,4.0,3.0,1.0,1.0,1.0,3.0,3.0,2.0,0.0,1.0,1.0,1.0,0,0,0.75,1,7,Alto
2.0,4.0,1.0,2.0,1.0,1.0,7.0,5.0,3.0,1.0,1.0,5.0,1.0,3.0,3.0,1.0,3.0,1.0,1.0,1.0,2.0,0.0,2.0,0.0,0.33333334,0,1,0.33333334,0,4,Medio
1.0,7.0,1.0,1.0,1.0,1.0,5.0,1.0,1.0,1.0,1.0,5.0,1.0,2.0,2.0,1.0,1.0,1.0,5.0,4.0,2.0,0.0,2.0,0.0,2.5,0,0,2.5,0,4,Medio
1.0,6.0,1.0,1.0,1.0,1.0,5.0,1.0,1.0,1.0,2.0,2.0,1.0,2.0,2.0,1.0,1.0,3.0,3.0,4.0,2.0,0.0,2.0,0.0,1.5,0,0,1.5,1,7,Alto
1.0,3.0,1.0,1.0,2.0,1.0,5.0,1.0,1.0,1.0,1.0,5.0,1.0,1.0,1.0,1.0,3.0,1.0,1.0,1.0,2.0,0.0,2.0,0.0,1.0,0,0,1.0,1,5,Medio
1.0,7.0,1.0,1.0,1.0,1.0,4.0,1.0,1.0,1.0,1.0,2.0,1.0,4.0,2.0,1.0,2.0,1.0,3.0,3.0,2.0,0.0,2.0,0.0,1.5,0,0,0.75,1,6,Medio
1.0,7.0,1.0,1.0,1.0,2.0,4.0,1.0,1.0,1.0,1.0,2.0,1.0,1.0,1.0,2.0,1.0,3.0,6.0,4.0,2.0,0.0,2.0,0.0,6.0,1,0,6.0,1,3,Bajo
1.0,8.0,1.0,1.0,1.0,1.0,5.0,1.0,1.0,1.0,8.0,2.0,1.0,2.0,1.0,1.0,2.0,8.0,3.0,4.0,2.0,0.0,2.0,0.0,3.0,0,0,1.5,1,9,Alto
1.0,2.0,1.0,5.0,2.0,1.0,1.0,1.0,2.0,1.0,1.0,5.0,1.0,5.0,4.0,2.0,3.0,1.0,4.0,4.0,2.0,0.0,2.0,0.0,1.0,0,0,0.8,1,8,Alto
1.0,2.0,3.0,1.0,1.0,1.0,4.0,1.0,1.0,1.0,1.0,1.0,1.0,3.0,3.0,1.0,1.0,5.0,3.0,5.0,2.0,0.0,1.0,1.0,1.0,0,0,1.0,1,6,Medio
2.0,2.0,1.0,2.0,1.0,1.0,1.0,1.0,2.0,1.0,3.0,1.0,1.0,1.0,1.0,1.0,4.0,1.0,2.0,2.0,2.0,0.0,2.0,0.0,2.0,0,0,2.0,1,4,Medio
1.0,7.0,1.0,1.0,1.0,1.0,4.0,1.0,1.0,1.0,1.0,1.0,2.0,3.0,3.0,1.0,2.0,4.0,5.0,4.0,2.0,0.0,2.0,0.0,1.6666666,0,0,1.6666666,1,5,Medio
1.0,2.0,1.0,1.0,1.0,1.0,1.0,2.0,3.0,1.0,2.0,2.0,1.0,3.0,2.0,1.0,1.0,1.0,3.0,4.0,2.0,0.0,2.0,0.0,1.5,0,0,1.0,0,4,Medio
1.0,3.0,1.0,2.0,1.0,1.0,5.0,1.0,1.0,1.0,2.0,1.0,1.0,2.0,1.0,1.0,1.0,1.0,2.0,5.0,2.0,0.0,1.0,1.0,2.0,0,0,1.0,0,4,Medio
1.0,2.0,1.0,1.0,1.0,1.0,5.0,1.0,1.0,1.0,1.0,2.0,1.0,2.0,2.0,1.0,1.0,1.0,1.0,1.0,2.0,0.0,2.0,0.0,0.5,0,0,0.5,1,4,Medio
1.0,7.0,1.0,1.0,1.0,2.0,4.0,1.0,1.0,1.0,3.0,5.0,2.0,1.0,1.0,1.0,3.0,1.0,1.0,1.0,2.0,0.0,1.0,2.0,1.0,0,0,1.0,1,2,Bajo
1.0,7.0,1.0,1.0,1.0,1.0,5.0,1.0,1.0,1.0,1.0,2.0,2.0,1.0,0.0,1.0,2.0,4.0,2.0,2.0,2.0,0.0,2.0,0.0,2.0,0,0,2.0,1,5,Medio
1.0,3.0,3.0,1.0,1.0,3.0,3.0,1.0,1.0,1.0,2.0,1.0,1.0,6.0,3.0,1.0,1.0,2.0,3.0,5.0,1.0,1.0,2.0,0.0,1.0,0,0,0.5,1,10,Alto
1.0,2.0,1.0,1.0,1.0,1.0,5.0,1.0,1.0,1.0,1.0,5.0,1.0,2.0,2.0,1.0,3.0,1.0,6.0,5.0,2.0,0.0,2.0,0.0,3.0,0,0,3.0,1,4,Medio
2.0,7.0,1.0,1.0,2.0,2.0,1.0,1.0,1.0,1.0,1.0,5.0,2.0,2.0,2.0,1.0,3.0,1.0,7.0,5.0,2.0,0.0,2.0,0.0,3.5,1,0,3.5,1,4,Medio
2.0,7.0,1.0,1.0,1.0,2.0,4.0,1.0,2.0,1.0,1.0,5.0,1.0,3.0,3.0,1.0,3.0,1.0,3.0,5.0,1.0,1.0,1.0,1.0,1.0,0,0,1.0,1,6,Medio
1.0,3.0,1.0,2.0,1.0,1.0,4.0,1.0,1.0,1.0,1.0,2.0,1.0,2.0,2.0,1.0,3.0,1.0,2.0,5.0,2.0,0.0,2.0,0.0,1.0,0,0,1.0,1,5,Medio
2.0,1.0,1.0,2.0,1.0,2.0,5.0,7.0,2.0,1.0,3.0,5.0,2.0,2.0,2.0,3.0,0.0,1.0,3.0,4.0,2.0,0.0,2.0,0.0,1.5,0,1,1.5,0,2,Bajo
1.0,7.0,1.0,1.0,1.0,2.0,4.0,1.0,1.0,1.0,1.0,2.0,1.0,5.0,5.0,2.0,1.0,1.0,5.0,5.0,1.0,1.0,2.0,0.0,1.0,0,0,1.0,1,4,Medio
1.0,7.0,3.0,1.0,1.0,2.0,5.0,1.0,1.0,1.0,1.0,2.0,1.0,1.0,1.0,1.0,1.0,3.0,4.0,4.0,2.0,0.0,2.0,0.0,4.0,1,0,4.0,1,9,Alto
1.0,3.0,1.0,1.0,2.0,1.0,5.0,8.0,3.0,5.0,1.0,5.0,1.0,1.0,1.0,3.0,0.0,1.0,2.0,3.0,2.0,0.0,2.0,0.0,2.0,0,1,2.0,1,1,Bajo
1.0,7.0,1.0,1.0,1.0,2.0,4.0,1.0,1.0,1.0,1.0,1.0,1.0,6.0,5.0,1.0,1.0,1.0,2.0,2.0,2.0,0.0,2.0,0.0,0.4,0,0,0.33333334,1,4,Medio
1.0,2.0,1.0,1.0,1.0,3.0,5.0,1.0,1.0,1.0,1.0,1.0,1.0,2.0,1.0,1.0,1.0,1.0,1.0,1.0,2.0,0.0,2.0,0.0,1.0,0,0,0.5,1,4,Medio
2.0,1.0,1.0,2.0,1.0,1.0,1.0,1.0,2.0,1.0,3.0,5.0,1.0,1.0,1.0,3.0,0.0,1.0,1.0,1.0,2.0,0.0,2.0,0.0,1.0,0,1,1.0,0,2,Bajo
1.0,7.0,1.0,1.0,1.0,2.0,5.0,1.0,1.0,1.0,1.0,1.0,1.0,2.0,2.0,1.0,1.0,4.0,4.0,4.0,2.0,0.0,2.0,0.0,2.0,0,0,2.0,1,8,Alto
1.0,3.0,1.0,1.0,1.0,2.0,4.0,1.0,1.0,1.0,1.0,1.0,1.0,2.0,2.0,1.0,1.0,1.0,3.0,4.0,2.0,0.0,2.0,0.0,1.5,0,0,1.5,1,9,Alto
1.0,7.0,1.0,1.0,1.0,3.0,5.0,1.0,1.0,1.0,1.0,2.0,1.0,3.0,2.0,1.0,3.0,2.0,3.0,3.0,2.0,0.0,2.0,0.0,1.5,0,0,1.0,1,6,Medio
1.0,3.0,3.0,1.0,1.0,3.0,8.0,1.0,1.0,1.0,2.0,1.0,1.0,3.0,3.0,1.0,1.0,1.0,3.0,3.0,2.0,0.0,2.0,0.0,1.0,0,0,1.0,1,10,Alto
2.0,4.0,1.0,2.0,1.0,1.0,7.0,1.0,2.0,1.0,1.0,6.0,1.0,3.0,3.0,1.0,3.0,1.0,3.0,5.0,2.0,0.0,2.0,0.0,1.0,0,0,1.0,0,2,Bajo
1.0,2.0,1.0,1.0,1.0,1.0,5.0,1.0,1.0,1.0,1.0,1.0,1.0,2.0,1.0,1.0,1.0,3.0,6.0,4.0,2.0,0.0,2.0,0.0,6.0,1,0,3.0,1,2,Bajo
2.0,5.0,1.0,2.0,1.0,1.0,1.0,1.0,2.0,5.0,3.0,4.0,1.0,3.0,1.0,3.0,0.0,1.0,1.0,1.0,2.0,0.0,2.0,0.0,1.0,0,1,0.33333334,0,1,Bajo
1.0,3.0,1.0,1.0,1.0,2.0,5.0,1.0,1.0,1.0,1.0,2.0,1.0,1.0,1.0,2.0,1.0,5.0,3.0,4.0,2.0,0.0,2.0,0.0,3.0,0,0,3.0,1,5,Medio
1.0,2.0,1.0,2.0,1.0,1.0,5.0,1.0,1.0,1.0,1.0,1.0,1.0,2.0,1.0,1.0,1.0,1.0,4.0,4.0,2.0,0.0,2.0,0.0,4.0,1,0,2.0,1,7,Alto
1.0,7.0,1.0,1.0,1.0,2.0,4.0,1.0,1.0,1.0,1.0,2.0,1.0,4.0,4.0,1.0,1.0,4.0,2.0,5.0,1.0,1.0,1.0,1.0,0.5,0,0,0.5,1,7,Alto
1.0,5.0,4.0,1.0,1.0,3.0,4.0,1.0,1.0,1.0,2.0,2.0,1.0,1.0,0.0,2.0,1.0,5.0,5.0,5.0,2.0,0.0,2.0,0.0,5.0,1,0,5.0,1,7,Alto
1.0,7.0,1.0,1.0,1.0,3.0,7.0,1.0,1.0,1.0,2.0,2.0,1.0,1.0,1.0,2.0,1.0,3.0,4.0,3.0,2.0,0.0,2.0,0.0,4.0,1,0,4.0,1,3,Bajo
1.0,5.0,1.0,1.0,1.0,3.0,5.0,1.0,1.0,1.0,1.0,2.0,1.0,2.0,2.0,2.0,1.0,8.0,5.0,4.0,2.0,0.0,2.0,0.0,2.5,0,0,2.5,1,7,Alto
1.0,2.0,1.0,1.0,1.0,1.0,4.0,1.0,1.0,1.0,1.0,2.0,1.0,1.0,1.0,1.0,1.0,1.0,3.0,3.0,2.0,0.0,2.0,0.0,3.0,0,0,3.0,1,8,Alto
1.0,3.0,1.0,1.0,1.0,1.0,5.0,1.0,1.0,2.0,2.0,2.0,1.0,3.0,3.0,1.0,1.0,2.0,4.0,4.0,2.0,0.0,2.0,0.0,1.3333334,0,0,1.3333334,1,6,Medio
1.0,7.0,1.0,1.0,1.0,2.0,5.0,1.0,2.0,1.0,2.0,2.0,1.0,4.0,3.0,1.0,1.0,1.0,8.0,6.0,2.0,0.0,2.0,0.0,2.6666667,0,0,2.0,1,9,Alto
1.0,7.0,1.0,1.0,1.0,2.0,5.0,1.0,1.0,1.0,1.0,1.0,1.0,3.0,3.0,2.0,2.0,1.0,3.0,4.0,2.0,0.0,2.0,0.0,1.0,0,0,1.0,1,3,Bajo
1.0,7.0,1.0,1.0,1.0,1.0,4.0,1.0,1.0,1.0,1.0,5.0,1.0,3.0,3.0,1.0,2.0,1.0,5.0,4.0,2.0,0.0,1.0,1.0,1.6666666,0,0,1.6666666,1,3,Bajo
1.0,2.0,4.0,1.0,1.0,3.0,5.0,1.0,2.0,1.0,2.0,1.0,1.0,3.0,2.0,2.0,1.0,4.0,3.0,4.0,2.0,0.0,2.0,0.0,1.5,0,0,1.0,1,7,Alto
1.0,7.0,1.0,1.0,1.0,2.0,4.0,1.0,1.0,1.0,1.0,2.0,1.0,5.0,4.0,1.0,1.0,3.0,4.0,5.0,1.0,2.0,2.0,0.0,1.0,0,0,0.8,1,9,Alto
1.0,4.0,4.0,1.0,1.0,1.0,1.0,1.0,1.0,1.0,1.0,1.0,1.0,2.0,1.0,2.0,1.0,3.0,3.0,4.0,2.0,0.0,2.0,0.0,3.0,0,0,1.5,1,6,Medio
1.0,7.0,1.0,1.0,1.0,5.0,5.0,2.0,3.0,1.0,1.0,7.0,1.0,1.0,1.0,1.0,2.0,4.0,5.0,3.0,2.0,0.0,2.0,0.0,5.0,1,0,5.0,0,6,Medio
1.0,7.0,1.0,1.0,1.0,2.0,4.0,1.0,1.0,1.0,1.0,2.0,1.0,2.0,1.0,1.0,3.0,1.0,1.0,1.0,1.0,1.0,2.0,0.0,1.0,0,0,0.5,0,4,Medio
2.0,3.0,2.0,5.0,2.0,4.0,1.0,5.0,3.0,5.0,1.0,6.0,2.0,1.0,1.0,3.0,0.0,1.0,1.0,1.0,2.0,0.0,1.0,1.0,1.0,0,1,1.0,1,2,Bajo
1.0,3.0,1.0,1.0,1.0,1.0,5.0,2.0,3.0,1.0,2.0,1.0,1.0,4.0,4.0,1.0,2.0,1.0,4.0,4.0,2.0,0.0,2.0,0.0,1.0,0,0,1.0,1,8,Alto
1.0,3.0,1.0,1.0,1.0,2.0,4.0,1.0,1.0,1.0,2.0,2.0,1.0,4.0,2.0,1.0,2.0,3.0,3.0,4.0,2.0,0.0,2.0,0.0,1.5,0,0,0.75,1,8,Alto
1.0,2.0,1.0,2.0,1.0,1.0,5.0,2.0,3.0,1.0,1.0,1.0,1.0,4.0,4.0,1.0,1.0,1.0,3.0,3.0,1.0,5.0,1.0,1.0,0.75,0,0,0.75,1,7,Alto
2.0,2.0,1.0,2.0,1.0,1.0,1.0,1.0,1.0,1.0,1.0,3.0,1.0,3.0,3.0,3.0,0.0,1.0,1.0,1.0,2.0,0.0,2.0,0.0,0.33333334,0,1,0.33333334,0,1,Bajo
1.0,7.0,4.0,1.0,1.0,3.0,5.0,1.0,1.0,1.0,8.0,2.0,2.0,1.0,1.0,2.0,1.0,4.0,1.0,1.0,2.0,0.0,2.0,0.0,1.0,0,0,1.0,0,2,Bajo
1.0,1.0,3.0,1.0,1.0,3.0,4.0,1.0,1.0,1.0,2.0,1.0,1.0,3.0,2.0,1.0,1.0,2.0,1.0,1.0,2.0,0.0,2.0,0.0,0.5,0,0,0.33333334,1,10,Alto
2.0,2.0,1.0,1.0,1.0,1.0,5.0,2.0,3.0,1.0,1.0,5.0,1.0,3.0,1.0,3.0,0.0,1.0,2.0,5.0,2.0,0.0,2.0,0.0,2.0,0,1,0.6666667,1,6,Medio
1.0,3.0,4.0,2.0,1.0,1.0,5.0,8.0,3.0,1.0,1.0,2.0,1.0,1.0,1.0,2.0,3.0,4.0,1.0,1.0,2.0,0.0,1.0,1.0,1.0,0,1,1.0,0,3,Bajo
1.0,2.0,3.0,1.0,1.0,1.0,8.0,1.0,1.0,1.0,2.0,1.0,1.0,4.0,3.0,1.0,1.0,5.0,3.0,4.0,2.0,0.0,2.0,0.0,1.0,0,0,0.75,1,9,Alto
1.0,3.0,4.0,1.0,1.0,1.0,4.0,1.0,1.0,1.0,2.0,2.0,1.0,3.0,3.0,2.0,1.0,1.0,3.0,3.0,2.0,0.0,2.0,0.0,1.0,0,0,1.0,1,12,Alto
1.0,2.0,3.0,1.0,1.0,1.0,5.0,1.0,1.0,1.0,2.0,1.0,1.0,3.0,1.0,1.0,1.0,1.0,1.0,1.0,2.0,0.0,1.0,1.0,1.0,0,0,0.33333334,1,5,Medio
1.0,2.0,1.0,1.0,1.0,1.0,5.0,1.0,1.0,1.0,1.0,1.0,1.0,4.0,4.0,2.0,1.0,1.0,5.0,5.0,2.0,0.0,2.0,0.0,1.25,0,0,1.25,1,8,Alto
2.0,2.0,1.0,1.0,1.0,1.0,1.0,1.0,2.0,5.0,3.0,5.0,1.0,2.0,1.0,3.0,0.0,1.0,3.0,5.0,2.0,0.0,2.0,0.0,3.0,0,1,1.5,0,2,Bajo
2.0,5.0,1.0,1.0,1.0,1.0,5.0,1.0,2.0,1.0,1.0,5.0,2.0,2.0,1.0,3.0,0.0,1.0,1.0,1.0,2.0,0.0,2.0,0.0,1.0,0,1,0.5,1,5,Medio
1.0,8.0,1.0,1.0,2.0,2.0,4.0,2.0,3.0,1.0,1.0,2.0,2.0,1.0,1.0,1.0,1.0,1.0,2.0,3.0,2.0,0.0,2.0,0.0,2.0,0,0,2.0,1,4,Medio
1.0,3.0,1.0,1.0,1.0,1.0,5.0,2.0,3.0,1.0,1.0,2.0,1.0,2.0,2.0,1.0,1.0,7.0,2.0,3.0,2.0,0.0,2.0,0.0,1.0,0,0,1.0,0,3,Bajo
1.0,2.0,1.0,2.0,1.0,1.0,1.0,1.0,2.0,1.0,2.0,2.0,1.0,1.0,1.0,1.0,1.0,1.0,3.0,5.0,2.0,0.0,1.0,1.0,3.0,0,0,3.0,0,3,Bajo
1.0,2.0,1.0,1.0,1.0,1.0,3.0,1.0,1.0,1.0,2.0,2.0,1.0,2.0,1.0,1.0,1.0,4.0,2.0,3.0,2.0,0.0,2.0,0.0,2.0,0,0,1.0,1,4,Medio
1.0,7.0,1.0,1.0,1.0,2.0,5.0,1.0,1.0,1.0,1.0,2.0,1.0,1.0,1.0,2.0,1.0,1.0,1.0,1.0,2.0,0.0,2.0,0.0,1.0,0,0,1.0,1,7,Alto
1.0,7.0,1.0,1.0,1.0,2.0,4.0,1.0,1.0,1.0,2.0,2.0,1.0,4.0,3.0,1.0,1.0,1.0,2.0,2.0,2.0,0.0,2.0,0.0,0.6666667,0,0,0.5,1,9,Alto
1.0,3.0,1.0,2.0,1.0,1.0,5.0,1.0,1.0,1.0,1.0,2.0,1.0,2.0,2.0,1.0,1.0,4.0,8.0,3.0,2.0,0.0,2.0,0.0,4.0,1,0,4.0,0,5,Medio
1.0,2.0,4.0,1.0,1.0,1.0,2.0,1.0,1.0,1.0,1.0,1.0,1.0,4.0,2.0,2.0,1.0,4.0,2.0,5.0,2.0,0.0,1.0,1.0,1.0,0,0,0.5,1,7,Alto
2.0,8.0,1.0,5.0,2.0,4.0,1.0,5.0,3.0,5.0,3.0,5.0,1.0,1.0,1.0,1.0,3.0,1.0,1.0,1.0,2.0,0.0,2.0,0.0,1.0,0,1,1.0,1,1,Bajo
1.0,7.0,1.0,1.0,1.0,2.0,4.0,1.0,1.0,1.0,1.0,2.0,1.0,5.0,5.0,1.0,1.0,3.0,6.0,5.0,1.0,1.0,2.0,0.0,1.2,0,0,1.2,1,10,Alto
2.0,3.0,1.0,1.0,1.0,1.0,5.0,1.0,1.0,1.0,1.0,5.0,1.0,5.0,4.0,1.0,3.0,1.0,5.0,4.0,1.0,2.0,2.0,0.0,1.25,0,0,1.0,1,7,Alto
2.0,1.0,1.0,2.0,2.0,1.0,1.0,1.0,2.0,1.0,3.0,5.0,2.0,2.0,1.0,3.0,0.0,1.0,2.0,3.0,2.0,0.0,2.0,0.0,2.0,0,1,1.0,1,2,Bajo
1.0,7.0,4.0,1.0,1.0,2.0,4.0,1.0,1.0,1.0,1.0,5.0,1.0,1.0,1.0,2.0,2.0,4.0,1.0,1.0,2.0,0.0,2.0,0.0,1.0,0,0,1.0,1,7,Alto
1.0,7.0,1.0,1.0,2.0,2.0,5.0,1.0,2.0,1.0,1.0,5.0,1.0,1.0,1.0,1.0,6.0,3.0,5.0,4.0,2.0,0.0,2.0,0.0,5.0,1,0,5.0,1,3,Bajo
2.0,2.0,1.0,2.0,1.0,1.0,1.0,4.0,2.0,1.0,3.0,5.0,1.0,1.0,1.0,1.0,3.0,1.0,5.0,4.0,2.0,0.0,2.0,0.0,5.0,1,0,5.0,0,2,Bajo
2.0,3.0,1.0,2.0,1.0,1.0,5.0,6.0,1.0,1.0,3.0,5.0,1.0,6.0,6.0,1.0,3.0,1.0,2.0,2.0,1.0,3.0,2.0,0.0,0.33333334,0,1,0.33333334,1,6,Medio
1.0,4.0,1.0,1.0,1.0,1.0,3.0,1.0,2.0,1.0,1.0,2.0,1.0,2.0,1.0,1.0,1.0,6.0,2.0,3.0,2.0,0.0,2.0,0.0,2.0,0,0,1.0,1,10,Alto
2.0,3.0,1.0,1.0,2.0,3.0,1.0,2.0,3.0,1.0,1.0,5.0,1.0,2.0,2.0,1.0,3.0,1.0,3.0,5.0,2.0,0.0,2.0,0.0,1.5,0,0,1.5,1,6,Medio
2.0,5.0,1.0,2.0,1.0,1.0,1.0,2.0,3.0,1.0,3.0,1.0,1.0,4.0,3.0,3.0,0.0,1.0,6.0,4.0,2.0,0.0,2.0,0.0,2.0,0,1,1.5,0,4,Medio
2.0,3.0,1.0,1.0,1.0,1.0,4.0,1.0,2.0,1.0,1.0,5.0,1.0,3.0,2.0,1.0,3.0,1.0,3.0,3.0,2.0,0.0,2.0,0.0,1.5,0,0,1.0,1,8,Alto
2.0,7.0,1.0,1.0,1.0,1.0,4.0,4.0,2.0,1.0,1.0,5.0,2.0,2.0,1.0,2.0,3.0,1.0,1.0,1.0,2.0,0.0,2.0,0.0,1.0,0,0,0.5,0,2,Bajo
2.0,2.0,1.0,5.0,2.0,1.0,5.0,1.0,2.0,1.0,1.0,2.0,1.0,4.0,4.0,3.0,0.0,7.0,2.0,5.0,2.0,0.0,2.0,0.0,0.5,0,1,0.5,0,4,Medio
2.0,2.0,1.0,1.0,1.0,1.0,2.0,2.0,3.0,1.0,1.0,5.0,1.0,3.0,2.0,1.0,3.0,1.0,2.0,2.0,2.0,0.0,2.0,0.0,1.0,0,0,0.6666667,0,3,Bajo
1.0,3.0,1.0,4.0,2.0,2.0,5.0,1.0,1.0,1.0,1.0,2.0,1.0,2.0,2.0,1.0,1.0,7.0,2.0,5.0,1.0,1.0,2.0,0.0,1.0,0,0,1.0,1,8,Alto
1.0,1.0,1.0,1.0,1.0,2.0,4.0,1.0,1.0,1.0,2.0,3.0,1.0,7.0,5.0,1.0,1.0,1.0,5.0,4.0,1.0,1.0,2.0,0.0,1.0,0,0,0.71428573,1,11,Alto
1.0,2.0,1.0,1.0,1.0,1.0,4.0,1.0,1.0,1.0,2.0,1.0,1.0,8.0,4.0,1.0,1.0,1.0,1.0,1.0,2.0,0.0,2.0,0.0,0.25,0,0,0.125,1,6,Medio
1.0,3.0,1.0,1.0,1.0,1.0,7.0,2.0,3.0,1.0,1.0,2.0,1.0,1.0,1.0,1.0,1.0,4.0,4.0,3.0,2.0,0.0,2.0,0.0,4.0,1,0,4.0,1,3,Bajo
1.0,3.0,1.0,2.0,1.0,2.0,5.0,1.0,1.0,1.0,2.0,2.0,1.0,3.0,2.0,1.0,1.0,5.0,4.0,5.0,2.0,0.0,2.0,0.0,2.0,0,0,1.3333334,1,4,Medio
1.0,2.0,4.0,1.0,1.0,1.0,5.0,1.0,1.0,1.0,7.0,1.0,2.0,1.0,1.0,2.0,1.0,4.0,1.0,1.0,2.0,0.0,1.0,2.0,1.0,0,0,1.0,1,5,Medio
1.0,7.0,1.0,1.0,1.0,2.0,4.0,1.0,1.0,1.0,1.0,2.0,1.0,1.0,1.0,1.0,1.0,4.0,6.0,5.0,2.0,0.0,2.0,0.0,6.0,1,0,6.0,1,5,Medio
1.0,3.0,1.0,1.0,2.0,1.0,4.0,8.0,1.0,1.0,1.0,2.0,1.0,1.0,1.0,1.0,3.0,4.0,4.0,5.0,1.0,3.0,2.0,0.0,4.0,1,1,4.0,1,2,Bajo
1.0,3.0,1.0,1.0,1.0,3.0,4.0,8.0,1.0,5.0,1.0,1.0,1.0,3.0,2.0,1.0,1.0,1.0,4.0,4.0,1.0,1.0,2.0,0.0,2.0,0,1,1.3333334,1,4,Medio
1.0,5.0,1.0,1.0,1.0,2.0,5.0,1.0,1.0,1.0,1.0,2.0,1.0,3.0,2.0,1.0,1.0,1.0,3.0,5.0,2.0,0.0,2.0,0.0,1.5,0,0,1.0,1,4,Medio
1.0,1.0,1.0,1.0,1.0,3.0,5.0,7.0,1.0,1.0,1.0,5.0,1.0,5.0,3.0,1.0,5.0,1.0,4.0,4.0,2.0,0.0,2.0,0.0,1.3333334,0,1,0.8,1,5,Medio
2.0,8.0,1.0,1.0,1.0,1.0,6.0,5.0,3.0,1.0,1.0,5.0,1.0,2.0,2.0,1.0,3.0,1.0,3.0,3.0,2.0,0.0,2.0,0.0,1.5,0,1,1.5,1,2,Bajo
1.0,7.0,1.0,1.0,1.0,2.0,7.0,1.0,1.0,1.0,1.0,2.0,1.0,4.0,3.0,1.0,1.0,7.0,5.0,5.0,2.0,0.0,2.0,0.0,1.6666666,0,0,1.25,1,10,Alto
2.0,3.0,1.0,1.0,1.0,2.0,5.0,4.0,3.0,1.0,1.0,5.0,1.0,5.0,5.0,1.0,3.0,1.0,3.0,5.0,2.0,0.0,2.0,0.0,0.6,0,0,0.6,1,7,Alto
1.0,6.0,4.0,1.0,1.0,1.0,5.0,1.0,1.0,1.0,8.0,2.0,2.0,1.0,1.0,2.0,1.0,4.0,1.0,1.0,2.0,0.0,2.0,0.0,1.0,0,0,1.0,1,3,Bajo
1.0,7.0,1.0,1.0,1.0,1.0,7.0,1.0,1.0,1.0,1.0,2.0,2.0,2.0,1.0,1.0,1.0,4.0,4.0,4.0,2.0,0.0,2.0,0.0,4.0,1,0,2.0,1,5,Medio
1.0,7.0,1.0,1.0,1.0,1.0,5.0,1.0,1.0,1.0,1.0,1.0,1.0,2.0,1.0,1.0,2.0,1.0,1.0,1.0,2.0,0.0,2.0,0.0,1.0,0,0,0.5,0,2,Bajo
1.0,3.0,4.0,1.0,1.0,2.0,5.0,1.0,2.0,1.0,1.0,2.0,1.0,1.0,1.0,2.0,1.0,4.0,3.0,4.0,2.0,0.0,2.0,0.0,3.0,0,0,3.0,1,3,Bajo
1.0,2.0,1.0,1.0,1.0,1.0,3.0,1.0,2.0,1.0,2.0,2.0,1.0,4.0,3.0,1.0,1.0,1.0,1.0,1.0,1.0,1.0,2.0,0.0,0.33333334,0,0,0.25,1,3,Bajo
1.0,2.0,1.0,1.0,2.0,1.0,2.0,1.0,1.0,1.0,2.0,3.0,1.0,1.0,1.0,1.0,1.0,3.0,4.0,4.0,2.0,0.0,2.0,0.0,4.0,1,0,4.0,1,5,Medio
2.0,1.0,1.0,1.0,1.0,1.0,5.0,5.0,3.0,1.0,3.0,5.0,1.0,3.0,2.0,1.0,3.0,1.0,4.0,3.0,2.0,0.0,2.0,0.0,2.0,0,1,1.3333334,1,4,Medio
1.0,2.0,1.0,1.0,2.0,1.0,1.0,1.0,1.0,1.0,1.0,1.0,1.0,4.0,1.0,2.0,1.0,1.0,2.0,2.0,2.0,0.0,2.0,0.0,2.0,0,0,0.5,1,4,Medio
1.0,7.0,1.0,1.0,1.0,2.0,4.0,1.0,1.0,1.0,1.0,2.0,1.0,5.0,2.0,1.0,2.0,5.0,3.0,4.0,2.0,0.0,2.0,0.0,1.5,0,0,0.6,1,7,Alto
2.0,3.0,2.0,5.0,2.0,1.0,1.0,7.0,3.0,5.0,3.0,5.0,2.0,1.0,1.0,3.0,0.0,1.0,1.0,1.0,2.0,0.0,1.0,1.0,1.0,0,1,1.0,1,2,Bajo
1.0,2.0,4.0,1.0,1.0,1.0,5.0,1.0,1.0,1.0,1.0,1.0,1.0,1.0,1.0,3.0,0.0,5.0,3.0,3.0,2.0,0.0,2.0,0.0,3.0,0,1,3.0,1,6,Medio
1.0,7.0,1.0,1.0,1.0,3.0,5.0,1.0,1.0,1.0,1.0,2.0,1.0,6.0,2.0,1.0,3.0,1.0,5.0,4.0,2.0,0.0,2.0,0.0,2.5,0,0,0.8333333,1,3,Bajo
1.0,7.0,1.0,1.0,1.0,2.0,4.0,1.0,1.0,1.0,1.0,2.0,1.0,4.0,4.0,1.0,1.0,1.0,4.0,4.0,2.0,0.0,2.0,0.0,1.0,0,0,1.0,1,10,Alto
2.0,3.0,1.0,2.0,1.0,1.0,1.0,5.0,3.0,1.0,3.0,6.0,1.0,3.0,1.0,3.0,0.0,1.0,3.0,3.0,2.0,0.0,2.0,0.0,3.0,0,1,1.0,1,3,Bajo
1.0,5.0,1.0,2.0,1.0,3.0,5.0,1.0,1.0,1.0,1.0,1.0,1.0,2.0,1.0,2.0,1.0,1.0,5.0,6.0,2.0,0.0,2.0,0.0,5.0,1,0,2.5,1,6,Medio
1.0,7.0,1.0,1.0,1.0,2.0,4.0,1.0,1.0,1.0,2.0,2.0,1.0,1.0,1.0,1.0,1.0,3.0,1.0,1.0,2.0,0.0,2.0,0.0,1.0,0,0,1.0,1,2,Bajo
1.0,2.0,1.0,1.0,1.0,1.0,3.0,1.0,1.0,1.0,1.0,2.0,1.0,4.0,2.0,1.0,1.0,1.0,1.0,1.0,2.0,0.0,2.0,0.0,0.5,0,0,0.25,1,8,Alto
2.0,2.0,1.0,2.0,2.0,1.0,1.0,5.0,3.0,4.0,3.0,6.0,2.0,1.0,1.0,1.0,3.0,1.0,5.0,5.0,2.0,0.0,2.0,0.0,5.0,1,1,5.0,1,2,Bajo
1.0,7.0,1.0,1.0,1.0,2.0,5.0,1.0,2.0,1.0,1.0,5.0,1.0,1.0,1.0,2.0,2.0,1.0,6.0,5.0,1.0,3.0,2.0,0.0,6.0,1,0,6.0,1,3,Bajo
1.0,2.0,1.0,1.0,1.0,3.0,5.0,1.0,1.0,1.0,2.0,2.0,1.0,3.0,2.0,1.0,1.0,1.0,3.0,4.0,2.0,0.0,2.0,0.0,1.5,0,0,1.0,1,6,Medio
1.0,2.0,3.0,2.0,1.0,1.0,5.0,1.0,1.0,1.0,1.0,1.0,1.0,1.0,1.0,1.0,3.0,1.0,4.0,5.0,1.0,1.0,1.0,1.0,4.0,1,0,4.0,1,7,Alto
1.0,7.0,4.0,1.0,1.0,2.0,4.0,1.0,2.0,1.0,1.0,2.0,2.0,1.0,1.0,2.0,2.0,4.0,3.0,4.0,2.0,0.0,2.0,0.0,3.0,0,0,3.0,1,4,Medio
1.0,2.0,1.0,2.0,1.0,3.0,3.0,1.0,1.0,1.0,1.0,1.0,1.0,1.0,1.0,1.0,1.0,4.0,2.0,2.0,2.0,0.0,2.0,0.0,2.0,0,0,2.0,0,3,Bajo
1.0,2.0,3.0,1.0,1.0,3.0,8.0,1.0,1.0,1.0,2.0,1.0,1.0,3.0,2.0,1.0,1.0,1.0,2.0,3.0,2.0,0.0,1.0,1.0,1.0,0,0,0.6666667,1,10,Alto
1.0,3.0,1.0,1.0,1.0,2.0,5.0,1.0,1.0,1.0,2.0,2.0,1.0,4.0,3.0,1.0,1.0,3.0,3.0,5.0,1.0,2.0,2.0,0.0,1.0,0,0,0.75,1,8,Alto
1.0,2.0,4.0,2.0,1.0,1.0,3.0,1.0,1.0,1.0,1.0,1.0,2.0,1.0,1.0,2.0,1.0,4.0,1.0,1.0,1.0,1.0,2.0,0.0,1.0,0,0,1.0,1,2,Bajo
1.0,6.0,3.0,1.0,1.0,3.0,4.0,1.0,1.0,1.0,1.0,2.0,1.0,4.0,2.0,1.0,1.0,5.0,2.0,5.0,2.0,0.0,2.0,0.0,1.0,0,0,0.5,1,10,Alto
2.0,4.0,1.0,1.0,1.0,1.0,4.0,1.0,2.0,5.0,1.0,5.0,2.0,1.0,1.0,2.0,1.0,1.0,1.0,1.0,2.0,0.0,2.0,0.0,1.0,0,1,1.0,1,3,Bajo
1.0,2.0,1.0,1.0,2.0,1.0,5.0,6.0,2.0,1.0,1.0,2.0,1.0,3.0,3.0,1.0,2.0,1.0,4.0,4.0,2.0,0.0,2.0,0.0,1.3333334,0,1,1.3333334,1,7,Alto
1.0,7.0,1.0,1.0,1.0,2.0,7.0,1.0,1.0,1.0,2.0,2.0,1.0,3.0,2.0,1.0,1.0,1.0,4.0,5.0,2.0,0.0,2.0,0.0,2.0,0,0,1.3333334,1,2,Bajo
1.0,7.0,1.0,1.0,1.0,2.0,4.0,1.0,2.0,1.0,2.0,2.0,2.0,3.0,3.0,1.0,1.0,1.0,3.0,5.0,1.0,1.0,2.0,0.0,1.0,0,0,1.0,1,11,Alto
1.0,7.0,1.0,1.0,2.0,2.0,5.0,1.0,1.0,1.0,1.0,2.0,2.0,1.0,1.0,1.0,3.0,4.0,8.0,4.0,2.0,0.0,2.0,0.0,8.0,1,0,8.0,1,4,Medio
1.0,7.0,1.0,1.0,1.0,5.0,5.0,1.0,1.0,1.0,1.0,2.0,1.0,2.0,2.0,1.0,1.0,4.0,5.0,3.0,2.0,0.0,2.0,0.0,2.5,0,0,2.5,1,4,Medio
1.0,2.0,3.0,1.0,1.0,3.0,8.0,1.0,1.0,1.0,1.0,1.0,1.0,3.0,2.0,1.0,1.0,6.0,3.0,3.0,2.0,0.0,2.0,0.0,1.5,0,0,1.0,1,7,Alto
1.0,3.0,1.0,1.0,1.0,2.0,4.0,1.0,1.0,1.0,2.0,2.0,1.0,4.0,3.0,1.0,1.0,1.0,3.0,3.0,2.0,0.0,2.0,0.0,1.0,0,0,0.75,1,5,Medio
1.0,7.0,1.0,1.0,1.0,2.0,4.0,1.0,1.0,1.0,1.0,1.0,1.0,3.0,3.0,1.0,1.0,4.0,2.0,5.0,2.0,0.0,2.0,0.0,0.6666667,0,0,0.6666667,1,6,Medio
1.0,2.0,1.0,1.0,1.0,1.0,3.0,1.0,1.0,1.0,2.0,2.0,1.0,5.0,5.0,1.0,1.0,2.0,3.0,5.0,2.0,0.0,1.0,1.0,0.6,0,0,0.6,1,8,Alto
1.0,3.0,1.0,1.0,1.0,3.0,4.0,1.0,2.0,1.0,2.0,1.0,1.0,3.0,3.0,1.0,1.0,5.0,2.0,5.0,2.0,0.0,2.0,0.0,0.6666667,0,0,0.6666667,1,8,Alto
2.0,2.0,1.0,2.0,1.0,1.0,1.0,2.0,3.0,1.0,1.0,5.0,1.0,4.0,3.0,1.0,3.0,1.0,5.0,5.0,2.0,0.0,2.0,0.0,1.6666666,0,0,1.25,0,4,Medio
2.0,2.0,1.0,2.0,2.0,1.0,5.0,1.0,2.0,5.0,1.0,6.0,1.0,1.0,1.0,1.0,3.0,1.0,3.0,4.0,2.0,0.0,2.0,0.0,3.0,0,1,3.0,1,2,Bajo
1.0,4.0,1.0,1.0,1.0,1.0,4.0,1.0,1.0,1.0,1.0,2.0,1.0,3.0,2.0,1.0,1.0,1.0,6.0,4.0,2.0,0.0,2.0,0.0,3.0,0,0,2.0,1,9,Alto
1.0,9.0,1.0,1.0,1.0,1.0,4.0,1.0,1.0,1.0,2.0,2.0,1.0,4.0,2.0,1.0,1.0,1.0,2.0,3.0,2.0,0.0,2.0,0.0,1.0,0,0,0.5,1,9,Alto
2.0,1.0,1.0,2.0,2.0,2.0,1.0,9.0,3.0,5.0,4.0,6.0,1.0,1.0,1.0,3.0,0.0,1.0,1.0,1.0,2.0,0.0,2.0,0.0,1.0,0,1,1.0,1,1,Bajo
1.0,8.0,1.0,6.0,2.0,1.0,1.0,1.0,1.0,1.0,1.0,2.0,1.0,1.0,1.0,1.0,3.0,2.0,2.0,3.0,2.0,0.0,2.0,0.0,2.0,0,0,2.0,1,4,Medio
1.0,2.0,1.0,2.0,1.0,1.0,5.0,1.0,2.0,1.0,2.0,2.0,1.0,3.0,2.0,1.0,1.0,1.0,2.0,5.0,2.0,0.0,2.0,0.0,1.0,0,0,0.6666667,1,5,Medio
1.0,7.0,1.0,1.0,1.0,2.0,4.0,1.0,2.0,1.0,1.0,2.0,1.0,3.0,3.0,1.0,3.0,1.0,2.0,3.0,2.0,0.0,2.0,0.0,0.6666667,0,0,0.6666667,1,6,Medio
2.0,7.0,1.0,1.0,2.0,2.0,1.0,1.0,1.0,1.0,1.0,5.0,1.0,2.0,2.0,1.0,1.0,1.0,2.0,2.0,2.0,0.0,2.0,0.0,1.0,0,0,1.0,0,4,Medio
1.0,7.0,4.0,1.0,1.0,2.0,4.0,1.0,1.0,1.0,1.0,1.0,1.0,2.0,2.0,2.0,1.0,1.0,6.0,4.0,2.0,0.0,2.0,0.0,3.0,0,0,3.0,0,4,Medio
1.0,7.0,1.0,1.0,1.0,2.0,6.0,1.0,2.0,1.0,2.0,5.0,1.0,8.0,8.0,1.0,3.0,1.0,3.0,6.0,2.0,0.0,2.0,0.0,0.375,0,0,0.375,1,8,Alto
2.0,4.0,1.0,1.0,1.0,1.0,5.0,9.0,1.0,1.0,1.0,5.0,2.0,1.0,1.0,3.0,0.0,1.0,2.0,5.0,2.0,0.0,2.0,0.0,2.0,0,1,2.0,1,4,Medio
2.0,1.0,2.0,6.0,2.0,5.0,1.0,7.0,3.0,1.0,3.0,6.0,2.0,1.0,1.0,3.0,0.0,1.0,1.0,1.0,2.0,0.0,2.0,0.0,1.0,0,1,1.0,0,2,Bajo
2.0,4.0,2.0,2.0,2.0,4.0,1.0,2.0,3.0,1.0,3.0,5.0,1.0,1.0,1.0,3.0,0.0,1.0,2.0,2.0,2.0,0.0,2.0,0.0,2.0,0,1,2.0,0,3,Bajo
1.0,2.0,1.0,1.0,1.0,1.0,3.0,1.0,1.0,1.0,2.0,2.0,1.0,4.0,4.0,1.0,1.0,1.0,5.0,5.0,2.0,0.0,2.0,0.0,1.25,0,0,1.25,1,10,Alto
1.0,3.0,3.0,1.0,1.0,3.0,8.0,1.0,1.0,1.0,2.0,2.0,1.0,1.0,1.0,1.0,1.0,4.0,1.0,1.0,2.0,0.0,2.0,0.0,1.0,0,0,1.0,1,6,Medio
2.0,2.0,1.0,2.0,1.0,1.0,1.0,1.0,2.0,1.0,3.0,5.0,1.0,2.0,2.0,1.0,3.0,1.0,2.0,3.0,2.0,0.0,2.0,0.0,1.0,0,0,1.0,0,3,Bajo
2.0,4.0,1.0,1.0,1.0,2.0,5.0,1.0,1.0,1.0,1.0,5.0,1.0,2.0,2.0,1.0,3.0,1.0,4.0,3.0,2.0,0.0,2.0,0.0,2.0,0,0,2.0,0,2,Bajo
1.0,3.0,1.0,1.0,1.0,1.0,4.0,1.0,1.0,1.0,1.0,2.0,1.0,2.0,1.0,1.0,3.0,3.0,2.0,2.0,2.0,0.0,2.0,0.0,2.0,0,0,1.0,1,4,Medio
2.0,2.0,2.0,5.0,2.0,1.0,1.0,7.0,3.0,5.0,3.0,5.0,1.0,1.0,1.0,1.0,3.0,1.0,2.0,5.0,2.0,0.0,2.0,0.0,2.0,0,1,2.0,1,2,Bajo
2.0,2.0,1.0,2.0,1.0,1.0,1.0,1.0,2.0,5.0,3.0,5.0,1.0,3.0,2.0,3.0,0.0,1.0,1.0,1.0,2.0,0.0,2.0,0.0,0.5,0,1,0.33333334,0,0,Bajo
1.0,7.0,1.0,1.0,1.0,2.0,5.0,1.0,2.0,1.0,1.0,2.0,1.0,1.0,1.0,1.0,3.0,4.0,3.0,3.0,2.0,0.0,2.0,0.0,3.0,0,0,3.0,1,2,Bajo
1.0,3.0,1.0,1.0,1.0,1.0,4.0,4.0,1.0,1.0,1.0,2.0,1.0,4.0,3.0,1.0,2.0,1.0,5.0,4.0,2.0,0.0,2.0,0.0,1.6666666,0,0,1.25,1,6,Medio
1.0,8.0,1.0,1.0,2.0,1.0,4.0,1.0,1.0,1.0,1.0,2.0,1.0,2.0,2.0,1.0,2.0,1.0,2.0,2.0,2.0,0.0,2.0,0.0,1.0,0,0,1.0,1,7,Alto
1.0,4.0,1.0,1.0,1.0,1.0,5.0,1.0,1.0,1.0,2.0,2.0,1.0,4.0,4.0,1.0,3.0,1.0,4.0,4.0,2.0,0.0,2.0,0.0,1.0,0,0,1.0,1,3,Bajo
1.0,2.0,1.0,2.0,1.0,1.0,5.0,1.0,2.0,1.0,1.0,2.0,1.0,5.0,1.0,1.0,1.0,3.0,1.0,1.0,2.0,0.0,2.0,0.0,1.0,0,0,0.2,1,6,Medio
1.0,2.0,3.0,1.0,1.0,3.0,5.0,1.0,1.0,1.0,1.0,1.0,1.0,2.0,1.0,1.0,1.0,1.0,1.0,1.0,2.0,0.0,2.0,0.0,1.0,0,0,0.5,1,5,Medio
2.0,8.0,2.0,6.0,2.0,4.0,1.0,4.0,3.0,5.0,3.0,5.0,1.0,1.0,1.0,1.0,6.0,1.0,1.0,1.0,2.0,0.0,2.0,0.0,1.0,0,1,1.0,0,2,Bajo
2.0,2.0,1.0,2.0,2.0,1.0,1.0,1.0,2.0,3.0,1.0,5.0,1.0,1.0,0.0,3.0,0.0,1.0,4.0,3.0,2.0,0.0,2.0,0.0,4.0,1,1,4.0,0,2,Bajo
1.0,3.0,1.0,1.0,1.0,3.0,4.0,4.0,1.0,1.0,2.0,2.0,1.0,7.0,7.0,1.0,1.0,1.0,4.0,5.0,1.0,1.0,2.0,0.0,0.5714286,0,0,0.5714286,1,8,Alto
2.0,4.0,1.0,2.0,1.0,4.0,1.0,9.0,3.0,5.0,3.0,6.0,2.0,2.0,1.0,1.0,3.0,1.0,1.0,1.0,2.0,0.0,2.0,0.0,1.0,0,1,0.5,1,4,Medio
1.0,7.0,4.0,1.0,1.0,3.0,4.0,1.0,1.0,1.0,8.0,2.0,2.0,1.0,1.0,2.0,1.0,4.0,2.0,6.0,2.0,0.0,2.0,0.0,2.0,0,0,2.0,1,2,Bajo
1.0,1.0,4.0,1.0,1.0,2.0,5.0,1.0,1.0,1.0,1.0,2.0,1.0,1.0,1.0,2.0,1.0,4.0,2.0,2.0,2.0,0.0,2.0,0.0,2.0,0,0,2.0,1,4,Medio
1.0,3.0,3.0,1.0,1.0,3.0,4.0,1.0,1.0,1.0,1.0,2.0,1.0,2.0,2.0,1.0,1.0,4.0,3.0,4.0,2.0,0.0,2.0,0.0,1.5,0,0,1.5,1,6,Medio
1.0,2.0,3.0,1.0,1.0,3.0,3.0,1.0,1.0,1.0,1.0,1.0,1.0,3.0,2.0,1.0,1.0,4.0,1.0,1.0,2.0,0.0,2.0,0.0,0.5,0,0,0.33333334,1,5,Medio
1.0,7.0,1.0,1.0,1.0,5.0,4.0,1.0,1.0,1.0,1.0,2.0,2.0,3.0,2.0,2.0,1.0,4.0,4.0,6.0,2.0,0.0,2.0,0.0,2.0,0,0,1.3333334,0,5,Medio
2.0,3.0,1.0,5.0,2.0,1.0,1.0,2.0,3.0,1.0,1.0,5.0,1.0,2.0,1.0,1.0,3.0,1.0,1.0,1.0,2.0,0.0,2.0,0.0,1.0,0,0,0.5,1,5,Medio
2.0,2.0,1.0,1.0,1.0,1.0,4.0,2.0,3.0,1.0,1.0,5.0,2.0,2.0,1.0,3.0,0.0,1.0,1.0,1.0,2.0,0.0,2.0,0.0,1.0,0,1,0.5,0,3,Bajo
2.0,6.0,1.0,1.0,2.0,1.0,1.0,1.0,1.0,1.0,3.0,3.0,1.0,2.0,2.0,3.0,0.0,1.0,4.0,3.0,2.0,0.0,2.0,0.0,2.0,0,1,2.0,0,2,Bajo
2.0,2.0,1.0,1.0,1.0,1.0,5.0,1.0,1.0,1.0,1.0,1.0,1.0,4.0,2.0,1.0,5.0,1.0,3.0,4.0,2.0,0.0,2.0,0.0,1.5,0,0,0.75,1,6,Medio
2.0,8.0,1.0,5.0,2.0,1.0,1.0,7.0,3.0,5.0,3.0,5.0,1.0,2.0,1.0,3.0,0.0,1.0,2.0,3.0,2.0,0.0,2.0,0.0,2.0,0,1,1.0,0,1,Bajo
2.0,2.0,1.0,1.0,2.0,1.0,5.0,4.0,3.0,1.0,1.0,5.0,1.0,2.0,2.0,3.0,0.0,1.0,3.0,4.0,2.0,0.0,2.0,0.0,1.5,0,1,1.5,1,4,Medio
1.0,3.0,1.0,1.0,2.0,1.0,5.0,1.0,1.0,1.0,2.0,2.0,1.0,2.0,1.0,1.0,3.0,2.0,7.0,5.0,2.0,0.0,1.0,1.0,7.0,1,0,3.5,1,7,Alto
1.0,1.0,1.0,2.0,1.0,2.0,5.0,1.0,1.0,1.0,2.0,1.0,1.0,2.0,1.0,1.0,1.0,8.0,2.0,3.0,2.0,0.0,2.0,0.0,2.0,0,0,1.0,1,7,Alto
1.0,8.0,1.0,1.0,1.0,1.0,4.0,2.0,3.0,1.0,1.0,2.0,1.0,3.0,1.0,1.0,2.0,1.0,1.0,1.0,1.0,2.0,1.0,1.0,1.0,0,0,0.33333334,1,6,Medio
1.0,6.0,1.0,1.0,1.0,3.0,4.0,1.0,1.0,1.0,1.0,2.0,2.0,3.0,1.0,1.0,1.0,4.0,5.0,4.0,2.0,0.0,2.0,0.0,5.0,1,0,1.6666666,1,5,Medio
2.0,7.0,1.0,3.0,1.0,1.0,1.0,1.0,1.0,1.0,3.0,5.0,2.0,1.0,1.0,3.0,0.0,1.0,4.0,4.0,2.0,0.0,2.0,0.0,4.0,1,1,4.0,0,1,Bajo
2.0,1.0,1.0,2.0,1.0,2.0,1.0,7.0,3.0,3.0,3.0,5.0,1.0,1.0,1.0,3.0,0.0,1.0,2.0,3.0,1.0,1.0,2.0,0.0,2.0,0,1,2.0,0,1,Bajo
1.0,4.0,1.0,2.0,1.0,1.0,5.0,1.0,1.0,1.0,2.0,2.0,1.0,5.0,2.0,1.0,1.0,1.0,2.0,2.0,2.0,0.0,2.0,0.0,1.0,0,0,0.4,1,7,Alto
1.0,7.0,1.0,1.0,1.0,2.0,4.0,1.0,1.0,1.0,2.0,2.0,1.0,4.0,2.0,1.0,1.0,1.0,1.0,1.0,1.0,1.0,2.0,0.0,0.5,0,0,0.25,1,9,Alto
1.0,7.0,1.0,1.0,1.0,2.0,4.0,1.0,1.0,1.0,1.0,2.0,1.0,2.0,2.0,1.0,1.0,5.0,3.0,3.0,2.0,0.0,2.0,0.0,1.5,0,0,1.5,1,3,Bajo
1.0,6.0,1.0,1.0,1.0,1.0,5.0,1.0,1.0,1.0,2.0,1.0,1.0,5.0,3.0,1.0,1.0,1.0,6.0,5.0,2.0,0.0,2.0,0.0,2.0,0,0,1.2,1,5,Medio
1.0,2.0,3.0,1.0,1.0,3.0,3.0,1.0,1.0,1.0,2.0,1.0,1.0,3.0,2.0,1.0,1.0,4.0,3.0,4.0,2.0,0.0,2.0,0.0,1.5,0,0,1.0,1,8,Alto
1.0,2.0,1.0,1.0,1.0,1.0,5.0,1.0,1.0,1.0,2.0,2.0,1.0,2.0,1.0,1.0,1.0,4.0,3.0,5.0,2.0,0.0,2.0,0.0,3.0,0,0,1.5,1,5,Medio
2.0,3.0,1.0,2.0,1.0,1.0,1.0,6.0,1.0,1.0,1.0,5.0,2.0,3.0,1.0,1.0,1.0,1.0,1.0,1.0,2.0,0.0,2.0,0.0,1.0,0,1,0.33333334,1,4,Medio
2.0,5.0,1.0,2.0,2.0,4.0,1.0,1.0,2.0,5.0,3.0,5.0,1.0,1.0,1.0,3.0,0.0,1.0,1.0,1.0,2.0,0.0,2.0,0.0,1.0,0,1,1.0,0,0,Bajo
1.0,2.0,3.0,1.0,1.0,3.0,3.0,1.0,1.0,1.0,2.0,1.0,1.0,4.0,3.0,1.0,1.0,1.0,3.0,3.0,2.0,0.0,2.0,0.0,1.0,0,0,0.75,1,8,Alto
1.0,2.0,1.0,1.0,1.0,1.0,4.0,1.0,1.0,1.0,1.0,2.0,1.0,3.0,3.0,1.0,1.0,1.0,5.0,5.0,2.0,0.0,2.0,0.0,1.6666666,0,0,1.6666666,1,6,Medio
1.0,3.0,1.0,2.0,1.0,2.0,4.0,8.0,3.0,1.0,1.0,2.0,1.0,3.0,2.0,1.0,1.0,1.0,2.0,3.0,2.0,0.0,2.0,0.0,1.0,0,1,0.6666667,1,6,Medio
1.0,2.0,1.0,2.0,1.0,1.0,5.0,1.0,1.0,1.0,2.0,2.0,1.0,1.0,1.0,1.0,1.0,4.0,5.0,4.0,2.0,0.0,1.0,1.0,5.0,1,0,5.0,1,3,Bajo
2.0,3.0,1.0,6.0,2.0,1.0,1.0,5.0,3.0,5.0,1.0,5.0,1.0,1.0,1.0,1.0,3.0,1.0,1.0,1.0,2.0,0.0,2.0,0.0,1.0,0,1,1.0,1,2,Bajo
1.0,4.0,1.0,1.0,1.0,1.0,5.0,1.0,1.0,1.0,2.0,1.0,1.0,3.0,1.0,1.0,1.0,2.0,4.0,3.0,2.0,0.0,2.0,0.0,4.0,1,0,1.3333334,1,7,Alto
1.0,2.0,1.0,1.0,1.0,1.0,5.0,1.0,1.0,1.0,1.0,1.0,1.0,1.0,1.0,2.0,1.0,1.0,1.0,1.0,2.0,0.0,1.0,1.0,1.0,0,0,1.0,1,2,Bajo
1.0,7.0,1.0,1.0,1.0,2.0,4.0,1.0,1.0,1.0,1.0,2.0,1.0,1.0,1.0,1.0,1.0,4.0,2.0,2.0,2.0,0.0,2.0,0.0,2.0,0,0,2.0,1,8,Alto
1.0,2.0,1.0,2.0,1.0,1.0,5.0,1.0,1.0,1.0,2.0,2.0,1.0,3.0,3.0,1.0,1.0,1.0,4.0,5.0,2.0,0.0,1.0,1.0,1.3333334,0,0,1.3333334,1,9,Alto
1.0,6.0,4.0,1.0,1.0,1.0,5.0,1.0,1.0,1.0,1.0,1.0,2.0,1.0,1.0,2.0,1.0,4.0,3.0,4.0,2.0,0.0,2.0,0.0,3.0,0,0,3.0,0,0,Bajo
1.0,5.0,1.0,1.0,1.0,3.0,4.0,1.0,1.0,1.0,1.0,5.0,1.0,1.0,1.0,3.0,0.0,1.0,3.0,4.0,2.0,0.0,2.0,0.0,3.0,0,1,3.0,1,5,Medio
1.0,7.0,1.0,1.0,1.0,2.0,4.0,1.0,1.0,1.0,1.0,1.0,1.0,3.0,3.0,1.0,3.0,4.0,8.0,4.0,2.0,0.0,2.0,0.0,2.6666667,0,0,2.6666667,1,5,Medio
1.0,2.0,1.0,2.0,1.0,3.0,5.0,1.0,1.0,1.0,1.0,2.0,1.0,2.0,1.0,1.0,1.0,3.0,3.0,3.0,2.0,0.0,1.0,1.0,3.0,0,0,1.5,1,4,Medio
1.0,2.0,1.0,1.0,1.0,1.0,4.0,1.0,1.0,1.0,2.0,2.0,1.0,2.0,1.0,1.0,1.0,2.0,2.0,3.0,2.0,0.0,2.0,0.0,2.0,0,0,1.0,1,4,Medio
1.0,2.0,1.0,1.0,1.0,1.0,3.0,1.0,1.0,1.0,2.0,1.0,1.0,3.0,3.0,1.0,1.0,4.0,3.0,5.0,2.0,0.0,2.0,0.0,1.0,0,0,1.0,1,6,Medio
1.0,7.0,1.0,1.0,1.0,2.0,4.0,1.0,1.0,1.0,2.0,1.0,1.0,4.0,2.0,1.0,1.0,1.0,4.0,4.0,2.0,0.0,2.0,0.0,2.0,0,0,1.0,1,8,Alto
2.0,2.0,1.0,2.0,1.0,1.0,1.0,5.0,3.0,4.0,3.0,5.0,2.0,1.0,1.0,3.0,0.0,1.0,1.0,1.0,2.0,0.0,2.0,0.0,1.0,0,1,1.0,0,1,Bajo
1.0,8.0,1.0,1.0,1.0,2.0,4.0,4.0,1.0,1.0,1.0,2.0,1.0,4.0,4.0,1.0,2.0,1.0,5.0,4.0,2.0,0.0,2.0,0.0,1.25,0,0,1.25,1,10,Alto
1.0,7.0,4.0,1.0,1.0,2.0,4.0,1.0,1.0,1.0,1.0,2.0,1.0,2.0,2.0,2.0,2.0,4.0,5.0,4.0,2.0,0.0,1.0,1.0,2.5,0,0,2.5,1,7,Alto
2.0,5.0,1.0,2.0,2.0,4.0,1.0,3.0,3.0,5.0,3.0,5.0,1.0,1.0,1.0,3.0,0.0,1.0,7.0,4.0,1.0,2.0,2.0,0.0,7.0,1,1,7.0,0,1,Bajo
1.0,4.0,1.0,1.0,1.0,1.0,5.0,9.0,3.0,5.0,1.0,2.0,2.0,1.0,1.0,3.0,0.0,1.0,1.0,1.0,2.0,0.0,2.0,0.0,1.0,0,1,1.0,1,2,Bajo
2.0,5.0,1.0,2.0,1.0,1.0,5.0,1.0,1.0,1.0,3.0,5.0,1.0,1.0,1.0,3.0,0.0,1.0,2.0,3.0,1.0,3.0,2.0,0.0,2.0,0,1,2.0,0,1,Bajo
1.0,8.0,4.0,1.0,1.0,2.0,5.0,1.0,1.0,1.0,8.0,2.0,2.0,1.0,1.0,2.0,2.0,4.0,1.0,1.0,2.0,0.0,2.0,0.0,1.0,0,0,1.0,1,5,Medio
1.0,7.0,1.0,1.0,1.0,1.0,5.0,1.0,1.0,1.0,2.0,2.0,1.0,1.0,1.0,1.0,1.0,1.0,1.0,1.0,2.0,0.0,2.0,0.0,1.0,0,0,1.0,1,6,Medio
1.0,2.0,3.0,1.0,1.0,1.0,3.0,1.0,1.0,1.0,2.0,1.0,1.0,3.0,2.0,1.0,1.0,1.0,5.0,4.0,1.0,1.0,2.0,0.0,2.5,0,0,1.6666666,1,10,Alto
1.0,2.0,4.0,1.0,2.0,1.0,5.0,1.0,2.0,1.0,1.0,2.0,2.0,1.0,1.0,2.0,1.0,4.0,2.0,5.0,2.0,0.0,2.0,0.0,2.0,0,0,2.0,0,1,Bajo
2.0,2.0,1.0,1.0,2.0,1.0,5.0,1.0,2.0,1.0,1.0,5.0,1.0,2.0,2.0,3.0,0.0,1.0,2.0,5.0,2.0,0.0,2.0,0.0,1.0,0,1,1.0,1,3,Bajo
2.0,5.0,1.0,2.0,2.0,1.0,1.0,2.0,3.0,1.0,3.0,4.0,1.0,2.0,1.0,3.0,0.0,1.0,1.0,1.0,2.0,0.0,2.0,0.0,1.0,0,1,0.5,0,2,Bajo
1.0,4.0,3.0,1.0,1.0,3.0,4.0,1.0,1.0,1.0,2.0,2.0,1.0,3.0,2.0,1.0,1.0,4.0,3.0,3.0,2.0,0.0,2.0,0.0,1.5,0,0,1.0,1,9,Alto
1.0,2.0,1.0,1.0,1.0,1.0,3.0,1.0,1.0,1.0,1.0,2.0,1.0,5.0,3.0,2.0,1.0,1.0,1.0,1.0,2.0,0.0,2.0,0.0,0.33333334,0,0,0.2,1,7,Alto
2.0,5.0,2.0,4.0,2.0,1.0,1.0,7.0,3.0,5.0,3.0,5.0,2.0,1.0,0.0,3.0,0.0,1.0,1.0,1.0,2.0,0.0,2.0,0.0,1.0,0,1,1.0,0,0,Bajo
2.0,7.0,1.0,5.0,2.0,1.0,5.0,2.0,3.0,1.0,1.0,5.0,1.0,2.0,2.0,1.0,3.0,1.0,3.0,3.0,2.0,0.0,2.0,0.0,1.5,0,0,1.5,1,6,Medio
1.0,7.0,1.0,1.0,1.0,3.0,4.0,2.0,3.0,1.0,2.0,2.0,1.0,2.0,2.0,1.0,3.0,1.0,2.0,2.0,2.0,0.0,2.0,0.0,1.0,0,0,1.0,0,3,Bajo
2.0,5.0,1.0,1.0,1.0,3.0,5.0,9.0,3.0,1.0,3.0,5.0,2.0,2.0,1.0,3.0,0.0,1.0,1.0,1.0,2.0,0.0,2.0,0.0,1.0,0,1,0.5,0,0,Bajo
2.0,7.0,1.0,3.0,2.0,4.0,1.0,6.0,2.0,3.0,3.0,5.0,2.0,1.0,1.0,1.0,3.0,1.0,1.0,1.0,2.0,0.0,2.0,0.0,1.0,0,1,1.0,0,2,Bajo
1.0,6.0,1.0,1.0,1.0,3.0,4.0,1.0,1.0,1.0,8.0,2.0,1.0,1.0,1.0,1.0,1.0,5.0,1.0,1.0,2.0,0.0,2.0,0.0,1.0,0,0,1.0,1,5,Medio
2.0,6.0,1.0,2.0,1.0,2.0,5.0,1.0,1.0,1.0,2.0,6.0,1.0,5.0,5.0,1.0,3.0,1.0,6.0,4.0,2.0,0.0,2.0,0.0,1.2,0,0,1.2,1,2,Bajo
1.0,6.0,1.0,1.0,2.0,1.0,4.0,2.0,3.0,1.0,2.0,1.0,2.0,3.0,3.0,2.0,1.0,1.0,4.0,4.0,2.0,0.0,2.0,0.0,1.3333334,0,0,1.3333334,1,4,Medio
1.0,4.0,1.0,1.0,1.0,1.0,4.0,1.0,1.0,1.0,2.0,2.0,1.0,4.0,3.0,1.0,1.0,1.0,3.0,3.0,2.0,0.0,2.0,0.0,1.0,0,0,0.75,1,7,Alto
1.0,2.0,3.0,1.0,1.0,3.0,4.0,1.0,1.0,1.0,2.0,1.0,1.0,8.0,4.0,1.0,1.0,1.0,1.0,1.0,2.0,0.0,2.0,0.0,0.25,0,0,0.125,1,11,Alto
1.0,2.0,1.0,1.0,1.0,3.0,5.0,1.0,1.0,1.0,1.0,2.0,1.0,2.0,2.0,2.0,1.0,3.0,5.0,4.0,2.0,0.0,2.0,0.0,2.5,0,0,2.5,1,5,Medio
1.0,1.0,1.0,1.0,1.0,3.0,4.0,8.0,3.0,1.0,1.0,2.0,1.0,5.0,5.0,1.0,3.0,1.0,6.0,4.0,2.0,0.0,1.0,1.0,1.2,0,1,1.2,1,4,Medio
1.0,7.0,1.0,1.0,1.0,1.0,4.0,1.0,1.0,1.0,1.0,2.0,1.0,1.0,1.0,1.0,1.0,4.0,1.0,1.0,2.0,0.0,2.0,0.0,1.0,0,0,1.0,0,1,Bajo
1.0,1.0,1.0,2.0,1.0,2.0,4.0,1.0,1.0,1.0,1.0,1.0,1.0,7.0,4.0,1.0,1.0,1.0,4.0,4.0,2.0,0.0,2.0,0.0,1.0,0,0,0.5714286,1,9,Alto
1.0,3.0,1.0,1.0,1.0,3.0,5.0,1.0,1.0,1.0,1.0,2.0,1.0,1.0,1.0,1.0,1.0,4.0,1.0,1.0,2.0,0.0,2.0,0.0,1.0,0,0,1.0,1,2,Bajo
1.0,4.0,1.0,1.0,1.0,1.0,5.0,1.0,1.0,1.0,1.0,2.0,2.0,2.0,1.0,1.0,2.0,1.0,4.0,3.0,2.0,0.0,2.0,0.0,4.0,1,0,2.0,1,5,Medio
1.0,2.0,1.0,1.0,1.0,1.0,5.0,1.0,1.0,1.0,2.0,2.0,1.0,4.0,3.0,1.0,1.0,1.0,3.0,5.0,2.0,0.0,2.0,0.0,1.0,0,0,0.75,1,8,Alto
1.0,6.0,3.0,1.0,1.0,1.0,4.0,1.0,1.0,1.0,1.0,2.0,1.0,2.0,2.0,1.0,1.0,1.0,3.0,5.0,2.0,0.0,2.0,0.0,1.5,0,0,1.5,0,4,Medio
1.0,2.0,1.0,1.0,1.0,1.0,5.0,1.0,1.0,1.0,1.0,2.0,1.0,2.0,2.0,1.0,1.0,1.0,1.0,1.0,2.0,0.0,2.0,0.0,0.5,0,0,0.5,1,5,Medio
1.0,7.0,1.0,1.0,1.0,2.0,4.0,1.0,1.0,1.0,1.0,2.0,1.0,2.0,2.0,1.0,1.0,5.0,2.0,3.0,2.0,0.0,2.0,0.0,1.0,0,0,1.0,1,12,Alto
1.0,7.0,1.0,5.0,2.0,1.0,1.0,5.0,3.0,5.0,3.0,5.0,1.0,1.0,1.0,2.0,3.0,1.0,5.0,5.0,2.0,0.0,2.0,0.0,5.0,1,1,5.0,0,1,Bajo
1.0,3.0,1.0,1.0,1.0,1.0,5.0,1.0,2.0,1.0,1.0,2.0,1.0,4.0,3.0,1.0,1.0,1.0,1.0,1.0,2.0,0.0,1.0,1.0,0.33333334,0,0,0.25,1,3,Bajo
2.0,5.0,1.0,2.0,1.0,1.0,5.0,1.0,2.0,1.0,3.0,5.0,1.0,2.0,2.0,1.0,3.0,1.0,7.0,4.0,2.0,0.0,2.0,0.0,3.5,1,0,3.5,1,9,Alto
1.0,7.0,1.0,1.0,1.0,2.0,4.0,1.0,1.0,1.0,1.0,2.0,1.0,2.0,2.0,1.0,1.0,4.0,2.0,3.0,2.0,0.0,2.0,0.0,1.0,0,0,1.0,0,0,Bajo
2.0,9.0,1.0,5.0,2.0,1.0,1.0,5.0,3.0,1.0,1.0,5.0,1.0,2.0,1.0,1.0,3.0,1.0,5.0,5.0,2.0,0.0,2.0,0.0,5.0,1,1,2.5,1,4,Medio
1.0,7.0,1.0,1.0,1.0,2.0,5.0,1.0,1.0,1.0,1.0,2.0,1.0,3.0,1.0,1.0,2.0,3.0,2.0,2.0,2.0,0.0,2.0,0.0,2.0,0,0,0.6666667,1,5,Medio
1.0,7.0,4.0,1.0,1.0,2.0,5.0,1.0,1.0,1.0,1.0,2.0,2.0,1.0,1.0,2.0,1.0,1.0,1.0,1.0,2.0,0.0,2.0,0.0,1.0,0,0,1.0,1,4,Medio
1.0,2.0,1.0,1.0,2.0,1.0,5.0,1.0,1.0,1.0,1.0,1.0,1.0,1.0,1.0,1.0,1.0,2.0,4.0,4.0,2.0,0.0,2.0,0.0,4.0,1,0,4.0,1,7,Alto
1.0,7.0,1.0,1.0,1.0,1.0,5.0,1.0,2.0,1.0,1.0,2.0,1.0,2.0,2.0,1.0,4.0,5.0,3.0,3.0,2.0,0.0,2.0,0.0,1.5,0,0,1.5,1,6,Medio
2.0,3.0,1.0,5.0,2.0,1.0,1.0,7.0,3.0,5.0,3.0,5.0,2.0,1.0,1.0,3.0,0.0,1.0,2.0,3.0,2.0,0.0,2.0,0.0,2.0,0,1,2.0,1,3,Bajo
1.0,2.0,1.0,1.0,1.0,1.0,5.0,1.0,2.0,1.0,1.0,1.0,1.0,1.0,1.0,1.0,3.0,1.0,2.0,3.0,2.0,0.0,2.0,0.0,2.0,0,0,2.0,1,3,Bajo
1.0,2.0,1.0,1.0,1.0,1.0,7.0,1.0,1.0,1.0,1.0,1.0,1.0,6.0,3.0,1.0,1.0,1.0,7.0,5.0,2.0,0.0,2.0,0.0,2.3333333,0,0,1.1666666,1,5,Medio
1.0,7.0,1.0,1.0,1.0,2.0,4.0,1.0,2.0,1.0,2.0,2.0,1.0,4.0,3.0,1.0,1.0,2.0,3.0,4.0,2.0,0.0,2.0,0.0,1.0,0,0,0.75,1,10,Alto
1.0,7.0,1.0,1.0,1.0,2.0,4.0,1.0,1.0,1.0,1.0,2.0,1.0,3.0,3.0,1.0,3.0,1.0,5.0,4.0,1.0,1.0,2.0,0.0,1.6666666,0,0,1.6666666,1,5,Medio
1.0,2.0,1.0,7.0,2.0,1.0,5.0,4.0,1.0,1.0,1.0,7.0,1.0,1.0,1.0,1.0,1.0,2.0,1.0,1.0,2.0,0.0,2.0,0.0,1.0,0,0,1.0,1,1,Bajo
2.0,2.0,1.0,1.0,1.0,1.0,5.0,5.0,2.0,1.0,1.0,5.0,2.0,1.0,1.0,1.0,3.0,4.0,1.0,1.0,2.0,0.0,2.0,0.0,1.0,0,1,1.0,0,4,Medio
2.0,2.0,1.0,2.0,2.0,4.0,1.0,5.0,3.0,5.0,4.0,5.0,2.0,1.0,0.0,3.0,0.0,1.0,1.0,1.0,2.0,0.0,2.0,0.0,1.0,0,1,1.0,0,2,Bajo
1.0,7.0,1.0,1.0,1.0,1.0,5.0,1.0,1.0,1.0,1.0,2.0,1.0,1.0,1.0,2.0,1.0,3.0,1.0,1.0,2.0,0.0,2.0,0.0,1.0,0,0,1.0,0,3,Bajo
1.0,3.0,4.0,1.0,1.0,1.0,4.0,1.0,1.0,1.0,1.0,2.0,1.0,1.0,1.0,2.0,3.0,4.0,2.0,2.0,2.0,0.0,2.0,0.0,2.0,0,0,2.0,1,1,Bajo
1.0,3.0,3.0,1.0,1.0,1.0,8.0,1.0,1.0,1.0,2.0,2.0,1.0,3.0,3.0,1.0,1.0,5.0,3.0,3.0,1.0,1.0,2.0,0.0,1.0,0,0,1.0,1,9,Alto
1.0,2.0,3.0,1.0,1.0,1.0,4.0,1.0,1.0,1.0,2.0,2.0,1.0,3.0,3.0,1.0,1.0,2.0,6.0,5.0,2.0,0.0,2.0,0.0,2.0,0,0,2.0,1,8,Alto
1.0,7.0,1.0,1.0,1.0,2.0,5.0,1.0,2.0,1.0,2.0,2.0,1.0,2.0,2.0,1.0,2.0,1.0,3.0,4.0,2.0,0.0,2.0,0.0,1.5,0,0,1.5,1,3,Bajo
1.0,2.0,2.0,7.0,2.0,5.0,1.0,9.0,3.0,5.0,1.0,4.0,2.0,1.0,1.0,3.0,0.0,1.0,4.0,4.0,2.0,0.0,2.0,0.0,4.0,1,1,4.0,0,2,Bajo
1.0,3.0,5.0,7.0,2.0,5.0,9.0,8.0,3.0,5.0,3.0,1.0,2.0,1.0,0.0,3.0,0.0,1.0,1.0,1.0,2.0,0.0,1.0,1.0,1.0,0,1,1.0,1,2,Bajo
2.0,6.0,1.0,1.0,1.0,2.0,4.0,1.0,2.0,1.0,3.0,6.0,1.0,5.0,3.0,1.0,2.0,1.0,4.0,4.0,2.0,0.0,2.0,0.0,1.3333334,0,0,0.8,1,4,Medio
1.0,7.0,1.0,1.0,1.0,1.0,5.0,5.0,3.0,1.0,3.0,5.0,1.0,2.0,2.0,1.0,6.0,1.0,1.0,1.0,2.0,0.0,2.0,0.0,0.5,0,1,0.5,0,2,Bajo
1.0,4.0,1.0,1.0,1.0,1.0,5.0,1.0,1.0,1.0,1.0,2.0,1.0,1.0,1.0,2.0,1.0,3.0,4.0,4.0,2.0,0.0,2.0,0.0,4.0,1,0,4.0,1,2,Bajo
2.0,2.0,1.0,1.0,1.0,1.0,5.0,5.0,3.0,1.0,1.0,7.0,2.0,1.0,1.0,3.0,0.0,1.0,2.0,3.0,2.0,0.0,2.0,0.0,2.0,0,1,2.0,1,7,Alto
1.0,7.0,1.0,1.0,1.0,1.0,4.0,1.0,1.0,1.0,5.0,1.0,1.0,5.0,4.0,1.0,1.0,1.0,4.0,4.0,2.0,0.0,2.0,0.0,1.0,0,0,0.8,1,12,Alto
2.0,4.0,1.0,1.0,1.0,1.0,5.0,4.0,1.0,1.0,1.0,7.0,1.0,7.0,3.0,1.0,3.0,1.0,1.0,1.0,2.0,0.0,2.0,0.0,0.33333334,0,0,0.14285715,1,5,Medio
1.0,8.0,1.0,1.0,2.0,1.0,7.0,1.0,1.0,1.0,1.0,1.0,1.0,3.0,3.0,1.0,1.0,1.0,2.0,3.0,2.0,0.0,2.0,0.0,0.6666667,0,0,0.6666667,0,3,Bajo
2.0,2.0,1.0,1.0,1.0,1.0,5.0,1.0,2.0,1.0,1.0,5.0,1.0,3.0,2.0,1.0,3.0,1.0,4.0,3.0,2.0,0.0,2.0,0.0,2.0,0,0,1.3333334,1,8,Alto
2.0,3.0,1.0,1.0,1.0,1.0,4.0,2.0,3.0,1.0,1.0,5.0,2.0,3.0,3.0,1.0,3.0,1.0,4.0,6.0,1.0,1.0,2.0,0.0,1.3333334,0,0,1.3333334,1,4,Medio
2.0,2.0,1.0,2.0,1.0,1.0,5.0,1.0,2.0,1.0,1.0,5.0,2.0,1.0,1.0,2.0,3.0,1.0,1.0,1.0,2.0,0.0,2.0,0.0,1.0,0,0,1.0,1,2,Bajo
1.0,2.0,3.0,1.0,1.0,3.0,8.0,1.0,1.0,1.0,2.0,1.0,1.0,2.0,1.0,1.0,1.0,3.0,1.0,1.0,2.0,0.0,2.0,0.0,1.0,0,0,0.5,1,8,Alto
1.0,7.0,4.0,1.0,1.0,2.0,4.0,1.0,2.0,1.0,8.0,2.0,2.0,1.0,1.0,2.0,1.0,4.0,1.0,1.0,2.0,0.0,2.0,0.0,1.0,0,0,1.0,1,3,Bajo
2.0,7.0,1.0,2.0,1.0,2.0,5.0,5.0,3.0,1.0,3.0,3.0,2.0,2.0,2.0,3.0,0.0,1.0,3.0,4.0,2.0,0.0,2.0,0.0,1.5,0,1,1.5,0,1,Bajo
1.0,3.0,1.0,1.0,1.0,1.0,6.0,1.0,1.0,1.0,1.0,2.0,2.0,2.0,2.0,1.0,1.0,1.0,3.0,3.0,2.0,0.0,2.0,0.0,1.5,0,0,1.5,1,5,Medio
1.0,5.0,1.0,2.0,1.0,1.0,5.0,2.0,3.0,1.0,1.0,5.0,1.0,1.0,1.0,3.0,0.0,1.0,4.0,3.0,2.0,0.0,2.0,0.0,4.0,1,1,4.0,1,4,Medio
2.0,5.0,1.0,2.0,2.0,4.0,1.0,7.0,3.0,1.0,3.0,5.0,1.0,1.0,1.0,3.0,0.0,1.0,4.0,4.0,2.0,0.0,1.0,1.0,4.0,1,1,4.0,1,1,Bajo
1.0,4.0,4.0,1.0,1.0,1.0,4.0,1.0,1.0,1.0,1.0,2.0,1.0,4.0,4.0,2.0,1.0,1.0,5.0,5.0,2.0,0.0,2.0,0.0,1.25,0,0,1.25,1,9,Alto
2.0,6.0,1.0,1.0,1.0,1.0,5.0,1.0,2.0,1.0,3.0,5.0,1.0,3.0,3.0,1.0,3.0,1.0,6.0,4.0,2.0,0.0,2.0,0.0,2.0,0,0,2.0,1,5,Medio
1.0,2.0,3.0,1.0,1.0,1.0,4.0,1.0,1.0,1.0,1.0,2.0,1.0,2.0,1.0,1.0,1.0,5.0,1.0,1.0,2.0,0.0,2.0,0.0,1.0,0,0,0.5,1,3,Bajo
1.0,3.0,1.0,1.0,1.0,3.0,5.0,8.0,3.0,1.0,2.0,2.0,1.0,2.0,1.0,1.0,4.0,2.0,3.0,4.0,2.0,0.0,2.0,0.0,3.0,0,1,1.5,1,5,Medio
2.0,3.0,1.0,2.0,2.0,1.0,1.0,1.0,1.0,5.0,1.0,5.0,2.0,2.0,1.0,1.0,1.0,1.0,1.0,1.0,2.0,0.0,2.0,0.0,1.0,0,1,0.5,1,2,Bajo
1.0,3.0,4.0,1.0,1.0,2.0,5.0,1.0,2.0,1.0,1.0,5.0,2.0,1.0,1.0,2.0,1.0,4.0,3.0,3.0,2.0,0.0,1.0,1.0,3.0,0,0,3.0,1,4,Medio
1.0,7.0,1.0,1.0,1.0,1.0,5.0,1.0,1.0,1.0,1.0,1.0,1.0,1.0,1.0,1.0,3.0,1.0,7.0,5.0,2.0,0.0,2.0,0.0,7.0,1,0,7.0,1,11,Alto
1.0,7.0,1.0,1.0,1.0,2.0,4.0,1.0,1.0,1.0,1.0,2.0,1.0,2.0,2.0,1.0,3.0,5.0,6.0,5.0,2.0,0.0,2.0,0.0,3.0,0,0,3.0,1,8,Alto
2.0,3.0,1.0,1.0,2.0,3.0,5.0,1.0,2.0,1.0,1.0,2.0,1.0,2.0,2.0,1.0,2.0,2.0,3.0,4.0,2.0,0.0,2.0,0.0,1.5,0,0,1.5,1,7,Alto
1.0,8.0,4.0,3.0,2.0,1.0,1.0,1.0,1.0,1.0,1.0,1.0,1.0,1.0,1.0,2.0,2.0,4.0,4.0,4.0,2.0,0.0,2.0,0.0,4.0,1,0,4.0,1,3,Bajo
2.0,3.0,1.0,2.0,2.0,1.0,1.0,6.0,2.0,1.0,3.0,5.0,1.0,1.0,1.0,3.0,0.0,1.0,2.0,3.0,2.0,0.0,2.0,0.0,2.0,0,1,2.0,0,2,Bajo
2.0,2.0,1.0,5.0,2.0,1.0,1.0,3.0,3.0,5.0,3.0,5.0,1.0,1.0,1.0,1.0,3.0,1.0,4.0,5.0,2.0,0.0,2.0,0.0,4.0,1,1,4.0,0,0,Bajo
2.0,2.0,1.0,5.0,2.0,1.0,1.0,1.0,2.0,5.0,3.0,5.0,1.0,1.0,1.0,3.0,0.0,1.0,2.0,2.0,2.0,0.0,2.0,0.0,2.0,0,1,2.0,0,1,Bajo
1.0,2.0,1.0,1.0,1.0,1.0,5.0,1.0,1.0,1.0,1.0,2.0,1.0,2.0,1.0,1.0,1.0,1.0,2.0,2.0,2.0,0.0,1.0,1.0,2.0,0,0,1.0,0,6,Medio
2.0,2.0,1.0,2.0,1.0,1.0,1.0,5.0,3.0,1.0,3.0,5.0,1.0,1.0,1.0,2.0,3.0,1.0,1.0,1.0,2.0,0.0,2.0,0.0,1.0,0,1,1.0,0,2,Bajo
2.0,2.0,1.0,2.0,2.0,1.0,1.0,1.0,1.0,1.0,1.0,5.0,1.0,1.0,1.0,1.0,1.0,1.0,1.0,1.0,1.0,1.0,1.0,1.0,1.0,0,0,1.0,1,3,Bajo
1.0,1.0,1.0,1.0,1.0,3.0,5.0,1.0,1.0,1.0,1.0,5.0,1.0,1.0,1.0,3.0,0.0,2.0,3.0,5.0,2.0,0.0,2.0,0.0,3.0,0,1,3.0,1,5,Medio
1.0,7.0,1.0,1.0,1.0,2.0,5.0,1.0,1.0,1.0,1.0,2.0,1.0,2.0,2.0,1.0,1.0,2.0,3.0,3.0,2.0,0.0,2.0,0.0,1.5,0,0,1.5,1,6,Medio
1.0,7.0,4.0,1.0,2.0,2.0,5.0,1.0,1.0,1.0,1.0,2.0,1.0,2.0,2.0,2.0,2.0,2.0,4.0,3.0,2.0,0.0,2.0,0.0,2.0,0,0,2.0,1,5,Medio
1.0,7.0,4.0,1.0,1.0,2.0,5.0,1.0,1.0,1.0,1.0,2.0,2.0,1.0,1.0,2.0,2.0,4.0,3.0,4.0,2.0,0.0,2.0,0.0,3.0,0,0,3.0,1,4,Medio
1.0,8.0,1.0,1.0,2.0,1.0,1.0,1.0,1.0,1.0,1.0,2.0,2.0,3.0,3.0,1.0,5.0,1.0,7.0,4.0,2.0,0.0,2.0,0.0,2.3333333,0,0,2.3333333,1,6,Medio
1.0,7.0,1.0,1.0,1.0,1.0,4.0,1.0,1.0,1.0,1.0,5.0,1.0,2.0,2.0,1.0,2.0,2.0,2.0,3.0,2.0,0.0,2.0,0.0,1.0,0,0,1.0,1,8,Alto
1.0,6.0,3.0,1.0,1.0,2.0,4.0,1.0,1.0,1.0,2.0,2.0,1.0,1.0,1.0,1.0,1.0,1.0,1.0,1.0,2.0,0.0,2.0,0.0,1.0,0,0,1.0,1,9,Alto
1.0,2.0,1.0,1.0,1.0,1.0,5.0,2.0,3.0,1.0,1.0,2.0,1.0,3.0,1.0,1.0,1.0,1.0,2.0,2.0,2.0,0.0,2.0,0.0,2.0,0,0,0.6666667,0,3,Bajo
1.0,7.0,1.0,1.0,1.0,2.0,4.0,1.0,1.0,1.0,2.0,1.0,1.0,3.0,2.0,1.0,1.0,4.0,4.0,5.0,2.0,0.0,2.0,0.0,2.0,0,0,1.3333334,1,8,Alto
1.0,2.0,1.0,1.0,2.0,1.0,5.0,1.0,1.0,1.0,1.0,2.0,1.0,3.0,3.0,1.0,1.0,2.0,3.0,3.0,2.0,0.0,2.0,0.0,1.0,0,0,1.0,0,1,Bajo
1.0,2.0,1.0,2.0,1.0,1.0,5.0,1.0,1.0,1.0,2.0,2.0,1.0,4.0,4.0,1.0,1.0,1.0,4.0,4.0,2.0,0.0,2.0,0.0,1.0,0,0,1.0,1,7,Alto
2.0,2.0,1.0,2.0,1.0,1.0,1.0,6.0,2.0,1.0,3.0,5.0,2.0,3.0,3.0,3.0,0.0,1.0,10.0,5.0,2.0,0.0,1.0,1.0,3.3333333,1,1,3.3333333,1,2,Bajo
2.0,4.0,1.0,2.0,1.0,1.0,1.0,1.0,2.0,1.0,3.0,5.0,1.0,2.0,1.0,3.0,0.0,1.0,5.0,5.0,2.0,0.0,2.0,0.0,5.0,1,1,2.5,0,3,Bajo
2.0,3.0,1.0,2.0,1.0,1.0,1.0,7.0,3.0,1.0,3.0,5.0,1.0,1.0,0.0,3.0,0.0,1.0,2.0,3.0,2.0,0.0,2.0,0.0,2.0,0,1,2.0,0,1,Bajo
1.0,7.0,1.0,1.0,1.0,2.0,4.0,1.0,1.0,1.0,2.0,2.0,1.0,6.0,6.0,1.0,2.0,1.0,7.0,5.0,2.0,0.0,2.0,0.0,1.1666666,0,0,1.1666666,1,12,Alto
1.0,2.0,1.0,1.0,1.0,1.0,3.0,1.0,1.0,1.0,2.0,2.0,1.0,5.0,5.0,1.0,1.0,1.0,3.0,5.0,2.0,0.0,2.0,0.0,0.6,0,0,0.6,1,6,Medio
1.0,5.0,1.0,7.0,2.0,1.0,4.0,1.0,2.0,1.0,1.0,2.0,1.0,1.0,1.0,1.0,1.0,3.0,3.0,5.0,2.0,0.0,2.0,0.0,3.0,0,0,3.0,0,3,Bajo
2.0,1.0,1.0,1.0,1.0,2.0,4.0,1.0,2.0,5.0,1.0,5.0,1.0,2.0,1.0,1.0,2.0,1.0,2.0,2.0,2.0,0.0,2.0,0.0,2.0,0,1,1.0,1,2,Bajo
1.0,2.0,1.0,1.0,1.0,4.0,1.0,2.0,3.0,5.0,1.0,2.0,2.0,1.0,1.0,3.0,0.0,1.0,1.0,1.0,2.0,0.0,2.0,0.0,1.0,0,1,1.0,0,3,Bajo
1.0,7.0,4.0,1.0,1.0,2.0,4.0,1.0,1.0,1.0,8.0,2.0,2.0,1.0,1.0,2.0,1.0,3.0,1.0,1.0,2.0,0.0,2.0,0.0,1.0,0,0,1.0,1,1,Bajo
1.0,8.0,1.0,5.0,2.0,1.0,1.0,8.0,1.0,1.0,1.0,2.0,1.0,1.0,1.0,1.0,2.0,3.0,4.0,4.0,2.0,0.0,2.0,0.0,4.0,1,1,4.0,1,5,Medio
2.0,5.0,1.0,2.0,1.0,4.0,1.0,2.0,3.0,4.0,3.0,5.0,1.0,3.0,1.0,3.0,0.0,1.0,3.0,4.0,2.0,0.0,1.0,2.0,3.0,0,1,1.0,0,2,Bajo
2.0,5.0,1.0,2.0,2.0,1.0,1.0,1.0,2.0,5.0,3.0,5.0,1.0,1.0,1.0,3.0,0.0,1.0,2.0,3.0,2.0,0.0,2.0,0.0,2.0,0,1,2.0,0,2,Bajo
1.0,3.0,3.0,1.0,1.0,3.0,3.0,1.0,1.0,1.0,2.0,1.0,1.0,3.0,2.0,1.0,1.0,5.0,2.0,5.0,2.0,0.0,2.0,0.0,1.0,0,0,0.6666667,1,8,Alto
1.0,7.0,1.0,1.0,1.0,2.0,4.0,1.0,1.0,1.0,1.0,2.0,1.0,2.0,2.0,1.0,1.0,1.0,2.0,3.0,2.0,0.0,2.0,0.0,1.0,0,0,1.0,1,3,Bajo
1.0,1.0,4.0,1.0,1.0,2.0,4.0,1.0,1.0,1.0,1.0,1.0,2.0,1.0,1.0,2.0,1.0,4.0,1.0,1.0,2.0,0.0,2.0,0.0,1.0,0,0,1.0,1,4,Medio
1.0,7.0,1.0,1.0,1.0,3.0,4.0,1.0,1.0,1.0,2.0,2.0,1.0,3.0,2.0,1.0,1.0,1.0,2.0,5.0,2.0,0.0,2.0,0.0,1.0,0,0,0.6666667,1,8,Alto
1.0,3.0,1.0,1.0,1.0,1.0,5.0,8.0,3.0,1.0,2.0,5.0,1.0,1.0,1.0,1.0,2.0,4.0,3.0,5.0,2.0,0.0,2.0,0.0,3.0,0,1,3.0,1,3,Bajo
1.0,7.0,1.0,1.0,1.0,2.0,1.0,1.0,1.0,1.0,1.0,2.0,1.0,3.0,2.0,1.0,1.0,3.0,5.0,4.0,2.0,0.0,2.0,0.0,2.5,0,0,1.6666666,1,7,Alto
2.0,5.0,1.0,2.0,1.0,1.0,5.0,1.0,1.0,1.0,2.0,5.0,1.0,1.0,1.0,1.0,1.0,1.0,3.0,4.0,2.0,0.0,2.0,0.0,3.0,0,0,3.0,1,4,Medio
1.0,7.0,3.0,1.0,1.0,1.0,4.0,1.0,1.0,1.0,1.0,2.0,1.0,1.0,1.0,1.0,1.0,5.0,1.0,1.0,2.0,0.0,2.0,0.0,1.0,0,0,1.0,1,9,Alto
1.0,5.0,1.0,1.0,1.0,1.0,4.0,1.0,1.0,1.0,1.0,1.0,1.0,5.0,5.0,1.0,1.0,1.0,1.0,1.0,2.0,0.0,1.0,1.0,0.2,0,0,0.2,1,5,Medio
2.0,2.0,1.0,2.0,2.0,1.0,1.0,9.0,3.0,5.0,7.0,5.0,2.0,1.0,1.0,3.0,0.0,1.0,1.0,1.0,2.0,0.0,2.0,0.0,1.0,0,1,1.0,0,1,Bajo
2.0,6.0,1.0,2.0,1.0,1.0,6.0,1.0,1.0,1.0,1.0,2.0,2.0,2.0,2.0,1.0,3.0,3.0,3.0,4.0,2.0,0.0,2.0,0.0,1.5,0,0,1.5,1,5,Medio
1.0,3.0,1.0,5.0,2.0,1.0,5.0,1.0,2.0,1.0,1.0,5.0,1.0,2.0,2.0,2.0,1.0,1.0,4.0,4.0,1.0,1.0,2.0,0.0,2.0,0,0,2.0,1,6,Medio
2.0,7.0,1.0,1.0,1.0,5.0,4.0,1.0,1.0,1.0,3.0,5.0,1.0,2.0,2.0,1.0,3.0,1.0,1.0,1.0,2.0,0.0,2.0,0.0,0.5,0,0,0.5,1,4,Medio
2.0,2.0,1.0,1.0,1.0,1.0,5.0,2.0,3.0,1.0,8.0,7.0,2.0,4.0,0.0,3.0,0.0,1.0,1.0,1.0,1.0,1.0,2.0,0.0,1.0,0,1,0.25,0,0,Bajo
1.0,7.0,1.0,1.0,1.0,2.0,4.0,1.0,1.0,1.0,1.0,1.0,1.0,2.0,2.0,1.0,2.0,1.0,2.0,2.0,2.0,0.0,2.0,0.0,1.0,0,0,1.0,0,6,Medio
2.0,7.0,1.0,1.0,1.0,1.0,4.0,1.0,1.0,2.0,1.0,5.0,1.0,3.0,3.0,1.0,3.0,1.0,12.0,4.0,2.0,0.0,2.0,0.0,4.0,1,0,4.0,0,1,Bajo
2.0,5.0,1.0,2.0,2.0,4.0,1.0,1.0,2.0,1.0,4.0,3.0,2.0,2.0,2.0,3.0,0.0,1.0,4.0,5.0,2.0,0.0,1.0,1.0,2.0,0,1,2.0,1,2,Bajo
1.0,2.0,1.0,2.0,1.0,1.0,2.0,1.0,1.0,1.0,1.0,2.0,1.0,2.0,1.0,1.0,1.0,1.0,3.0,3.0,2.0,0.0,1.0,1.0,3.0,0,0,1.5,1,6,Medio
1.0,7.0,4.0,1.0,1.0,1.0,5.0,1.0,1.0,1.0,1.0,2.0,1.0,2.0,2.0,2.0,3.0,4.0,4.0,3.0,2.0,0.0,2.0,0.0,2.0,0,0,2.0,1,8,Alto
1.0,2.0,1.0,1.0,1.0,2.0,5.0,1.0,1.0,1.0,2.0,2.0,1.0,2.0,1.0,2.0,1.0,3.0,4.0,4.0,2.0,0.0,2.0,0.0,4.0,1,0,2.0,1,3,Bajo
2.0,2.0,1.0,1.0,1.0,2.0,5.0,6.0,3.0,1.0,1.0,5.0,2.0,1.0,1.0,3.0,0.0,1.0,1.0,1.0,2.0,0.0,2.0,0.0,1.0,0,1,1.0,0,1,Bajo
2.0,5.0,1.0,2.0,1.0,1.0,5.0,7.0,2.0,5.0,3.0,5.0,1.0,2.0,1.0,1.0,3.0,1.0,1.0,1.0,2.0,0.0,2.0,0.0,1.0,0,1,0.5,0,1,Bajo
1.0,7.0,1.0,1.0,1.0,3.0,4.0,1.0,1.0,1.0,1.0,1.0,1.0,2.0,2.0,1.0,3.0,1.0,5.0,4.0,2.0,0.0,2.0,0.0,2.5,0,0,2.5,1,9,Alto
2.0,2.0,2.0,5.0,2.0,1.0,1.0,7.0,3.0,5.0,3.0,6.0,2.0,1.0,1.0,3.0,0.0,1.0,1.0,1.0,2.0,0.0,2.0,0.0,1.0,0,1,1.0,0,1,Bajo
2.0,3.0,1.0,2.0,2.0,4.0,1.0,3.0,3.0,5.0,3.0,5.0,1.0,1.0,1.0,3.0,0.0,1.0,2.0,3.0,2.0,0.0,2.0,0.0,2.0,0,1,2.0,0,0,Bajo
1.0,2.0,1.0,1.0,1.0,1.0,4.0,2.0,3.0,1.0,1.0,1.0,1.0,1.0,1.0,2.0,1.0,5.0,4.0,5.0,2.0,0.0,2.0,0.0,4.0,1,0,4.0,1,3,Bajo
1.0,7.0,1.0,1.0,1.0,2.0,4.0,1.0,1.0,1.0,2.0,2.0,1.0,4.0,2.0,1.0,1.0,1.0,3.0,4.0,2.0,0.0,2.0,0.0,1.5,0,0,0.75,1,9,Alto
1.0,8.0,1.0,5.0,2.0,1.0,1.0,8.0,3.0,5.0,3.0,2.0,1.0,1.0,1.0,1.0,4.0,1.0,6.0,5.0,2.0,0.0,2.0,0.0,6.0,1,1,6.0,1,4,Medio
1.0,9.0,4.0,1.0,1.0,1.0,4.0,1.0,1.0,1.0,1.0,1.0,2.0,1.0,1.0,2.0,2.0,3.0,3.0,4.0,2.0,0.0,2.0,0.0,3.0,0,0,3.0,1,5,Medio
1.0,7.0,1.0,1.0,1.0,2.0,4.0,1.0,2.0,1.0,1.0,2.0,1.0,2.0,2.0,1.0,2.0,5.0,4.0,3.0,2.0,0.0,2.0,0.0,2.0,0,0,2.0,1,5,Medio
2.0,4.0,4.0,1.0,1.0,1.0,1.0,1.0,2.0,1.0,1.0,5.0,2.0,2.0,1.0,3.0,0.0,4.0,2.0,5.0,2.0,0.0,2.0,0.0,2.0,0,1,1.0,0,2,Bajo
1.0,7.0,1.0,1.0,1.0,2.0,5.0,1.0,1.0,1.0,1.0,2.0,1.0,1.0,1.0,1.0,1.0,1.0,1.0,1.0,2.0,0.0,2.0,0.0,1.0,0,0,1.0,0,6,Medio
1.0,1.0,1.0,1.0,1.0,1.0,5.0,1.0,2.0,1.0,3.0,2.0,2.0,2.0,2.0,1.0,1.0,1.0,2.0,3.0,2.0,0.0,1.0,1.0,1.0,0,0,1.0,1,6,Medio
2.0,5.0,1.0,2.0,1.0,1.0,5.0,1.0,2.0,5.0,1.0,6.0,1.0,2.0,1.0,3.0,0.0,1.0,3.0,4.0,2.0,0.0,2.0,0.0,3.0,0,1,1.5,1,5,Medio
2.0,1.0,1.0,2.0,1.0,4.0,1.0,1.0,1.0,1.0,3.0,6.0,1.0,1.0,1.0,1.0,3.0,1.0,4.0,4.0,2.0,0.0,2.0,0.0,4.0,1,0,4.0,1,4,Medio
1.0,7.0,1.0,1.0,1.0,2.0,4.0,1.0,1.0,1.0,1.0,2.0,1.0,3.0,2.0,1.0,3.0,1.0,6.0,6.0,2.0,0.0,2.0,0.0,3.0,0,0,2.0,1,4,Medio
2.0,8.0,1.0,5.0,2.0,1.0,1.0,3.0,3.0,5.0,3.0,5.0,2.0,1.0,1.0,3.0,0.0,1.0,1.0,1.0,2.0,0.0,2.0,0.0,1.0,0,1,1.0,0,1,Bajo
2.0,7.0,1.0,1.0,1.0,2.0,4.0,1.0,1.0,1.0,3.0,3.0,1.0,2.0,2.0,1.0,3.0,1.0,1.0,1.0,1.0,2.0,2.0,0.0,0.5,0,0,0.5,0,2,Bajo
1.0,3.0,1.0,1.0,1.0,1.0,4.0,4.0,1.0,1.0,1.0,2.0,1.0,4.0,2.0,1.0,1.0,1.0,4.0,6.0,2.0,0.0,2.0,0.0,2.0,0,0,1.0,1,10,Alto
1.0,2.0,1.0,1.0,1.0,1.0,5.0,1.0,1.0,1.0,1.0,1.0,1.0,3.0,2.0,1.0,1.0,4.0,2.0,3.0,2.0,0.0,2.0,0.0,1.0,0,0,0.6666667,1,7,Alto
1.0,7.0,1.0,1.0,2.0,1.0,5.0,1.0,1.0,1.0,1.0,2.0,1.0,2.0,1.0,1.0,2.0,1.0,5.0,5.0,2.0,0.0,2.0,0.0,5.0,1,0,2.5,1,5,Medio
2.0,3.0,1.0,2.0,2.0,1.0,1.0,1.0,2.0,5.0,4.0,5.0,1.0,1.0,1.0,3.0,0.0,1.0,2.0,3.0,2.0,0.0,1.0,1.0,2.0,0,1,2.0,0,1,Bajo
2.0,6.0,1.0,2.0,1.0,1.0,5.0,1.0,1.0,1.0,3.0,5.0,2.0,3.0,2.0,1.0,3.0,1.0,6.0,5.0,2.0,0.0,2.0,0.0,3.0,0,0,2.0,1,6,Medio
1.0,2.0,1.0,1.0,2.0,3.0,5.0,1.0,1.0,1.0,2.0,2.0,1.0,2.0,2.0,1.0,1.0,2.0,2.0,3.0,2.0,0.0,2.0,0.0,1.0,0,0,1.0,1,7,Alto
1.0,3.0,4.0,2.0,1.0,1.0,3.0,1.0,1.0,1.0,1.0,2.0,1.0,1.0,1.0,2.0,1.0,4.0,1.0,1.0,2.0,0.0,2.0,0.0,1.0,0,0,1.0,1,3,Bajo
2.0,5.0,1.0,1.0,1.0,1.0,5.0,1.0,1.0,1.0,1.0,3.0,1.0,3.0,2.0,1.0,3.0,1.0,3.0,4.0,2.0,0.0,1.0,1.0,1.5,0,0,1.0,1,2,Bajo
2.0,4.0,1.0,2.0,1.0,1.0,1.0,2.0,3.0,1.0,1.0,5.0,2.0,4.0,2.0,1.0,2.0,1.0,1.0,1.0,1.0,2.0,2.0,0.0,0.5,0,0,0.25,1,5,Medio
1.0,3.0,1.0,1.0,1.0,1.0,5.0,2.0,3.0,1.0,1.0,2.0,1.0,2.0,2.0,1.0,1.0,1.0,6.0,5.0,2.0,0.0,1.0,1.0,3.0,0,0,3.0,0,7,Alto
1.0,7.0,4.0,1.0,1.0,1.0,4.0,1.0,1.0,1.0,1.0,2.0,1.0,3.0,3.0,2.0,1.0,4.0,4.0,3.0,2.0,0.0,2.0,0.0,1.3333334,0,0,1.3333334,1,4,Medio
1.0,3.0,1.0,1.0,1.0,2.0,5.0,1.0,1.0,1.0,2.0,2.0,1.0,2.0,2.0,1.0,1.0,1.0,2.0,3.0,2.0,0.0,2.0,0.0,1.0,0,0,1.0,1,7,Alto
1.0,2.0,1.0,1.0,1.0,1.0,5.0,1.0,2.0,1.0,1.0,3.0,1.0,3.0,2.0,1.0,1.0,1.0,2.0,3.0,2.0,0.0,2.0,0.0,1.0,0,0,0.6666667,1,4,Medio
1.0,5.0,1.0,1.0,1.0,3.0,4.0,1.0,1.0,1.0,2.0,1.0,1.0,2.0,1.0,1.0,1.0,5.0,6.0,5.0,2.0,0.0,2.0,0.0,6.0,1,0,3.0,1,7,Alto
2.0,7.0,1.0,2.0,1.0,2.0,7.0,1.0,2.0,1.0,3.0,5.0,1.0,2.0,2.0,1.0,3.0,1.0,7.0,4.0,2.0,0.0,2.0,0.0,3.5,1,0,3.5,1,2,Bajo
1.0,1.0,1.0,2.0,1.0,2.0,6.0,1.0,1.0,1.0,2.0,1.0,1.0,4.0,3.0,1.0,1.0,3.0,1.0,1.0,2.0,0.0,2.0,0.0,0.33333334,0,0,0.25,1,6,Medio
1.0,2.0,1.0,1.0,1.0,1.0,4.0,1.0,1.0,1.0,1.0,1.0,1.0,1.0,1.0,2.0,1.0,2.0,2.0,2.0,2.0,0.0,2.0,0.0,2.0,0,0,2.0,1,6,Medio
2.0,2.0,1.0,4.0,2.0,1.0,5.0,1.0,1.0,1.0,1.0,3.0,1.0,3.0,2.0,1.0,1.0,1.0,1.0,1.0,2.0,0.0,2.0,0.0,0.5,0,0,0.33333334,1,1,Bajo
1.0,7.0,1.0,1.0,1.0,2.0,4.0,1.0,1.0,1.0,1.0,2.0,1.0,4.0,3.0,1.0,1.0,1.0,2.0,3.0,1.0,1.0,2.0,0.0,0.6666667,0,0,0.5,1,7,Alto
2.0,3.0,2.0,5.0,2.0,1.0,1.0,7.0,3.0,5.0,3.0,5.0,1.0,1.0,1.0,1.0,4.0,1.0,1.0,1.0,2.0,0.0,2.0,0.0,1.0,0,1,1.0,0,1,Bajo
1.0,7.0,1.0,1.0,1.0,1.0,4.0,1.0,1.0,1.0,1.0,2.0,1.0,5.0,3.0,1.0,1.0,1.0,4.0,5.0,1.0,2.0,2.0,0.0,1.3333334,0,0,0.8,1,7,Alto
1.0,7.0,3.0,1.0,1.0,2.0,5.0,1.0,1.0,1.0,1.0,2.0,1.0,1.0,1.0,1.0,2.0,4.0,1.0,1.0,2.0,0.0,2.0,0.0,1.0,0,0,1.0,1,3,Bajo
2.0,3.0,1.0,1.0,2.0,2.0,5.0,1.0,2.0,1.0,1.0,2.0,1.0,4.0,1.0,1.0,3.0,1.0,3.0,5.0,2.0,0.0,2.0,0.0,3.0,0,0,0.75,0,2,Bajo
2.0,1.0,2.0,2.0,2.0,1.0,1.0,7.0,3.0,5.0,3.0,7.0,2.0,1.0,1.0,3.0,0.0,1.0,2.0,3.0,2.0,0.0,2.0,0.0,2.0,0,1,2.0,0,1,Bajo
1.0,7.0,1.0,1.0,1.0,2.0,4.0,1.0,1.0,1.0,1.0,2.0,1.0,2.0,2.0,1.0,3.0,1.0,5.0,4.0,2.0,0.0,2.0,0.0,2.5,0,0,2.5,1,8,Alto
1.0,7.0,1.0,1.0,1.0,1.0,4.0,1.0,1.0,1.0,2.0,2.0,1.0,2.0,1.0,1.0,1.0,1.0,3.0,5.0,2.0,0.0,2.0,0.0,3.0,0,0,1.5,1,5,Medio
2.0,7.0,1.0,1.0,1.0,2.0,7.0,4.0,1.0,1.0,2.0,3.0,1.0,3.0,3.0,1.0,3.0,1.0,3.0,5.0,2.0,0.0,2.0,0.0,1.0,0,0,1.0,0,7,Alto
1.0,7.0,1.0,1.0,1.0,1.0,6.0,1.0,1.0,1.0,2.0,2.0,1.0,5.0,2.0,1.0,1.0,1.0,4.0,5.0,1.0,1.0,2.0,0.0,2.0,0,0,0.8,1,11,Alto
1.0,3.0,1.0,1.0,1.0,1.0,5.0,8.0,1.0,1.0,1.0,2.0,1.0,3.0,3.0,1.0,3.0,2.0,7.0,4.0,2.0,0.0,2.0,0.0,2.3333333,0,1,2.3333333,1,6,Medio
2.0,2.0,1.0,2.0,1.0,1.0,1.0,5.0,3.0,5.0,3.0,5.0,1.0,1.0,1.0,3.0,0.0,1.0,2.0,2.0,2.0,0.0,2.0,0.0,2.0,0,1,2.0,0,1,Bajo
1.0,7.0,1.0,1.0,1.0,1.0,5.0,1.0,1.0,1.0,2.0,2.0,1.0,3.0,3.0,1.0,2.0,1.0,8.0,6.0,2.0,0.0,1.0,1.0,2.6666667,0,0,2.6666667,1,7,Alto
2.0,1.0,1.0,4.0,2.0,4.0,1.0,6.0,3.0,5.0,3.0,5.0,1.0,1.0,1.0,3.0,0.0,1.0,6.0,4.0,1.0,1.0,2.0,0.0,6.0,1,1,6.0,0,1,Bajo
1.0,7.0,1.0,1.0,1.0,2.0,5.0,1.0,1.0,1.0,1.0,2.0,1.0,1.0,1.0,1.0,3.0,1.0,2.0,3.0,2.0,0.0,2.0,0.0,2.0,0,0,2.0,1,7,Alto
1.0,1.0,1.0,2.0,1.0,2.0,1.0,2.0,3.0,1.0,1.0,2.0,1.0,2.0,1.0,1.0,1.0,1.0,2.0,2.0,2.0,0.0,2.0,0.0,2.0,0,0,1.0,1,4,Medio
1.0,2.0,4.0,1.0,1.0,1.0,2.0,1.0,2.0,1.0,8.0,2.0,2.0,1.0,1.0,2.0,1.0,4.0,1.0,1.0,2.0,0.0,2.0,0.0,1.0,0,0,1.0,1,2,Bajo
1.0,2.0,1.0,1.0,1.0,3.0,5.0,1.0,2.0,1.0,1.0,2.0,1.0,3.0,2.0,1.0,1.0,1.0,5.0,4.0,2.0,0.0,2.0,0.0,2.5,0,0,1.6666666,1,6,Medio
2.0,7.0,1.0,2.0,2.0,2.0,5.0,1.0,1.0,1.0,1.0,5.0,1.0,3.0,2.0,1.0,3.0,1.0,6.0,6.0,1.0,1.0,2.0,0.0,3.0,0,0,2.0,1,6,Medio
2.0,2.0,1.0,2.0,1.0,4.0,1.0,7.0,3.0,1.0,4.0,5.0,2.0,2.0,1.0,3.0,0.0,1.0,2.0,5.0,2.0,0.0,2.0,0.0,2.0,0,1,1.0,0,2,Bajo
1.0,3.0,3.0,1.0,1.0,3.0,4.0,1.0,1.0,1.0,2.0,2.0,1.0,4.0,3.0,1.0,1.0,4.0,3.0,5.0,2.0,0.0,2.0,0.0,1.0,0,0,0.75,1,11,Alto
1.0,8.0,1.0,1.0,1.0,2.0,4.0,1.0,1.0,1.0,1.0,1.0,2.0,1.0,1.0,1.0,2.0,1.0,1.0,1.0,2.0,0.0,2.0,0.0,1.0,0,0,1.0,1,6,Medio
2.0,3.0,2.0,7.0,2.0,1.0,1.0,6.0,2.0,5.0,3.0,5.0,2.0,1.0,1.0,1.0,3.0,1.0,1.0,1.0,2.0,0.0,2.0,0.0,1.0,0,1,1.0,1,2,Bajo
1.0,7.0,3.0,1.0,1.0,3.0,4.0,1.0,1.0,1.0,2.0,2.0,1.0,2.0,1.0,1.0,1.0,4.0,3.0,4.0,2.0,0.0,2.0,0.0,3.0,0,0,1.5,1,9,Alto
1.0,4.0,1.0,1.0,1.0,1.0,4.0,1.0,1.0,1.0,2.0,2.0,1.0,6.0,2.0,1.0,1.0,1.0,4.0,6.0,2.0,0.0,2.0,0.0,2.0,0,0,0.6666667,0,3,Bajo
1.0,5.0,1.0,1.0,1.0,3.0,4.0,1.0,1.0,1.0,1.0,2.0,1.0,5.0,4.0,1.0,1.0,1.0,4.0,4.0,2.0,0.0,1.0,1.0,1.0,0,0,0.8,1,4,Medio
2.0,3.0,1.0,5.0,2.0,2.0,1.0,6.0,3.0,1.0,3.0,5.0,1.0,1.0,1.0,3.0,0.0,1.0,1.0,1.0,2.0,0.0,2.0,0.0,1.0,0,1,1.0,0,3,Bajo
1.0,7.0,1.0,1.0,2.0,1.0,9.0,1.0,1.0,1.0,3.0,5.0,2.0,4.0,4.0,1.0,3.0,3.0,7.0,5.0,2.0,0.0,1.0,3.0,1.75,0,0,1.75,1,3,Bajo
1.0,2.0,1.0,1.0,1.0,1.0,4.0,1.0,1.0,1.0,2.0,1.0,1.0,2.0,1.0,1.0,1.0,4.0,3.0,4.0,2.0,0.0,2.0,0.0,3.0,0,0,1.5,1,7,Alto
1.0,3.0,1.0,1.0,1.0,1.0,5.0,8.0,1.0,1.0,1.0,2.0,1.0,2.0,2.0,1.0,1.0,3.0,1.0,1.0,2.0,0.0,2.0,0.0,0.5,0,1,0.5,1,5,Medio
1.0,3.0,1.0,1.0,1.0,2.0,4.0,1.0,1.0,1.0,2.0,2.0,1.0,4.0,1.0,1.0,1.0,1.0,1.0,1.0,2.0,0.0,2.0,0.0,1.0,0,0,0.25,1,9,Alto
1.0,2.0,1.0,5.0,2.0,1.0,1.0,7.0,2.0,5.0,1.0,6.0,2.0,1.0,1.0,3.0,0.0,1.0,2.0,2.0,2.0,0.0,2.0,0.0,2.0,0,1,2.0,1,2,Bajo
1.0,3.0,1.0,1.0,1.0,1.0,4.0,1.0,1.0,1.0,1.0,2.0,1.0,5.0,4.0,1.0,1.0,1.0,4.0,4.0,2.0,0.0,2.0,0.0,1.0,0,0,0.8,1,11,Alto
2.0,6.0,1.0,2.0,1.0,2.0,1.0,7.0,1.0,1.0,3.0,5.0,1.0,2.0,1.0,1.0,3.0,3.0,1.0,1.0,2.0,0.0,2.0,0.0,1.0,0,1,0.5,0,2,Bajo
2.0,3.0,1.0,1.0,2.0,2.0,5.0,1.0,2.0,1.0,1.0,2.0,1.0,2.0,2.0,1.0,3.0,1.0,4.0,5.0,2.0,0.0,2.0,0.0,2.0,0,0,2.0,1,5,Medio
1.0,2.0,1.0,2.0,1.0,1.0,2.0,1.0,1.0,1.0,2.0,1.0,1.0,4.0,3.0,1.0,1.0,1.0,5.0,3.0,2.0,0.0,1.0,1.0,1.6666666,0,0,1.25,1,5,Medio
1.0,2.0,1.0,1.0,1.0,1.0,5.0,1.0,2.0,1.0,2.0,2.0,1.0,6.0,6.0,1.0,1.0,1.0,1.0,1.0,1.0,1.0,2.0,0.0,0.16666667,0,0,0.16666667,1,6,Medio
1.0,2.0,1.0,1.0,1.0,1.0,3.0,1.0,1.0,1.0,2.0,1.0,1.0,2.0,2.0,1.0,1.0,5.0,4.0,6.0,2.0,0.0,2.0,0.0,2.0,0,0,2.0,1,4,Medio
2.0,3.0,4.0,1.0,1.0,1.0,5.0,1.0,2.0,1.0,1.0,2.0,1.0,2.0,2.0,2.0,2.0,4.0,3.0,4.0,2.0,0.0,2.0,0.0,1.5,0,0,1.5,1,3,Bajo
1.0,2.0,1.0,1.0,1.0,1.0,5.0,1.0,1.0,1.0,2.0,2.0,1.0,4.0,1.0,1.0,1.0,1.0,3.0,5.0,2.0,0.0,2.0,0.0,3.0,0,0,0.75,1,6,Medio
1.0,2.0,1.0,1.0,1.0,2.0,3.0,1.0,1.0,1.0,1.0,1.0,1.0,7.0,3.0,1.0,1.0,1.0,2.0,3.0,1.0,1.0,2.0,0.0,0.6666667,0,0,0.2857143,1,8,Alto
1.0,7.0,4.0,1.0,1.0,2.0,4.0,1.0,1.0,1.0,1.0,1.0,2.0,1.0,1.0,3.0,0.0,4.0,1.0,1.0,2.0,0.0,2.0,0.0,1.0,0,1,1.0,1,3,Bajo
1.0,3.0,1.0,1.0,1.0,2.0,5.0,1.0,1.0,1.0,1.0,2.0,1.0,4.0,4.0,1.0,1.0,4.0,6.0,4.0,2.0,0.0,2.0,0.0,1.5,0,0,1.5,1,8,Alto
1.0,7.0,1.0,1.0,1.0,2.0,4.0,1.0,1.0,1.0,1.0,2.0,1.0,3.0,3.0,1.0,3.0,4.0,4.0,4.0,2.0,0.0,2.0,0.0,1.3333334,0,0,1.3333334,1,8,Alto
1.0,4.0,1.0,1.0,1.0,1.0,5.0,1.0,2.0,1.0,2.0,2.0,1.0,1.0,1.0,1.0,3.0,4.0,1.0,1.0,2.0,0.0,2.0,0.0,1.0,0,0,1.0,1,6,Medio
2.0,3.0,1.0,5.0,2.0,1.0,1.0,2.0,3.0,4.0,1.0,5.0,2.0,1.0,1.0,1.0,3.0,1.0,2.0,3.0,2.0,0.0,2.0,0.0,2.0,0,0,2.0,1,5,Medio
2.0,3.0,1.0,2.0,1.0,1.0,1.0,2.0,3.0,1.0,1.0,5.0,1.0,2.0,1.0,3.0,0.0,1.0,2.0,3.0,2.0,0.0,2.0,0.0,2.0,0,1,1.0,0,1,Bajo
1.0,3.0,1.0,1.0,1.0,2.0,4.0,1.0,1.0,1.0,2.0,1.0,1.0,4.0,3.0,1.0,1.0,1.0,3.0,5.0,1.0,2.0,2.0,0.0,1.0,0,0,0.75,1,11,Alto
2.0,3.0,1.0,5.0,2.0,1.0,1.0,5.0,3.0,5.0,3.0,5.0,2.0,1.0,1.0,3.0,0.0,1.0,1.0,1.0,2.0,0.0,2.0,0.0,1.0,0,1,1.0,0,4,Medio
2.0,6.0,1.0,2.0,2.0,2.0,1.0,3.0,3.0,5.0,3.0,5.0,1.0,1.0,1.0,3.0,0.0,1.0,1.0,1.0,2.0,0.0,2.0,0.0,1.0,0,1,1.0,0,1,Bajo
1.0,3.0,4.0,1.0,1.0,1.0,4.0,8.0,3.0,1.0,2.0,2.0,1.0,4.0,4.0,2.0,1.0,3.0,3.0,5.0,2.0,0.0,2.0,0.0,0.75,0,1,0.75,1,3,Bajo
1.0,3.0,3.0,1.0,1.0,3.0,4.0,1.0,1.0,1.0,2.0,2.0,1.0,4.0,4.0,1.0,1.0,1.0,1.0,1.0,2.0,0.0,2.0,0.0,0.25,0,0,0.25,1,11,Alto
1.0,4.0,1.0,1.0,1.0,1.0,5.0,1.0,1.0,1.0,1.0,2.0,1.0,5.0,5.0,1.0,1.0,1.0,6.0,5.0,2.0,0.0,2.0,0.0,1.2,0,0,1.2,1,6,Medio
1.0,5.0,1.0,1.0,1.0,1.0,5.0,1.0,1.0,1.0,1.0,2.0,1.0,3.0,3.0,1.0,1.0,1.0,2.0,3.0,2.0,0.0,2.0,0.0,0.6666667,0,0,0.6666667,1,6,Medio
2.0,4.0,1.0,2.0,2.0,4.0,1.0,7.0,3.0,1.0,3.0,5.0,1.0,2.0,1.0,3.0,0.0,1.0,5.0,4.0,2.0,0.0,2.0,0.0,5.0,1,1,2.5,1,1,Bajo
2.0,2.0,1.0,2.0,1.0,1.0,5.0,4.0,3.0,1.0,1.0,5.0,1.0,1.0,1.0,2.0,3.0,1.0,3.0,3.0,1.0,2.0,2.0,0.0,3.0,0,0,3.0,0,3,Bajo
1.0,2.0,4.0,2.0,1.0,1.0,5.0,1.0,1.0,1.0,1.0,1.0,2.0,1.0,1.0,2.0,1.0,1.0,3.0,3.0,2.0,0.0,2.0,0.0,3.0,0,0,3.0,1,3,Bajo
2.0,3.0,1.0,1.0,1.0,2.0,4.0,1.0,1.0,1.0,1.0,2.0,1.0,3.0,2.0,1.0,1.0,1.0,1.0,8.0,2.0,0.0,2.0,0.0,0.5,0,0,0.33333334,1,7,Alto
2.0,6.0,1.0,2.0,1.0,1.0,1.0,1.0,2.0,1.0,3.0,3.0,1.0,3.0,3.0,1.0,4.0,1.0,2.0,2.0,2.0,0.0,2.0,0.0,0.6666667,0,0,0.6666667,1,6,Medio
1.0,3.0,1.0,1.0,2.0,3.0,5.0,1.0,2.0,1.0,1.0,2.0,1.0,3.0,3.0,1.0,1.0,2.0,3.0,3.0,2.0,0.0,2.0,0.0,1.0,0,0,1.0,1,9,Alto
1.0,4.0,3.0,1.0,1.0,1.0,4.0,1.0,1.0,1.0,2.0,2.0,1.0,8.0,5.0,1.0,1.0,2.0,8.0,5.0,2.0,0.0,1.0,1.0,1.6,0,0,1.0,1,11,Alto
1.0,1.0,1.0,1.0,1.0,2.0,4.0,1.0,1.0,1.0,1.0,2.0,1.0,1.0,1.0,1.0,1.0,2.0,2.0,5.0,2.0,0.0,2.0,0.0,2.0,0,0,2.0,0,1,Bajo
1.0,1.0,1.0,2.0,1.0,2.0,4.0,1.0,1.0,1.0,2.0,2.0,1.0,4.0,3.0,1.0,1.0,4.0,3.0,3.0,2.0,0.0,2.0,0.0,1.0,0,0,0.75,1,10,Alto
1.0,3.0,1.0,1.0,2.0,3.0,4.0,1.0,2.0,1.0,1.0,2.0,1.0,2.0,1.0,1.0,3.0,1.0,4.0,4.0,2.0,0.0,2.0,0.0,4.0,1,0,2.0,1,6,Medio
1.0,8.0,1.0,1.0,1.0,2.0,2.0,5.0,1.0,1.0,1.0,1.0,1.0,4.0,4.0,1.0,1.0,1.0,1.0,1.0,1.0,1.0,1.0,1.0,0.25,0,1,0.25,1,6,Medio
1.0,2.0,1.0,2.0,1.0,1.0,3.0,1.0,1.0,1.0,2.0,1.0,1.0,8.0,3.0,1.0,1.0,1.0,3.0,5.0,1.0,1.0,2.0,0.0,1.0,0,0,0.375,1,7,Alto
1.0,7.0,1.0,5.0,2.0,1.0,1.0,4.0,3.0,1.0,1.0,5.0,1.0,2.0,1.0,1.0,5.0,7.0,1.0,1.0,2.0,0.0,2.0,0.0,1.0,0,0,0.5,0,4,Medio
1.0,3.0,1.0,1.0,1.0,1.0,4.0,1.0,1.0,1.0,1.0,2.0,1.0,3.0,1.0,1.0,1.0,1.0,2.0,3.0,2.0,0.0,2.0,0.0,2.0,0,0,0.6666667,1,11,Alto
1.0,7.0,1.0,1.0,2.0,2.0,7.0,1.0,1.0,1.0,1.0,2.0,2.0,3.0,2.0,3.0,0.0,1.0,3.0,4.0,2.0,0.0,1.0,1.0,1.5,0,1,1.0,1,4,Medio
1.0,3.0,1.0,1.0,1.0,1.0,4.0,8.0,3.0,1.0,1.0,2.0,1.0,8.0,1.0,1.0,1.0,3.0,1.0,1.0,2.0,0.0,2.0,0.0,1.0,0,1,0.125,1,3,Bajo
2.0,2.0,1.0,2.0,1.0,1.0,1.0,6.0,2.0,5.0,3.0,5.0,2.0,2.0,0.0,3.0,0.0,1.0,1.0,1.0,2.0,0.0,2.0,0.0,1.0,0,1,0.5,1,1,Bajo
1.0,3.0,1.0,1.0,1.0,3.0,4.0,1.0,1.0,1.0,2.0,2.0,1.0,3.0,3.0,1.0,1.0,1.0,1.0,1.0,2.0,0.0,2.0,0.0,0.33333334,0,0,0.33333334,1,7,Alto
1.0,3.0,5.0,7.0,2.0,4.0,1.0,5.0,3.0,5.0,8.0,5.0,2.0,1.0,0.0,3.0,0.0,1.0,2.0,3.0,2.0,0.0,2.0,0.0,2.0,0,1,2.0,0,1,Bajo
1.0,7.0,1.0,1.0,1.0,2.0,4.0,1.0,1.0,1.0,2.0,2.0,1.0,3.0,3.0,1.0,3.0,1.0,7.0,5.0,2.0,0.0,1.0,1.0,2.3333333,0,0,2.3333333,1,7,Alto
1.0,6.0,1.0,1.0,1.0,2.0,4.0,1.0,1.0,1.0,2.0,2.0,1.0,4.0,3.0,1.0,2.0,4.0,3.0,6.0,2.0,0.0,2.0,0.0,1.0,0,0,0.75,1,7,Alto
1.0,2.0,3.0,1.0,1.0,1.0,3.0,1.0,1.0,1.0,1.0,1.0,1.0,5.0,5.0,1.0,1.0,4.0,2.0,3.0,2.0,0.0,2.0,0.0,0.4,0,0,0.4,1,7,Alto
1.0,8.0,4.0,1.0,1.0,1.0,4.0,5.0,3.0,1.0,1.0,1.0,1.0,1.0,1.0,2.0,1.0,3.0,2.0,3.0,2.0,0.0,2.0,0.0,2.0,0,1,2.0,1,5,Medio
1.0,7.0,1.0,1.0,1.0,1.0,3.0,1.0,1.0,1.0,1.0,1.0,2.0,2.0,1.0,1.0,1.0,4.0,2.0,3.0,2.0,0.0,1.0,1.0,2.0,0,0,1.0,1,4,Medio
2.0,2.0,1.0,2.0,1.0,1.0,1.0,1.0,1.0,1.0,2.0,3.0,1.0,4.0,2.0,3.0,0.0,1.0,5.0,4.0,2.0,0.0,2.0,0.0,2.5,0,1,1.25,1,4,Medio
1.0,7.0,1.0,1.0,1.0,2.0,4.0,1.0,1.0,1.0,2.0,2.0,1.0,2.0,2.0,1.0,1.0,2.0,4.0,5.0,2.0,0.0,2.0,0.0,2.0,0,0,2.0,1,7,Alto
1.0,3.0,1.0,1.0,2.0,1.0,9.0,8.0,3.0,5.0,8.0,7.0,2.0,2.0,1.0,3.0,0.0,2.0,4.0,4.0,2.0,0.0,2.0,0.0,4.0,1,1,2.0,0,0,Bajo
2.0,1.0,1.0,2.0,2.0,1.0,1.0,7.0,3.0,1.0,3.0,6.0,1.0,1.0,1.0,3.0,0.0,1.0,4.0,4.0,2.0,0.0,2.0,0.0,4.0,1,1,4.0,1,2,Bajo
1.0,2.0,1.0,2.0,1.0,1.0,3.0,1.0,1.0,1.0,1.0,2.0,1.0,4.0,4.0,2.0,1.0,3.0,3.0,4.0,2.0,0.0,2.0,0.0,0.75,0,0,0.75,1,3,Bajo
1.0,3.0,1.0,1.0,1.0,2.0,5.0,1.0,2.0,1.0,1.0,2.0,2.0,4.0,2.0,2.0,1.0,1.0,1.0,1.0,2.0,0.0,2.0,0.0,0.5,0,0,0.25,0,1,Bajo
2.0,3.0,1.0,2.0,1.0,1.0,1.0,3.0,2.0,3.0,3.0,5.0,1.0,1.0,1.0,3.0,0.0,1.0,5.0,3.0,2.0,0.0,2.0,0.0,5.0,1,1,5.0,1,3,Bajo
1.0,7.0,1.0,1.0,1.0,1.0,1.0,1.0,1.0,1.0,1.0,2.0,2.0,4.0,1.0,2.0,1.0,1.0,3.0,4.0,2.0,0.0,2.0,0.0,3.0,0,0,0.75,0,6,Medio
1.0,3.0,1.0,1.0,1.0,1.0,5.0,1.0,2.0,1.0,1.0,1.0,1.0,2.0,1.0,1.0,1.0,3.0,1.0,1.0,2.0,0.0,2.0,0.0,1.0,0,0,0.5,0,3,Bajo
1.0,6.0,1.0,1.0,2.0,1.0,5.0,1.0,1.0,1.0,1.0,3.0,2.0,2.0,2.0,3.0,0.0,1.0,6.0,5.0,2.0,0.0,2.0,0.0,3.0,0,1,3.0,1,3,Bajo
1.0,2.0,1.0,1.0,1.0,3.0,5.0,1.0,1.0,1.0,1.0,1.0,1.0,4.0,3.0,1.0,1.0,1.0,2.0,3.0,2.0,0.0,2.0,0.0,0.6666667,0,0,0.5,1,6,Medio
1.0,2.0,1.0,1.0,2.0,1.0,5.0,1.0,1.0,1.0,1.0,3.0,1.0,2.0,2.0,1.0,1.0,1.0,2.0,2.0,2.0,0.0,2.0,0.0,1.0,0,0,1.0,1,7,Alto
1.0,7.0,1.0,1.0,1.0,2.0,6.0,1.0,1.0,1.0,2.0,2.0,1.0,3.0,3.0,2.0,1.0,1.0,3.0,3.0,2.0,0.0,1.0,1.0,1.0,0,0,1.0,1,8,Alto
1.0,2.0,1.0,1.0,1.0,1.0,5.0,2.0,3.0,1.0,1.0,1.0,1.0,1.0,0.0,1.0,1.0,1.0,2.0,3.0,2.0,0.0,2.0,0.0,2.0,0,0,2.0,1,3,Bajo
1.0,3.0,3.0,1.0,1.0,3.0,8.0,1.0,1.0,1.0,2.0,1.0,1.0,4.0,2.0,1.0,1.0,4.0,2.0,2.0,1.0,1.0,2.0,0.0,1.0,0,0,0.5,1,8,Alto
1.0,3.0,1.0,2.0,1.0,1.0,5.0,1.0,1.0,1.0,1.0,2.0,1.0,2.0,1.0,1.0,1.0,4.0,1.0,1.0,2.0,0.0,2.0,0.0,1.0,0,0,0.5,1,7,Alto
1.0,7.0,1.0,1.0,1.0,2.0,5.0,1.0,1.0,1.0,1.0,2.0,2.0,1.0,1.0,2.0,2.0,3.0,5.0,5.0,2.0,0.0,2.0,0.0,5.0,1,0,5.0,1,3,Bajo
1.0,4.0,1.0,1.0,1.0,1.0,2.0,1.0,1.0,1.0,2.0,2.0,1.0,6.0,3.0,1.0,1.0,1.0,4.0,5.0,1.0,1.0,2.0,0.0,1.3333334,0,0,0.6666667,1,9,Alto
1.0,6.0,1.0,1.0,1.0,3.0,6.0,1.0,1.0,1.0,2.0,2.0,1.0,3.0,3.0,1.0,1.0,1.0,2.0,2.0,2.0,0.0,2.0,0.0,0.6666667,0,0,0.6666667,1,10,Alto
1.0,7.0,1.0,1.0,1.0,2.0,4.0,1.0,2.0,1.0,1.0,2.0,2.0,1.0,1.0,2.0,2.0,1.0,1.0,1.0,2.0,0.0,2.0,0.0,1.0,0,0,1.0,1,2,Bajo
1.0,5.0,1.0,1.0,1.0,1.0,4.0,1.0,2.0,1.0,1.0,2.0,1.0,2.0,1.0,3.0,0.0,1.0,2.0,3.0,2.0,0.0,2.0,0.0,2.0,0,1,1.0,1,3,Bajo
2.0,2.0,4.0,1.0,1.0,1.0,8.0,7.0,3.0,1.0,1.0,5.0,1.0,3.0,3.0,3.0,0.0,1.0,4.0,4.0,2.0,0.0,2.0,0.0,1.3333334,0,1,1.3333334,0,4,Medio
2.0,4.0,1.0,1.0,2.0,1.0,5.0,4.0,2.0,1.0,1.0,5.0,1.0,2.0,1.0,3.0,0.0,1.0,3.0,4.0,2.0,0.0,2.0,0.0,3.0,0,1,1.5,1,6,Medio
1.0,3.0,1.0,1.0,2.0,3.0,5.0,1.0,2.0,1.0,1.0,2.0,2.0,1.0,1.0,2.0,1.0,3.0,1.0,1.0,2.0,0.0,2.0,0.0,1.0,0,0,1.0,1,3,Bajo
1.0,1.0,1.0,1.0,1.0,1.0,5.0,1.0,1.0,1.0,2.0,2.0,1.0,4.0,4.0,1.0,1.0,1.0,6.0,5.0,2.0,0.0,2.0,0.0,1.5,0,0,1.5,1,8,Alto
2.0,2.0,1.0,1.0,1.0,1.0,5.0,1.0,1.0,1.0,1.0,2.0,1.0,6.0,6.0,1.0,4.0,1.0,5.0,4.0,2.0,0.0,2.0,0.0,0.8333333,0,0,0.8333333,1,9,Alto
2.0,3.0,1.0,2.0,1.0,1.0,1.0,1.0,1.0,1.0,3.0,5.0,2.0,2.0,2.0,3.0,0.0,1.0,2.0,2.0,2.0,0.0,2.0,0.0,1.0,0,1,1.0,0,1,Bajo
1.0,7.0,1.0,1.0,1.0,1.0,5.0,2.0,3.0,1.0,1.0,2.0,1.0,3.0,3.0,1.0,3.0,1.0,2.0,5.0,2.0,0.0,1.0,1.0,0.6666667,0,0,0.6666667,1,10,Alto
1.0,7.0,1.0,1.0,1.0,2.0,4.0,1.0,1.0,1.0,1.0,2.0,1.0,2.0,2.0,1.0,3.0,4.0,6.0,4.0,2.0,0.0,2.0,0.0,3.0,0,0,3.0,1,7,Alto
2.0,6.0,1.0,2.0,1.0,2.0,5.0,7.0,3.0,1.0,3.0,5.0,1.0,3.0,2.0,1.0,3.0,1.0,2.0,5.0,2.0,0.0,1.0,1.0,1.0,0,1,0.6666667,1,3,Bajo
2.0,2.0,1.0,2.0,1.0,1.0,1.0,3.0,3.0,5.0,3.0,5.0,1.0,1.0,1.0,3.0,0.0,1.0,2.0,3.0,2.0,0.0,2.0,0.0,2.0,0,1,2.0,0,2,Bajo
2.0,9.0,1.0,5.0,2.0,4.0,1.0,7.0,3.0,5.0,3.0,5.0,2.0,2.0,1.0,1.0,3.0,1.0,4.0,4.0,2.0,0.0,2.0,0.0,4.0,1,1,2.0,0,3,Bajo
2.0,2.0,1.0,2.0,1.0,1.0,5.0,5.0,3.0,1.0,1.0,5.0,1.0,3.0,3.0,2.0,3.0,1.0,2.0,3.0,2.0,0.0,2.0,0.0,0.6666667,0,1,0.6666667,0,3,Bajo
1.0,3.0,1.0,1.0,1.0,1.0,5.0,1.0,1.0,1.0,2.0,2.0,1.0,1.0,1.0,1.0,1.0,5.0,1.0,1.0,2.0,0.0,1.0,2.0,1.0,0,0,1.0,1,5,Medio
2.0,2.0,4.0,2.0,1.0,1.0,1.0,1.0,2.0,1.0,1.0,5.0,1.0,4.0,2.0,3.0,0.0,1.0,7.0,4.0,2.0,0.0,2.0,0.0,3.5,1,1,1.75,0,3,Bajo
1.0,8.0,4.0,1.0,2.0,1.0,5.0,1.0,1.0,1.0,1.0,2.0,2.0,1.0,1.0,2.0,3.0,2.0,4.0,3.0,2.0,0.0,2.0,0.0,4.0,1,0,4.0,1,5,Medio
2.0,7.0,2.0,3.0,2.0,4.0,1.0,3.0,3.0,5.0,3.0,5.0,2.0,1.0,1.0,3.0,0.0,1.0,3.0,5.0,2.0,0.0,2.0,0.0,3.0,0,1,3.0,0,1,Bajo
1.0,3.0,1.0,1.0,2.0,4.0,1.0,1.0,1.0,1.0,2.0,2.0,1.0,3.0,2.0,1.0,1.0,1.0,3.0,5.0,2.0,0.0,2.0,0.0,1.5,0,0,1.0,1,10,Alto
1.0,7.0,1.0,2.0,1.0,2.0,7.0,1.0,1.0,1.0,2.0,2.0,1.0,4.0,3.0,1.0,1.0,1.0,3.0,5.0,2.0,0.0,2.0,0.0,1.0,0,0,0.75,1,3,Bajo
2.0,7.0,1.0,1.0,1.0,2.0,5.0,1.0,1.0,1.0,1.0,5.0,1.0,2.0,2.0,1.0,2.0,4.0,6.0,5.0,2.0,0.0,2.0,0.0,3.0,0,0,3.0,1,6,Medio
1.0,6.0,1.0,1.0,1.0,1.0,6.0,1.0,2.0,1.0,2.0,2.0,1.0,1.0,1.0,2.0,1.0,1.0,2.0,2.0,2.0,0.0,2.0,0.0,2.0,0,0,2.0,1,2,Bajo
2.0,2.0,1.0,2.0,1.0,1.0,1.0,7.0,3.0,5.0,3.0,5.0,2.0,1.0,1.0,3.0,0.0,1.0,2.0,6.0,2.0,0.0,2.0,0.0,2.0,0,1,2.0,0,2,Bajo
1.0,2.0,1.0,1.0,1.0,3.0,5.0,1.0,1.0,1.0,1.0,1.0,2.0,2.0,1.0,1.0,1.0,4.0,1.0,1.0,2.0,0.0,2.0,0.0,1.0,0,0,0.5,0,4,Medio
2.0,4.0,1.0,1.0,2.0,1.0,5.0,1.0,2.0,1.0,1.0,2.0,1.0,2.0,2.0,1.0,1.0,1.0,4.0,4.0,2.0,0.0,2.0,0.0,2.0,0,0,2.0,1,5,Medio
1.0,3.0,1.0,1.0,1.0,2.0,5.0,4.0,3.0,1.0,1.0,5.0,1.0,2.0,2.0,1.0,3.0,1.0,2.0,5.0,2.0,0.0,2.0,0.0,1.0,0,0,1.0,1,7,Alto
1.0,7.0,1.0,1.0,1.0,2.0,6.0,1.0,1.0,1.0,1.0,2.0,1.0,3.0,3.0,1.0,1.0,1.0,9.0,5.0,2.0,0.0,2.0,0.0,3.0,0,0,3.0,1,7,Alto
2.0,4.0,1.0,1.0,1.0,1.0,5.0,1.0,1.0,1.0,1.0,1.0,2.0,1.0,0.0,1.0,1.0,4.0,3.0,5.0,2.0,0.0,2.0,0.0,3.0,0,0,3.0,0,1,Bajo
1.0,8.0,1.0,1.0,1.0,2.0,1.0,1.0,2.0,1.0,1.0,2.0,1.0,2.0,2.0,1.0,3.0,2.0,5.0,5.0,1.0,2.0,2.0,0.0,2.5,0,0,2.5,1,5,Medio
1.0,3.0,1.0,1.0,1.0,1.0,5.0,1.0,1.0,1.0,2.0,1.0,1.0,2.0,2.0,1.0,1.0,1.0,3.0,4.0,2.0,0.0,1.0,1.0,1.5,0,0,1.5,1,6,Medio
2.0,5.0,1.0,2.0,2.0,4.0,1.0,1.0,2.0,1.0,3.0,5.0,1.0,1.0,1.0,1.0,3.0,1.0,5.0,4.0,2.0,0.0,2.0,0.0,5.0,1,0,5.0,1,2,Bajo
1.0,7.0,1.0,1.0,1.0,1.0,4.0,1.0,1.0,1.0,1.0,2.0,2.0,2.0,1.0,3.0,0.0,1.0,5.0,4.0,2.0,0.0,2.0,0.0,5.0,1,1,2.5,0,2,Bajo
1.0,2.0,3.0,1.0,1.0,3.0,8.0,1.0,1.0,1.0,5.0,1.0,1.0,2.0,1.0,1.0,1.0,4.0,1.0,1.0,2.0,0.0,2.0,0.0,1.0,0,0,0.5,1,7,Alto
1.0,2.0,1.0,1.0,1.0,1.0,5.0,1.0,1.0,1.0,2.0,2.0,1.0,5.0,4.0,1.0,1.0,1.0,5.0,4.0,2.0,0.0,2.0,0.0,1.25,0,0,1.0,1,6,Medio
1.0,8.0,1.0,1.0,1.0,1.0,4.0,4.0,1.0,1.0,1.0,2.0,2.0,3.0,3.0,1.0,3.0,1.0,3.0,5.0,2.0,0.0,2.0,0.0,1.0,0,0,1.0,0,4,Medio
2.0,5.0,1.0,2.0,2.0,4.0,1.0,1.0,2.0,1.0,3.0,5.0,2.0,1.0,1.0,3.0,0.0,1.0,1.0,1.0,2.0,0.0,2.0,0.0,1.0,0,1,1.0,0,2,Bajo
2.0,2.0,1.0,2.0,1.0,1.0,5.0,4.0,2.0,1.0,3.0,4.0,2.0,1.0,1.0,2.0,5.0,1.0,2.0,3.0,2.0,0.0,1.0,1.0,2.0,0,0,2.0,1,5,Medio
2.0,5.0,1.0,2.0,1.0,1.0,5.0,1.0,2.0,1.0,3.0,5.0,1.0,4.0,2.0,3.0,0.0,1.0,4.0,4.0,1.0,4.0,2.0,0.0,2.0,0,1,1.0,1,3,Bajo
2.0,3.0,1.0,5.0,2.0,1.0,1.0,5.0,3.0,1.0,1.0,5.0,2.0,1.0,1.0,3.0,0.0,1.0,3.0,5.0,2.0,0.0,2.0,0.0,3.0,0,1,3.0,0,3,Bajo
2.0,6.0,1.0,2.0,1.0,1.0,5.0,2.0,3.0,1.0,1.0,5.0,2.0,2.0,1.0,1.0,3.0,1.0,4.0,4.0,2.0,0.0,2.0,0.0,4.0,1,0,2.0,1,6,Medio
1.0,7.0,1.0,1.0,1.0,2.0,4.0,1.0,1.0,1.0,2.0,1.0,1.0,5.0,5.0,1.0,1.0,1.0,5.0,5.0,2.0,0.0,2.0,0.0,1.0,0,0,1.0,1,12,Alto
1.0,7.0,1.0,1.0,1.0,2.0,4.0,1.0,1.0,1.0,1.0,2.0,2.0,1.0,1.0,1.0,1.0,4.0,2.0,3.0,2.0,0.0,1.0,1.0,2.0,0,0,2.0,1,1,Bajo
2.0,8.0,1.0,1.0,1.0,1.0,1.0,5.0,3.0,1.0,1.0,5.0,1.0,2.0,2.0,1.0,1.0,1.0,2.0,2.0,2.0,0.0,2.0,0.0,1.0,0,1,1.0,1,4,Medio
1.0,8.0,1.0,5.0,2.0,1.0,1.0,5.0,3.0,5.0,1.0,5.0,1.0,1.0,1.0,1.0,4.0,2.0,1.0,1.0,2.0,0.0,2.0,0.0,1.0,0,1,1.0,0,2,Bajo
1.0,7.0,1.0,1.0,1.0,2.0,4.0,1.0,1.0,1.0,1.0,2.0,1.0,1.0,1.0,2.0,1.0,3.0,3.0,4.0,2.0,0.0,2.0,0.0,3.0,0,0,3.0,1,9,Alto
1.0,3.0,1.0,1.0,2.0,1.0,5.0,1.0,1.0,1.0,1.0,2.0,1.0,1.0,1.0,1.0,1.0,1.0,1.0,1.0,1.0,3.0,2.0,0.0,1.0,0,0,1.0,1,4,Medio
1.0,2.0,3.0,1.0,1.0,3.0,3.0,1.0,1.0,1.0,1.0,2.0,1.0,5.0,3.0,1.0,1.0,4.0,1.0,1.0,2.0,0.0,1.0,2.0,0.33333334,0,0,0.2,0,6,Medio
1.0,4.0,1.0,2.0,2.0,1.0,5.0,1.0,1.0,1.0,1.0,2.0,1.0,1.0,1.0,1.0,1.0,1.0,1.0,1.0,1.0,1.0,2.0,0.0,1.0,0,0,1.0,0,4,Medio
2.0,7.0,1.0,1.0,1.0,1.0,4.0,1.0,1.0,1.0,1.0,2.0,1.0,1.0,1.0,1.0,3.0,1.0,1.0,1.0,2.0,0.0,2.0,0.0,1.0,0,0,1.0,1,2,Bajo
1.0,7.0,1.0,1.0,1.0,2.0,5.0,1.0,1.0,1.0,1.0,1.0,1.0,2.0,1.0,1.0,2.0,5.0,1.0,1.0,2.0,0.0,2.0,0.0,1.0,0,0,0.5,1,5,Medio
1.0,2.0,1.0,1.0,1.0,1.0,5.0,1.0,1.0,1.0,2.0,2.0,1.0,3.0,2.0,1.0,1.0,1.0,4.0,4.0,2.0,0.0,2.0,0.0,2.0,0,0,1.3333334,1,5,Medio
1.0,2.0,1.0,1.0,1.0,1.0,5.0,1.0,1.0,1.0,1.0,1.0,1.0,2.0,1.0,2.0,1.0,1.0,3.0,4.0,2.0,0.0,2.0,0.0,3.0,0,0,1.5,1,4,Medio
2.0,5.0,1.0,2.0,1.0,1.0,5.0,7.0,3.0,5.0,3.0,5.0,1.0,2.0,2.0,3.0,0.0,8.0,2.0,5.0,2.0,0.0,2.0,0.0,1.0,0,1,1.0,0,1,Bajo
2.0,1.0,1.0,2.0,1.0,2.0,5.0,1.0,1.0,1.0,3.0,3.0,1.0,2.0,2.0,1.0,1.0,1.0,1.0,1.0,1.0,1.0,2.0,0.0,0.5,0,0,0.5,1,3,Bajo
1.0,7.0,1.0,1.0,1.0,2.0,5.0,1.0,1.0,1.0,1.0,1.0,1.0,1.0,1.0,1.0,2.0,1.0,2.0,2.0,2.0,0.0,2.0,0.0,2.0,0,0,2.0,1,7,Alto
2.0,3.0,1.0,2.0,2.0,2.0,1.0,6.0,3.0,3.0,3.0,5.0,1.0,3.0,2.0,3.0,0.0,1.0,8.0,4.0,2.0,0.0,2.0,0.0,4.0,1,1,2.6666667,1,3,Bajo
2.0,2.0,1.0,2.0,1.0,1.0,1.0,7.0,2.0,1.0,3.0,5.0,1.0,2.0,1.0,1.0,3.0,1.0,2.0,2.0,2.0,0.0,2.0,0.0,2.0,0,1,1.0,0,3,Bajo
1.0,2.0,3.0,1.0,1.0,1.0,5.0,1.0,1.0,1.0,5.0,1.0,1.0,2.0,2.0,1.0,1.0,5.0,2.0,3.0,2.0,0.0,2.0,0.0,1.0,0,0,1.0,1,10,Alto
1.0,2.0,1.0,1.0,1.0,2.0,5.0,2.0,3.0,1.0,1.0,2.0,1.0,3.0,1.0,1.0,6.0,1.0,3.0,4.0,2.0,0.0,2.0,0.0,3.0,0,0,1.0,1,5,Medio
1.0,7.0,1.0,1.0,2.0,2.0,4.0,1.0,1.0,1.0,2.0,2.0,1.0,3.0,1.0,1.0,3.0,1.0,1.0,1.0,2.0,0.0,1.0,1.0,1.0,0,0,0.33333334,1,5,Medio
1.0,6.0,1.0,1.0,1.0,1.0,4.0,1.0,1.0,1.0,2.0,2.0,1.0,2.0,2.0,1.0,3.0,1.0,1.0,1.0,2.0,0.0,2.0,0.0,0.5,0,0,0.5,1,4,Medio
1.0,6.0,4.0,1.0,1.0,3.0,4.0,1.0,1.0,1.0,1.0,2.0,1.0,1.0,1.0,2.0,1.0,4.0,2.0,3.0,2.0,0.0,2.0,0.0,2.0,0,0,2.0,1,6,Medio
2.0,2.0,1.0,1.0,1.0,1.0,2.0,7.0,2.0,1.0,1.0,5.0,1.0,3.0,2.0,3.0,0.0,1.0,1.0,1.0,2.0,0.0,2.0,0.0,0.5,0,1,0.33333334,0,2,Bajo
1.0,6.0,1.0,1.0,1.0,1.0,5.0,1.0,1.0,1.0,1.0,2.0,2.0,1.0,1.0,2.0,1.0,1.0,3.0,3.0,2.0,0.0,2.0,0.0,3.0,0,0,3.0,1,3,Bajo
1.0,2.0,1.0,1.0,1.0,1.0,5.0,1.0,1.0,1.0,1.0,1.0,1.0,4.0,3.0,1.0,3.0,1.0,5.0,5.0,2.0,0.0,2.0,0.0,1.6666666,0,0,1.25,1,5,Medio
1.0,2.0,3.0,1.0,1.0,3.0,3.0,1.0,1.0,1.0,1.0,1.0,1.0,4.0,2.0,1.0,1.0,1.0,3.0,4.0,2.0,0.0,1.0,1.0,1.5,0,0,0.75,1,8,Alto
1.0,1.0,1.0,1.0,1.0,1.0,4.0,1.0,1.0,1.0,2.0,1.0,1.0,2.0,2.0,2.0,1.0,1.0,2.0,3.0,2.0,0.0,1.0,1.0,1.0,0,0,1.0,1,9,Alto
2.0,7.0,1.0,1.0,1.0,2.0,5.0,1.0,2.0,1.0,1.0,2.0,1.0,3.0,2.0,1.0,3.0,1.0,4.0,5.0,2.0,0.0,2.0,0.0,2.0,0,0,1.3333334,1,6,Medio
1.0,2.0,1.0,1.0,1.0,1.0,5.0,1.0,1.0,1.0,1.0,5.0,1.0,1.0,1.0,3.0,0.0,1.0,3.0,4.0,2.0,0.0,2.0,0.0,3.0,0,1,3.0,1,3,Bajo
1.0,1.0,1.0,1.0,1.0,3.0,5.0,1.0,2.0,1.0,1.0,2.0,1.0,5.0,5.0,1.0,1.0,1.0,7.0,5.0,2.0,0.0,2.0,0.0,1.4,0,0,1.4,1,6,Medio
1.0,8.0,1.0,1.0,1.0,2.0,5.0,1.0,1.0,1.0,8.0,2.0,2.0,3.0,3.0,1.0,1.0,1.0,1.0,1.0,2.0,0.0,2.0,0.0,0.33333334,0,0,0.33333334,0,3,Bajo
2.0,2.0,1.0,1.0,1.0,1.0,1.0,1.0,2.0,1.0,3.0,3.0,2.0,2.0,2.0,2.0,3.0,1.0,5.0,4.0,2.0,0.0,2.0,0.0,2.5,0,0,2.5,0,1,Bajo
1.0,7.0,1.0,1.0,1.0,2.0,4.0,1.0,1.0,1.0,2.0,2.0,1.0,4.0,2.0,1.0,1.0,2.0,3.0,4.0,2.0,0.0,2.0,0.0,1.5,0,0,0.75,1,10,Alto
2.0,3.0,2.0,5.0,2.0,1.0,1.0,7.0,3.0,5.0,3.0,5.0,2.0,1.0,1.0,1.0,3.0,1.0,1.0,1.0,2.0,0.0,2.0,0.0,1.0,0,1,1.0,0,2,Bajo
1.0,3.0,1.0,1.0,1.0,2.0,4.0,1.0,1.0,1.0,1.0,2.0,2.0,1.0,1.0,1.0,1.0,4.0,3.0,4.0,2.0,0.0,2.0,0.0,3.0,0,0,3.0,1,4,Medio
1.0,7.0,3.0,1.0,1.0,2.0,4.0,1.0,1.0,1.0,8.0,2.0,1.0,1.0,0.0,1.0,1.0,4.0,1.0,1.0,2.0,0.0,2.0,0.0,1.0,0,0,1.0,1,1,Bajo
2.0,9.0,1.0,5.0,2.0,1.0,1.0,5.0,3.0,2.0,3.0,5.0,1.0,4.0,4.0,1.0,3.0,1.0,8.0,4.0,2.0,0.0,2.0,0.0,2.0,0,1,2.0,1,5,Medio
2.0,2.0,5.0,7.0,2.0,4.0,1.0,5.0,3.0,4.0,3.0,5.0,2.0,1.0,0.0,3.0,0.0,1.0,1.0,1.0,2.0,0.0,2.0,0.0,1.0,0,1,1.0,1,1,Bajo
2.0,3.0,1.0,1.0,2.0,2.0,5.0,4.0,3.0,1.0,1.0,5.0,1.0,2.0,1.0,1.0,6.0,1.0,1.0,1.0,1.0,1.0,1.0,1.0,1.0,0,0,0.5,1,3,Bajo
1.0,2.0,1.0,1.0,1.0,1.0,5.0,1.0,1.0,1.0,1.0,2.0,1.0,2.0,2.0,1.0,2.0,1.0,2.0,3.0,2.0,0.0,2.0,0.0,1.0,0,0,1.0,1,7,Alto
1.0,6.0,1.0,1.0,1.0,1.0,4.0,1.0,1.0,1.0,1.0,1.0,1.0,2.0,1.0,1.0,3.0,5.0,3.0,4.0,1.0,1.0,1.0,1.0,3.0,0,0,1.5,1,9,Alto
1.0,7.0,3.0,1.0,1.0,1.0,4.0,1.0,1.0,1.0,1.0,2.0,1.0,2.0,2.0,1.0,1.0,4.0,6.0,5.0,2.0,0.0,2.0,0.0,3.0,0,0,3.0,1,6,Medio
2.0,3.0,1.0,2.0,1.0,1.0,5.0,6.0,1.0,1.0,1.0,5.0,2.0,2.0,2.0,1.0,3.0,1.0,5.0,5.0,2.0,0.0,2.0,0.0,2.5,0,1,2.5,1,6,Medio
1.0,3.0,1.0,1.0,1.0,2.0,4.0,1.0,1.0,1.0,2.0,1.0,1.0,1.0,1.0,1.0,1.0,4.0,2.0,2.0,2.0,0.0,2.0,0.0,2.0,0,0,2.0,0,8,Alto
2.0,2.0,1.0,2.0,1.0,1.0,1.0,1.0,2.0,1.0,3.0,5.0,1.0,1.0,1.0,3.0,0.0,1.0,2.0,5.0,2.0,0.0,2.0,0.0,2.0,0,1,2.0,0,2,Bajo
2.0,1.0,1.0,2.0,2.0,1.0,1.0,1.0,1.0,1.0,3.0,3.0,2.0,3.0,2.0,3.0,0.0,1.0,7.0,5.0,2.0,0.0,1.0,1.0,3.5,1,1,2.3333333,0,5,Medio
1.0,3.0,1.0,1.0,2.0,1.0,5.0,1.0,2.0,1.0,2.0,1.0,1.0,4.0,4.0,1.0,1.0,1.0,5.0,5.0,2.0,0.0,2.0,0.0,1.25,0,0,1.25,1,6,Medio
1.0,2.0,3.0,1.0,1.0,3.0,3.0,1.0,1.0,1.0,2.0,1.0,1.0,3.0,2.0,1.0,1.0,1.0,2.0,2.0,1.0,1.0,2.0,0.0,1.0,0,0,0.6666667,1,10,Alto
1.0,2.0,1.0,1.0,2.0,1.0,5.0,1.0,1.0,1.0,1.0,2.0,1.0,1.0,1.0,1.0,1.0,1.0,1.0,1.0,2.0,0.0,1.0,1.0,1.0,0,0,1.0,0,5,Medio
1.0,2.0,1.0,1.0,1.0,2.0,8.0,1.0,1.0,1.0,1.0,1.0,1.0,3.0,2.0,1.0,1.0,2.0,3.0,3.0,2.0,0.0,1.0,1.0,1.5,0,0,1.0,1,5,Medio
2.0,2.0,1.0,1.0,1.0,1.0,5.0,9.0,3.0,1.0,1.0,5.0,1.0,2.0,2.0,1.0,3.0,1.0,2.0,5.0,2.0,0.0,1.0,1.0,1.0,0,1,1.0,1,6,Medio
1.0,2.0,1.0,1.0,2.0,1.0,5.0,2.0,3.0,1.0,2.0,5.0,2.0,1.0,1.0,1.0,1.0,4.0,2.0,5.0,2.0,0.0,2.0,0.0,2.0,0,0,2.0,0,1,Bajo
1.0,2.0,1.0,2.0,1.0,1.0,3.0,1.0,1.0,1.0,2.0,2.0,1.0,3.0,2.0,1.0,1.0,1.0,2.0,5.0,2.0,0.0,2.0,0.0,1.0,0,0,0.6666667,1,4,Medio
1.0,7.0,1.0,1.0,1.0,2.0,7.0,1.0,1.0,1.0,2.0,2.0,1.0,4.0,4.0,1.0,1.0,1.0,7.0,5.0,2.0,0.0,2.0,0.0,1.75,0,0,1.75,1,12,Alto
2.0,5.0,4.0,2.0,1.0,2.0,4.0,2.0,3.0,1.0,1.0,5.0,2.0,1.0,1.0,3.0,0.0,7.0,2.0,3.0,2.0,0.0,2.0,0.0,2.0,0,1,2.0,1,4,Medio
1.0,2.0,4.0,1.0,1.0,1.0,5.0,2.0,3.0,1.0,1.0,1.0,2.0,1.0,0.0,2.0,2.0,4.0,1.0,1.0,2.0,0.0,2.0,0.0,1.0,0,0,1.0,1,4,Medio
1.0,1.0,3.0,1.0,1.0,3.0,4.0,1.0,1.0,1.0,2.0,1.0,1.0,1.0,1.0,1.0,1.0,4.0,1.0,1.0,2.0,0.0,2.0,0.0,1.0,0,0,1.0,1,5,Medio
2.0,3.0,1.0,2.0,1.0,1.0,1.0,9.0,2.0,5.0,3.0,5.0,1.0,2.0,1.0,3.0,0.0,1.0,1.0,1.0,2.0,0.0,2.0,0.0,1.0,0,1,0.5,0,1,Bajo
1.0,1.0,1.0,1.0,1.0,2.0,4.0,1.0,1.0,1.0,2.0,2.0,1.0,5.0,5.0,1.0,1.0,1.0,4.0,5.0,2.0,0.0,2.0,0.0,0.8,0,0,0.8,1,7,Alto
1.0,2.0,1.0,1.0,1.0,1.0,5.0,1.0,1.0,1.0,2.0,2.0,1.0,4.0,4.0,1.0,1.0,5.0,6.0,5.0,2.0,0.0,2.0,0.0,1.5,0,0,1.5,1,8,Alto
1.0,3.0,3.0,1.0,1.0,3.0,5.0,1.0,1.0,1.0,1.0,2.0,1.0,2.0,2.0,1.0,2.0,1.0,2.0,3.0,2.0,0.0,2.0,0.0,1.0,0,0,1.0,1,6,Medio
1.0,6.0,1.0,1.0,2.0,2.0,1.0,9.0,3.0,5.0,1.0,6.0,1.0,2.0,2.0,3.0,0.0,1.0,2.0,5.0,2.0,0.0,2.0,0.0,1.0,0,1,1.0,0,1,Bajo
2.0,3.0,1.0,2.0,2.0,2.0,1.0,1.0,2.0,3.0,3.0,5.0,2.0,1.0,1.0,3.0,0.0,1.0,1.0,1.0,2.0,0.0,1.0,1.0,1.0,0,1,1.0,1,2,Bajo
1.0,7.0,1.0,1.0,1.0,2.0,4.0,1.0,1.0,1.0,1.0,1.0,1.0,1.0,1.0,1.0,3.0,4.0,1.0,1.0,2.0,0.0,2.0,0.0,1.0,0,0,1.0,1,5,Medio
2.0,5.0,1.0,2.0,2.0,2.0,1.0,1.0,2.0,5.0,3.0,4.0,1.0,2.0,2.0,3.0,0.0,3.0,1.0,1.0,2.0,0.0,1.0,1.0,0.5,0,1,0.5,0,1,Bajo
2.0,2.0,1.0,1.0,1.0,1.0,5.0,1.0,2.0,1.0,3.0,5.0,1.0,3.0,1.0,1.0,3.0,1.0,1.0,1.0,2.0,0.0,2.0,0.0,1.0,0,0,0.33333334,1,3,Bajo
1.0,7.0,3.0,1.0,1.0,2.0,6.0,1.0,1.0,1.0,1.0,1.0,1.0,2.0,2.0,1.0,1.0,4.0,2.0,5.0,1.0,1.0,2.0,0.0,1.0,0,0,1.0,1,3,Bajo
1.0,7.0,1.0,1.0,1.0,2.0,7.0,1.0,1.0,1.0,1.0,2.0,1.0,3.0,2.0,1.0,1.0,1.0,6.0,5.0,2.0,0.0,1.0,1.0,3.0,0,0,2.0,1,3,Bajo
1.0,2.0,1.0,1.0,1.0,1.0,3.0,1.0,1.0,1.0,2.0,1.0,1.0,3.0,3.0,1.0,1.0,3.0,2.0,2.0,2.0,0.0,2.0,0.0,0.6666667,0,0,0.6666667,1,9,Alto
1.0,2.0,1.0,1.0,1.0,1.0,5.0,1.0,1.0,1.0,1.0,2.0,1.0,2.0,2.0,1.0,1.0,1.0,2.0,5.0,2.0,0.0,2.0,0.0,1.0,0,0,1.0,1,7,Alto
2.0,3.0,2.0,6.0,2.0,5.0,1.0,7.0,3.0,3.0,3.0,5.0,2.0,1.0,1.0,3.0,0.0,8.0,1.0,1.0,2.0,0.0,2.0,0.0,1.0,0,1,1.0,1,2,Bajo
1.0,7.0,1.0,1.0,1.0,2.0,4.0,1.0,1.0,1.0,1.0,1.0,1.0,1.0,1.0,1.0,1.0,1.0,2.0,3.0,2.0,0.0,2.0,0.0,2.0,0,0,2.0,1,5,Medio
1.0,3.0,1.0,1.0,1.0,1.0,5.0,1.0,1.0,1.0,1.0,5.0,2.0,7.0,2.0,1.0,3.0,1.0,2.0,3.0,2.0,0.0,2.0,0.0,1.0,0,0,0.2857143,1,5,Medio
1.0,2.0,1.0,1.0,1.0,3.0,8.0,1.0,1.0,1.0,2.0,1.0,1.0,4.0,2.0,1.0,1.0,2.0,1.0,1.0,2.0,0.0,2.0,0.0,0.5,0,0,0.25,1,9,Alto
2.0,7.0,1.0,1.0,1.0,1.0,5.0,4.0,1.0,5.0,1.0,5.0,1.0,6.0,3.0,1.0,3.0,1.0,6.0,4.0,2.0,0.0,2.0,0.0,2.0,0,1,1.0,0,0,Bajo
1.0,2.0,1.0,1.0,1.0,1.0,3.0,1.0,1.0,1.0,2.0,2.0,1.0,1.0,1.0,1.0,1.0,4.0,2.0,3.0,1.0,1.0,2.0,0.0,2.0,0,0,2.0,1,4,Medio
2.0,2.0,1.0,2.0,2.0,4.0,1.0,5.0,3.0,1.0,3.0,5.0,1.0,1.0,1.0,3.0,0.0,1.0,2.0,5.0,2.0,0.0,2.0,0.0,2.0,0,1,2.0,0,1,Bajo
2.0,1.0,1.0,1.0,1.0,1.0,5.0,1.0,2.0,1.0,3.0,3.0,2.0,5.0,2.0,1.0,3.0,1.0,4.0,5.0,2.0,0.0,2.0,0.0,2.0,0,0,0.8,0,2,Bajo
1.0,7.0,1.0,1.0,1.0,2.0,4.0,4.0,1.0,1.0,2.0,2.0,1.0,4.0,4.0,1.0,1.0,2.0,1.0,1.0,2.0,0.0,2.0,0.0,0.25,0,0,0.25,1,11,Alto
2.0,5.0,1.0,2.0,2.0,1.0,1.0,7.0,3.0,5.0,3.0,5.0,2.0,1.0,0.0,3.0,0.0,3.0,1.0,1.0,2.0,0.0,2.0,0.0,1.0,0,1,1.0,1,1,Bajo
2.0,2.0,1.0,2.0,1.0,1.0,1.0,1.0,1.0,1.0,1.0,1.0,2.0,1.0,1.0,3.0,0.0,1.0,4.0,4.0,2.0,0.0,1.0,1.0,4.0,1,1,4.0,0,3,Bajo
1.0,3.0,1.0,1.0,1.0,3.0,5.0,1.0,1.0,1.0,1.0,2.0,1.0,6.0,6.0,1.0,3.0,3.0,1.0,1.0,2.0,0.0,2.0,0.0,0.16666667,0,0,0.16666667,0,5,Medio
2.0,1.0,1.0,1.0,1.0,1.0,1.0,5.0,1.0,1.0,3.0,5.0,2.0,3.0,1.0,1.0,3.0,1.0,1.0,1.0,1.0,2.0,1.0,1.0,1.0,0,1,0.33333334,0,1,Bajo
2.0,2.0,1.0,2.0,1.0,1.0,5.0,1.0,2.0,1.0,1.0,5.0,1.0,1.0,1.0,1.0,3.0,1.0,3.0,3.0,2.0,0.0,2.0,0.0,3.0,0,0,3.0,1,6,Medio
1.0,4.0,1.0,1.0,1.0,1.0,5.0,1.0,1.0,1.0,2.0,2.0,1.0,2.0,1.0,1.0,1.0,1.0,3.0,4.0,2.0,0.0,2.0,0.0,3.0,0,0,1.5,1,4,Medio
1.0,7.0,4.0,1.0,1.0,1.0,4.0,1.0,1.0,1.0,1.0,2.0,2.0,3.0,2.0,2.0,3.0,1.0,1.0,1.0,2.0,0.0,2.0,0.0,0.5,0,0,0.33333334,1,1,Bajo
1.0,7.0,1.0,1.0,1.0,5.0,1.0,2.0,3.0,1.0,1.0,5.0,1.0,4.0,4.0,1.0,1.0,1.0,9.0,5.0,2.0,0.0,2.0,0.0,2.25,0,0,2.25,1,3,Bajo
1.0,3.0,1.0,1.0,1.0,3.0,4.0,1.0,1.0,1.0,2.0,2.0,1.0,3.0,3.0,1.0,1.0,2.0,4.0,5.0,2.0,0.0,1.0,1.0,1.3333334,0,0,1.3333334,1,7,Alto
2.0,2.0,2.0,5.0,2.0,1.0,2.0,7.0,3.0,5.0,3.0,5.0,1.0,1.0,1.0,1.0,3.0,1.0,2.0,3.0,2.0,0.0,2.0,0.0,2.0,0,1,2.0,1,3,Bajo
1.0,3.0,1.0,1.0,2.0,3.0,5.0,5.0,2.0,1.0,2.0,1.0,1.0,3.0,2.0,2.0,2.0,1.0,3.0,4.0,2.0,0.0,2.0,0.0,1.5,0,1,1.0,1,7,Alto
1.0,7.0,3.0,1.0,1.0,1.0,4.0,1.0,1.0,1.0,1.0,2.0,1.0,2.0,2.0,1.0,1.0,4.0,2.0,7.0,2.0,0.0,2.0,0.0,1.0,0,0,1.0,0,4,Medio
2.0,3.0,1.0,1.0,1.0,3.0,5.0,1.0,1.0,1.0,1.0,2.0,2.0,2.0,1.0,1.0,1.0,1.0,5.0,5.0,2.0,0.0,2.0,0.0,5.0,1,0,2.5,0,1,Bajo
1.0,7.0,1.0,2.0,1.0,2.0,4.0,1.0,2.0,1.0,1.0,1.0,1.0,1.0,1.0,1.0,2.0,2.0,2.0,2.0,2.0,0.0,2.0,0.0,2.0,0,0,2.0,1,5,Medio
1.0,6.0,1.0,1.0,1.0,1.0,5.0,1.0,1.0,1.0,1.0,2.0,1.0,2.0,2.0,2.0,1.0,1.0,2.0,3.0,2.0,0.0,2.0,0.0,1.0,0,0,1.0,1,7,Alto
1.0,8.0,4.0,1.0,1.0,1.0,5.0,1.0,1.0,1.0,8.0,2.0,2.0,1.0,1.0,2.0,2.0,4.0,1.0,1.0,2.0,0.0,2.0,0.0,1.0,0,0,1.0,1,4,Medio
2.0,5.0,1.0,1.0,1.0,1.0,5.0,5.0,3.0,1.0,3.0,5.0,1.0,3.0,1.0,3.0,0.0,1.0,5.0,3.0,2.0,0.0,2.0,0.0,5.0,1,1,1.6666666,1,1,Bajo
1.0,7.0,1.0,1.0,2.0,1.0,5.0,1.0,1.0,1.0,1.0,2.0,2.0,2.0,2.0,1.0,3.0,2.0,2.0,3.0,2.0,0.0,2.0,0.0,1.0,0,0,1.0,0,1,Bajo
1.0,3.0,1.0,1.0,1.0,2.0,5.0,1.0,1.0,1.0,1.0,2.0,1.0,2.0,1.0,1.0,1.0,1.0,3.0,3.0,2.0,0.0,2.0,0.0,3.0,0,0,1.5,1,7,Alto
2.0,3.0,1.0,2.0,1.0,4.0,1.0,3.0,3.0,5.0,3.0,5.0,2.0,2.0,1.0,3.0,0.0,1.0,1.0,1.0,2.0,0.0,2.0,0.0,1.0,0,1,0.5,0,2,Bajo
2.0,1.0,1.0,2.0,2.0,4.0,1.0,1.0,2.0,3.0,3.0,3.0,2.0,3.0,2.0,3.0,0.0,1.0,10.0,4.0,2.0,0.0,2.0,0.0,5.0,1,1,3.3333333,0,1,Bajo
1.0,2.0,1.0,1.0,1.0,1.0,4.0,1.0,1.0,1.0,2.0,2.0,1.0,3.0,1.0,1.0,1.0,1.0,5.0,5.0,2.0,0.0,2.0,0.0,5.0,1,0,1.6666666,1,3,Bajo
2.0,2.0,1.0,2.0,2.0,1.0,1.0,9.0,3.0,5.0,3.0,7.0,2.0,1.0,1.0,3.0,0.0,8.0,1.0,1.0,2.0,0.0,1.0,1.0,1.0,0,1,1.0,0,0,Bajo
2.0,5.0,1.0,2.0,1.0,1.0,5.0,1.0,1.0,1.0,1.0,5.0,1.0,2.0,2.0,3.0,0.0,1.0,1.0,1.0,2.0,0.0,2.0,0.0,0.5,0,1,0.5,1,7,Alto
2.0,1.0,1.0,2.0,1.0,2.0,1.0,1.0,1.0,1.0,3.0,7.0,1.0,1.0,1.0,1.0,3.0,1.0,2.0,2.0,2.0,0.0,2.0,0.0,2.0,0,0,2.0,0,3,Bajo
2.0,4.0,1.0,1.0,1.0,1.0,5.0,1.0,1.0,1.0,1.0,2.0,1.0,4.0,2.0,1.0,1.0,1.0,2.0,7.0,2.0,0.0,2.0,0.0,1.0,0,0,0.5,1,5,Medio
2.0,5.0,1.0,2.0,2.0,1.0,1.0,7.0,3.0,1.0,3.0,4.0,2.0,1.0,1.0,3.0,0.0,1.0,2.0,3.0,2.0,0.0,2.0,0.0,2.0,0,1,2.0,1,1,Bajo
2.0,7.0,1.0,3.0,2.0,2.0,1.0,1.0,2.0,1.0,3.0,5.0,1.0,2.0,2.0,1.0,3.0,1.0,4.0,5.0,2.0,0.0,2.0,0.0,2.0,0,0,2.0,1,5,Medio
2.0,1.0,1.0,2.0,1.0,4.0,1.0,1.0,1.0,5.0,3.0,5.0,2.0,2.0,1.0,3.0,0.0,1.0,2.0,3.0,2.0,0.0,2.0,0.0,2.0,0,1,1.0,1,1,Bajo
1.0,2.0,1.0,1.0,1.0,1.0,3.0,1.0,1.0,1.0,2.0,2.0,1.0,4.0,4.0,1.0,1.0,1.0,5.0,5.0,2.0,0.0,1.0,1.0,1.25,0,0,1.25,1,8,Alto
2.0,2.0,1.0,2.0,1.0,1.0,4.0,7.0,2.0,1.0,1.0,5.0,1.0,1.0,1.0,3.0,0.0,1.0,4.0,4.0,2.0,0.0,2.0,0.0,4.0,1,1,4.0,1,3,Bajo
1.0,3.0,1.0,1.0,2.0,1.0,1.0,1.0,2.0,1.0,2.0,2.0,2.0,4.0,4.0,1.0,1.0,3.0,8.0,5.0,2.0,0.0,2.0,0.0,2.0,0,0,2.0,1,4,Medio
2.0,3.0,1.0,1.0,1.0,1.0,5.0,8.0,3.0,5.0,3.0,5.0,2.0,1.0,1.0,3.0,0.0,2.0,1.0,1.0,2.0,0.0,2.0,0.0,1.0,0,1,1.0,1,3,Bajo
1.0,2.0,1.0,1.0,1.0,1.0,4.0,1.0,1.0,1.0,1.0,1.0,1.0,2.0,2.0,1.0,1.0,1.0,4.0,3.0,2.0,0.0,2.0,0.0,2.0,0,0,2.0,1,7,Alto
1.0,2.0,1.0,2.0,1.0,2.0,3.0,1.0,1.0,1.0,2.0,1.0,1.0,5.0,3.0,1.0,1.0,1.0,2.0,2.0,2.0,0.0,2.0,0.0,0.6666667,0,0,0.4,1,5,Medio
1.0,2.0,3.0,1.0,1.0,3.0,3.0,1.0,1.0,1.0,2.0,1.0,1.0,2.0,2.0,1.0,1.0,1.0,2.0,3.0,2.0,0.0,2.0,0.0,1.0,0,0,1.0,1,8,Alto
2.0,3.0,1.0,5.0,2.0,1.0,1.0,7.0,3.0,1.0,3.0,5.0,2.0,1.0,1.0,3.0,0.0,1.0,1.0,1.0,2.0,0.0,2.0,0.0,1.0,0,1,1.0,1,2,Bajo
2.0,7.0,1.0,5.0,2.0,1.0,1.0,1.0,2.0,5.0,3.0,5.0,1.0,1.0,1.0,1.0,4.0,1.0,1.0,1.0,2.0,0.0,2.0,0.0,1.0,0,1,1.0,1,2,Bajo
1.0,8.0,1.0,2.0,1.0,1.0,1.0,5.0,3.0,1.0,3.0,2.0,1.0,2.0,2.0,1.0,3.0,1.0,3.0,4.0,2.0,0.0,2.0,0.0,1.5,0,1,1.5,1,2,Bajo
1.0,2.0,1.0,1.0,2.0,1.0,5.0,1.0,1.0,1.0,2.0,2.0,1.0,2.0,1.0,1.0,1.0,3.0,2.0,5.0,2.0,0.0,2.0,0.0,2.0,0,0,1.0,1,8,Alto
1.0,3.0,1.0,1.0,1.0,2.0,4.0,1.0,1.0,1.0,2.0,2.0,1.0,1.0,1.0,1.0,1.0,1.0,2.0,3.0,2.0,0.0,2.0,0.0,2.0,0,0,2.0,1,6,Medio
1.0,2.0,1.0,1.0,1.0,1.0,4.0,3.0,3.0,1.0,1.0,1.0,1.0,2.0,1.0,1.0,3.0,2.0,1.0,1.0,2.0,0.0,2.0,0.0,1.0,0,0,0.5,1,4,Medio
2.0,3.0,1.0,2.0,2.0,1.0,1.0,7.0,2.0,1.0,3.0,5.0,1.0,1.0,1.0,1.0,6.0,1.0,3.0,3.0,2.0,0.0,2.0,0.0,3.0,0,1,3.0,0,3,Bajo
2.0,6.0,1.0,2.0,1.0,1.0,5.0,1.0,1.0,1.0,1.0,1.0,1.0,3.0,3.0,1.0,3.0,1.0,8.0,5.0,2.0,0.0,2.0,0.0,2.6666667,0,0,2.6666667,1,4,Medio
2.0,2.0,1.0,1.0,1.0,2.0,5.0,1.0,1.0,1.0,1.0,5.0,1.0,2.0,2.0,2.0,2.0,1.0,2.0,5.0,2.0,0.0,2.0,0.0,1.0,0,0,1.0,1,5,Medio
1.0,2.0,1.0,2.0,1.0,1.0,5.0,1.0,1.0,1.0,1.0,2.0,1.0,2.0,2.0,1.0,1.0,4.0,7.0,4.0,2.0,0.0,1.0,1.0,3.5,1,0,3.5,1,4,Medio
1.0,6.0,1.0,1.0,1.0,3.0,5.0,2.0,3.0,1.0,1.0,2.0,1.0,3.0,1.0,1.0,1.0,1.0,2.0,2.0,2.0,0.0,2.0,0.0,2.0,0,0,0.6666667,0,5,Medio
1.0,8.0,1.0,1.0,1.0,1.0,4.0,2.0,3.0,1.0,1.0,2.0,1.0,4.0,2.0,1.0,2.0,3.0,4.0,4.0,2.0,0.0,2.0,0.0,2.0,0,0,1.0,1,8,Alto
2.0,3.0,2.0,6.0,2.0,1.0,1.0,5.0,3.0,5.0,3.0,6.0,2.0,1.0,1.0,3.0,0.0,1.0,1.0,1.0,2.0,0.0,2.0,0.0,1.0,0,1,1.0,0,4,Medio
1.0,3.0,1.0,1.0,1.0,1.0,4.0,1.0,1.0,1.0,1.0,2.0,1.0,6.0,3.0,1.0,1.0,1.0,4.0,4.0,2.0,0.0,1.0,2.0,1.3333334,0,0,0.6666667,1,5,Medio
1.0,2.0,1.0,2.0,1.0,1.0,5.0,1.0,1.0,1.0,1.0,2.0,1.0,2.0,2.0,1.0,1.0,1.0,1.0,1.0,2.0,0.0,1.0,1.0,0.5,0,0,0.5,1,4,Medio
2.0,3.0,1.0,5.0,2.0,1.0,5.0,2.0,3.0,1.0,1.0,5.0,1.0,2.0,2.0,3.0,0.0,1.0,5.0,4.0,2.0,0.0,1.0,1.0,2.5,0,1,2.5,1,7,Alto
1.0,2.0,4.0,1.0,1.0,1.0,5.0,1.0,1.0,1.0,1.0,3.0,2.0,1.0,1.0,2.0,1.0,4.0,1.0,1.0,2.0,0.0,2.0,0.0,1.0,0,0,1.0,1,2,Bajo
1.0,3.0,1.0,1.0,1.0,2.0,5.0,1.0,1.0,1.0,1.0,5.0,1.0,1.0,1.0,1.0,2.0,1.0,1.0,1.0,2.0,0.0,2.0,0.0,1.0,0,0,1.0,1,2,Bajo
1.0,7.0,1.0,1.0,1.0,1.0,4.0,1.0,1.0,1.0,1.0,2.0,1.0,3.0,1.0,1.0,1.0,3.0,5.0,4.0,2.0,0.0,2.0,0.0,5.0,1,0,1.6666666,1,8,Alto
1.0,7.0,4.0,1.0,1.0,2.0,4.0,1.0,1.0,1.0,1.0,1.0,2.0,1.0,1.0,2.0,1.0,4.0,3.0,4.0,2.0,0.0,2.0,0.0,3.0,0,0,3.0,1,2,Bajo
1.0,2.0,1.0,1.0,1.0,2.0,3.0,1.0,1.0,1.0,2.0,1.0,1.0,8.0,4.0,1.0,1.0,1.0,1.0,1.0,1.0,1.0,2.0,0.0,0.25,0,0,0.125,1,11,Alto
1.0,2.0,1.0,1.0,1.0,1.0,5.0,1.0,1.0,1.0,1.0,2.0,1.0,1.0,0.0,1.0,1.0,4.0,2.0,5.0,2.0,0.0,2.0,0.0,2.0,0,0,2.0,1,2,Bajo
1.0,7.0,3.0,1.0,1.0,2.0,4.0,1.0,1.0,1.0,1.0,2.0,1.0,5.0,4.0,1.0,1.0,4.0,6.0,6.0,1.0,2.0,2.0,0.0,1.5,0,0,1.2,1,8,Alto
1.0,7.0,1.0,1.0,1.0,1.0,4.0,1.0,1.0,1.0,1.0,2.0,1.0,3.0,1.0,1.0,1.0,1.0,3.0,4.0,2.0,0.0,2.0,0.0,3.0,0,0,1.0,1,7,Alto
1.0,2.0,1.0,1.0,1.0,1.0,3.0,1.0,1.0,1.0,2.0,2.0,1.0,3.0,2.0,1.0,1.0,1.0,5.0,4.0,2.0,0.0,1.0,1.0,2.5,0,0,1.6666666,1,9,Alto
1.0,4.0,1.0,2.0,1.0,1.0,5.0,1.0,1.0,1.0,1.0,2.0,1.0,2.0,1.0,1.0,1.0,1.0,1.0,1.0,2.0,0.0,2.0,0.0,1.0,0,0,0.5,1,7,Alto
1.0,7.0,4.0,1.0,1.0,2.0,4.0,1.0,1.0,1.0,1.0,2.0,2.0,1.0,1.0,2.0,1.0,4.0,3.0,5.0,2.0,0.0,2.0,0.0,3.0,0,0,3.0,1,5,Medio
1.0,7.0,3.0,1.0,1.0,2.0,4.0,1.0,1.0,1.0,2.0,2.0,1.0,2.0,2.0,1.0,1.0,1.0,3.0,4.0,2.0,0.0,2.0,0.0,1.5,0,0,1.5,1,10,Alto
1.0,1.0,1.0,1.0,2.0,3.0,5.0,1.0,1.0,1.0,2.0,2.0,2.0,3.0,2.0,1.0,1.0,4.0,1.0,1.0,2.0,0.0,2.0,0.0,0.5,0,0,0.33333334,1,4,Medio
1.0,2.0,3.0,1.0,1.0,3.0,3.0,1.0,1.0,1.0,2.0,1.0,1.0,4.0,2.0,1.0,1.0,5.0,3.0,4.0,2.0,0.0,2.0,0.0,1.5,0,0,0.75,1,8,Alto
2.0,3.0,1.0,1.0,1.0,3.0,4.0,4.0,1.0,1.0,1.0,2.0,1.0,1.0,1.0,1.0,3.0,6.0,3.0,4.0,2.0,0.0,2.0,0.0,3.0,0,0,3.0,1,7,Alto
1.0,8.0,1.0,1.0,1.0,1.0,5.0,1.0,1.0,1.0,1.0,1.0,1.0,3.0,3.0,1.0,1.0,1.0,4.0,4.0,2.0,0.0,2.0,0.0,1.3333334,0,0,1.3333334,1,10,Alto
2.0,2.0,1.0,1.0,1.0,1.0,3.0,1.0,2.0,1.0,1.0,5.0,1.0,3.0,2.0,1.0,3.0,1.0,5.0,3.0,2.0,0.0,2.0,0.0,2.5,0,0,1.6666666,1,3,Bajo
2.0,9.0,1.0,5.0,2.0,1.0,2.0,1.0,1.0,1.0,1.0,5.0,1.0,2.0,2.0,1.0,3.0,1.0,4.0,3.0,2.0,0.0,2.0,0.0,2.0,0,0,2.0,0,3,Bajo
1.0,7.0,1.0,1.0,1.0,2.0,4.0,1.0,1.0,1.0,1.0,1.0,1.0,5.0,3.0,1.0,3.0,1.0,5.0,4.0,2.0,0.0,2.0,0.0,1.6666666,0,0,1.0,1,10,Alto
1.0,2.0,1.0,2.0,1.0,1.0,5.0,1.0,1.0,1.0,2.0,2.0,1.0,3.0,2.0,2.0,1.0,1.0,4.0,5.0,2.0,0.0,2.0,0.0,2.0,0,0,1.3333334,1,2,Bajo
1.0,2.0,1.0,1.0,1.0,3.0,8.0,1.0,1.0,1.0,1.0,1.0,1.0,2.0,2.0,1.0,1.0,1.0,4.0,4.0,2.0,0.0,2.0,0.0,2.0,0,0,2.0,1,6,Medio
2.0,2.0,1.0,1.0,1.0,1.0,5.0,1.0,1.0,1.0,1.0,2.0,1.0,3.0,3.0,1.0,1.0,1.0,1.0,1.0,2.0,0.0,2.0,0.0,0.33333334,0,0,0.33333334,1,4,Medio
1.0,2.0,1.0,1.0,1.0,1.0,3.0,1.0,1.0,1.0,2.0,2.0,1.0,2.0,2.0,1.0,1.0,1.0,4.0,4.0,2.0,0.0,2.0,0.0,2.0,0,0,2.0,0,6,Medio
2.0,2.0,1.0,2.0,1.0,1.0,1.0,1.0,1.0,1.0,1.0,5.0,1.0,4.0,2.0,1.0,3.0,1.0,5.0,5.0,2.0,0.0,2.0,0.0,2.5,0,0,1.25,0,4,Medio
1.0,2.0,1.0,1.0,1.0,1.0,3.0,1.0,1.0,1.0,1.0,2.0,1.0,4.0,2.0,1.0,1.0,1.0,3.0,5.0,1.0,2.0,2.0,0.0,1.5,0,0,0.75,1,9,Alto
2.0,4.0,1.0,2.0,1.0,1.0,1.0,5.0,3.0,5.0,3.0,5.0,1.0,2.0,1.0,3.0,0.0,1.0,4.0,3.0,2.0,0.0,2.0,0.0,4.0,1,1,2.0,0,2,Bajo
1.0,3.0,1.0,1.0,2.0,3.0,4.0,4.0,1.0,1.0,1.0,2.0,1.0,2.0,1.0,1.0,1.0,5.0,2.0,5.0,2.0,0.0,2.0,0.0,2.0,0,0,1.0,1,6,Medio
1.0,7.0,3.0,1.0,1.0,2.0,4.0,1.0,1.0,1.0,2.0,2.0,1.0,3.0,3.0,1.0,1.0,1.0,4.0,4.0,2.0,0.0,2.0,0.0,1.3333334,0,0,1.3333334,1,12,Alto
1.0,2.0,1.0,1.0,1.0,1.0,8.0,1.0,1.0,1.0,1.0,1.0,1.0,5.0,3.0,1.0,1.0,2.0,4.0,4.0,2.0,0.0,2.0,0.0,1.3333334,0,0,0.8,1,11,Alto
1.0,7.0,1.0,1.0,1.0,1.0,4.0,1.0,1.0,1.0,1.0,2.0,1.0,5.0,3.0,1.0,1.0,4.0,5.0,4.0,2.0,0.0,2.0,0.0,1.6666666,0,0,1.0,1,6,Medio
1.0,7.0,1.0,1.0,2.0,2.0,5.0,1.0,1.0,1.0,2.0,2.0,1.0,2.0,2.0,1.0,1.0,1.0,2.0,5.0,2.0,0.0,1.0,1.0,1.0,0,0,1.0,1,7,Alto
2.0,5.0,1.0,2.0,2.0,1.0,1.0,1.0,2.0,5.0,3.0,5.0,1.0,2.0,2.0,3.0,0.0,1.0,1.0,1.0,2.0,0.0,2.0,0.0,0.5,0,1,0.5,1,2,Bajo
1.0,7.0,1.0,1.0,1.0,3.0,4.0,1.0,1.0,1.0,2.0,2.0,1.0,3.0,3.0,1.0,1.0,4.0,5.0,4.0,2.0,0.0,2.0,0.0,1.6666666,0,0,1.6666666,1,5,Medio
1.0,2.0,4.0,1.0,1.0,1.0,5.0,1.0,1.0,1.0,1.0,1.0,1.0,2.0,2.0,2.0,1.0,4.0,5.0,4.0,2.0,0.0,2.0,0.0,2.5,0,0,2.5,1,9,Alto
1.0,3.0,1.0,1.0,1.0,3.0,4.0,1.0,1.0,1.0,1.0,2.0,1.0,3.0,1.0,1.0,1.0,1.0,2.0,2.0,2.0,0.0,2.0,0.0,2.0,0,0,0.6666667,1,6,Medio
1.0,1.0,1.0,1.0,1.0,1.0,4.0,1.0,1.0,1.0,1.0,2.0,1.0,1.0,1.0,1.0,1.0,4.0,4.0,4.0,2.0,0.0,2.0,0.0,4.0,1,0,4.0,1,6,Medio
1.0,2.0,1.0,1.0,1.0,1.0,5.0,1.0,1.0,1.0,5.0,1.0,1.0,2.0,1.0,1.0,1.0,7.0,1.0,1.0,2.0,0.0,2.0,0.0,1.0,0,0,0.5,1,2,Bajo
2.0,7.0,1.0,5.0,2.0,1.0,5.0,4.0,3.0,1.0,3.0,7.0,1.0,1.0,1.0,1.0,3.0,1.0,2.0,2.0,2.0,0.0,2.0,0.0,2.0,0,0,2.0,1,2,Bajo
1.0,7.0,1.0,1.0,1.0,2.0,4.0,1.0,1.0,1.0,1.0,2.0,1.0,3.0,3.0,1.0,1.0,1.0,2.0,5.0,2.0,0.0,2.0,0.0,0.6666667,0,0,0.6666667,1,5,Medio
1.0,7.0,1.0,1.0,1.0,1.0,5.0,1.0,1.0,1.0,1.0,1.0,1.0,3.0,2.0,1.0,3.0,1.0,4.0,4.0,2.0,0.0,2.0,0.0,2.0,0,0,1.3333334,1,6,Medio
1.0,7.0,1.0,1.0,1.0,1.0,4.0,1.0,2.0,1.0,2.0,2.0,1.0,3.0,2.0,1.0,1.0,1.0,1.0,1.0,2.0,0.0,2.0,0.0,0.5,0,0,0.33333334,1,5,Medio
1.0,8.0,1.0,5.0,2.0,1.0,1.0,5.0,3.0,1.0,1.0,2.0,2.0,1.0,1.0,1.0,4.0,8.0,4.0,4.0,2.0,0.0,2.0,0.0,4.0,1,1,4.0,0,4,Medio
1.0,4.0,1.0,1.0,2.0,1.0,5.0,1.0,1.0,1.0,2.0,1.0,1.0,2.0,1.0,1.0,3.0,1.0,3.0,3.0,2.0,0.0,2.0,0.0,3.0,0,0,1.5,1,5,Medio
2.0,2.0,1.0,1.0,1.0,1.0,5.0,1.0,1.0,1.0,1.0,2.0,1.0,4.0,4.0,1.0,1.0,4.0,4.0,6.0,2.0,0.0,2.0,0.0,1.0,0,0,1.0,1,8,Alto
2.0,3.0,1.0,1.0,2.0,1.0,1.0,5.0,3.0,4.0,3.0,5.0,1.0,1.0,1.0,3.0,0.0,1.0,1.0,1.0,2.0,0.0,2.0,0.0,1.0,0,1,1.0,0,2,Bajo
1.0,3.0,4.0,1.0,1.0,1.0,4.0,1.0,1.0,1.0,1.0,2.0,1.0,2.0,2.0,3.0,0.0,3.0,4.0,4.0,2.0,0.0,2.0,0.0,2.0,0,1,2.0,1,11,Alto
2.0,2.0,1.0,1.0,1.0,1.0,5.0,1.0,1.0,1.0,1.0,5.0,1.0,2.0,1.0,3.0,0.0,1.0,1.0,1.0,2.0,0.0,2.0,0.0,1.0,0,1,0.5,0,2,Bajo
2.0,4.0,1.0,4.0,2.0,4.0,1.0,7.0,3.0,1.0,3.0,5.0,1.0,2.0,1.0,1.0,2.0,1.0,3.0,4.0,2.0,0.0,2.0,0.0,3.0,0,1,1.5,0,4,Medio
1.0,3.0,3.0,1.0,1.0,3.0,4.0,1.0,1.0,1.0,1.0,2.0,1.0,3.0,2.0,1.0,2.0,1.0,3.0,5.0,2.0,0.0,2.0,0.0,1.5,0,0,1.0,1,4,Medio
2.0,7.0,1.0,1.0,1.0,2.0,5.0,7.0,1.0,1.0,1.0,5.0,1.0,1.0,1.0,2.0,3.0,1.0,2.0,3.0,1.0,1.0,2.0,0.0,2.0,0,1,2.0,1,6,Medio
1.0,7.0,1.0,1.0,1.0,2.0,5.0,1.0,1.0,1.0,1.0,2.0,2.0,2.0,1.0,1.0,3.0,1.0,1.0,1.0,2.0,0.0,2.0,0.0,1.0,0,0,0.5,1,2,Bajo
2.0,3.0,1.0,1.0,2.0,1.0,5.0,3.0,3.0,5.0,1.0,5.0,1.0,2.0,1.0,3.0,0.0,1.0,1.0,1.0,2.0,0.0,2.0,0.0,1.0,0,1,0.5,1,5,Medio
1.0,1.0,1.0,2.0,1.0,2.0,4.0,1.0,1.0,1.0,2.0,2.0,1.0,5.0,5.0,3.0,0.0,1.0,5.0,3.0,2.0,0.0,2.0,0.0,1.0,0,1,1.0,0,3,Bajo
1.0,2.0,4.0,2.0,1.0,1.0,5.0,1.0,1.0,1.0,2.0,1.0,1.0,2.0,1.0,2.0,1.0,4.0,2.0,3.0,2.0,0.0,2.0,0.0,2.0,0,0,1.0,0,4,Medio
2.0,2.0,2.0,6.0,2.0,4.0,1.0,5.0,3.0,5.0,1.0,5.0,1.0,1.0,1.0,3.0,0.0,1.0,3.0,5.0,2.0,0.0,2.0,0.0,3.0,0,1,3.0,1,4,Medio
1.0,3.0,1.0,2.0,1.0,1.0,5.0,1.0,2.0,1.0,1.0,5.0,1.0,2.0,2.0,2.0,5.0,1.0,4.0,3.0,2.0,0.0,1.0,1.0,2.0,0,0,2.0,0,4,Medio
2.0,2.0,1.0,2.0,1.0,1.0,1.0,1.0,2.0,1.0,1.0,5.0,1.0,3.0,2.0,1.0,3.0,1.0,5.0,5.0,1.0,1.0,2.0,0.0,2.5,0,0,1.6666666,1,4,Medio
1.0,3.0,1.0,1.0,1.0,1.0,7.0,2.0,3.0,1.0,1.0,2.0,1.0,1.0,1.0,1.0,1.0,1.0,1.0,1.0,2.0,0.0,2.0,0.0,1.0,0,0,1.0,1,3,Bajo
2.0,2.0,1.0,2.0,2.0,1.0,1.0,1.0,2.0,5.0,3.0,6.0,1.0,1.0,1.0,3.0,0.0,8.0,3.0,5.0,2.0,0.0,2.0,0.0,3.0,0,1,3.0,0,4,Medio
2.0,2.0,1.0,1.0,1.0,1.0,1.0,5.0,3.0,1.0,1.0,1.0,1.0,2.0,1.0,1.0,2.0,1.0,5.0,4.0,2.0,0.0,2.0,0.0,5.0,1,1,2.5,1,1,Bajo
1.0,7.0,1.0,2.0,1.0,2.0,4.0,1.0,1.0,1.0,1.0,1.0,1.0,1.0,1.0,1.0,1.0,2.0,1.0,1.0,2.0,0.0,1.0,1.0,1.0,0,0,1.0,1,6,Medio
1.0,2.0,1.0,1.0,1.0,1.0,5.0,1.0,1.0,1.0,2.0,3.0,1.0,2.0,2.0,1.0,1.0,1.0,3.0,4.0,2.0,0.0,2.0,0.0,1.5,0,0,1.5,1,5,Medio
1.0,7.0,5.0,7.0,2.0,1.0,1.0,4.0,3.0,4.0,1.0,2.0,2.0,1.0,0.0,2.0,3.0,7.0,2.0,6.0,2.0,0.0,2.0,0.0,2.0,0,0,2.0,1,4,Medio
1.0,4.0,1.0,1.0,1.0,1.0,4.0,1.0,1.0,1.0,2.0,2.0,1.0,4.0,3.0,1.0,1.0,1.0,3.0,4.0,2.0,0.0,2.0,0.0,1.0,0,0,0.75,1,5,Medio
1.0,3.0,1.0,1.0,1.0,2.0,4.0,1.0,1.0,1.0,1.0,2.0,1.0,2.0,1.0,1.0,2.0,4.0,4.0,4.0,2.0,0.0,2.0,0.0,4.0,1,0,2.0,1,5,Medio
1.0,7.0,1.0,1.0,2.0,1.0,7.0,1.0,1.0,1.0,1.0,2.0,1.0,2.0,2.0,1.0,1.0,1.0,4.0,5.0,2.0,0.0,2.0,0.0,2.0,0,0,2.0,1,3,Bajo
1.0,2.0,1.0,1.0,1.0,1.0,5.0,1.0,1.0,1.0,1.0,2.0,1.0,2.0,2.0,2.0,1.0,1.0,5.0,4.0,2.0,0.0,2.0,0.0,2.5,0,0,2.5,1,8,Alto
2.0,5.0,1.0,2.0,2.0,1.0,1.0,1.0,1.0,5.0,3.0,5.0,2.0,2.0,1.0,3.0,0.0,1.0,1.0,1.0,2.0,0.0,1.0,1.0,1.0,0,1,0.5,0,0,Bajo
2.0,5.0,1.0,2.0,1.0,1.0,1.0,2.0,3.0,5.0,3.0,1.0,1.0,4.0,1.0,3.0,0.0,1.0,1.0,1.0,2.0,0.0,2.0,0.0,1.0,0,1,0.25,0,1,Bajo
1.0,3.0,1.0,1.0,2.0,1.0,1.0,8.0,3.0,5.0,3.0,5.0,2.0,1.0,0.0,3.0,0.0,1.0,1.0,1.0,2.0,0.0,2.0,0.0,1.0,0,1,1.0,1,3,Bajo
2.0,5.0,1.0,2.0,1.0,1.0,1.0,2.0,3.0,1.0,3.0,5.0,2.0,1.0,1.0,3.0,0.0,1.0,1.0,1.0,2.0,0.0,2.0,0.0,1.0,0,1,1.0,0,2,Bajo
1.0,7.0,1.0,1.0,1.0,2.0,4.0,1.0,1.0,1.0,2.0,1.0,1.0,2.0,2.0,1.0,1.0,1.0,3.0,4.0,2.0,0.0,2.0,0.0,1.5,0,0,1.5,1,7,Alto
2.0,3.0,1.0,5.0,2.0,1.0,1.0,7.0,3.0,5.0,3.0,5.0,2.0,1.0,1.0,3.0,0.0,1.0,1.0,1.0,2.0,0.0,2.0,0.0,1.0,0,1,1.0,0,2,Bajo
1.0,7.0,1.0,1.0,1.0,2.0,4.0,1.0,1.0,1.0,1.0,7.0,1.0,3.0,3.0,1.0,3.0,5.0,3.0,4.0,2.0,0.0,2.0,0.0,1.0,0,0,1.0,1,9,Alto
2.0,2.0,1.0,2.0,1.0,1.0,1.0,1.0,1.0,1.0,1.0,4.0,1.0,2.0,1.0,3.0,0.0,1.0,1.0,1.0,2.0,0.0,1.0,1.0,1.0,0,1,0.5,0,1,Bajo
1.0,7.0,1.0,1.0,2.0,1.0,7.0,2.0,3.0,1.0,1.0,5.0,1.0,2.0,2.0,1.0,3.0,2.0,2.0,5.0,2.0,0.0,2.0,0.0,1.0,0,0,1.0,1,1,Bajo
1.0,1.0,1.0,1.0,1.0,2.0,4.0,1.0,1.0,1.0,2.0,2.0,1.0,4.0,1.0,1.0,1.0,3.0,4.0,4.0,2.0,0.0,2.0,0.0,4.0,1,0,1.0,1,6,Medio
1.0,7.0,1.0,1.0,1.0,2.0,4.0,1.0,1.0,1.0,2.0,1.0,1.0,7.0,7.0,1.0,1.0,2.0,7.0,5.0,2.0,0.0,2.0,0.0,1.0,0,0,1.0,1,10,Alto
1.0,3.0,4.0,1.0,1.0,2.0,6.0,1.0,1.0,1.0,1.0,1.0,1.0,2.0,2.0,2.0,2.0,1.0,2.0,3.0,2.0,0.0,2.0,0.0,1.0,0,0,1.0,1,6,Medio
1.0,4.0,1.0,1.0,2.0,1.0,5.0,1.0,2.0,1.0,2.0,2.0,1.0,3.0,2.0,1.0,1.0,1.0,3.0,5.0,2.0,0.0,2.0,0.0,1.5,0,0,1.0,1,4,Medio
1.0,2.0,1.0,1.0,1.0,1.0,5.0,1.0,1.0,1.0,1.0,1.0,1.0,2.0,1.0,1.0,1.0,1.0,4.0,4.0,2.0,0.0,1.0,1.0,4.0,1,0,2.0,1,10,Alto
1.0,5.0,1.0,1.0,1.0,1.0,5.0,1.0,1.0,1.0,1.0,1.0,1.0,3.0,3.0,2.0,1.0,1.0,2.0,3.0,2.0,0.0,1.0,1.0,0.6666667,0,0,0.6666667,1,4,Medio
1.0,7.0,1.0,1.0,1.0,2.0,4.0,1.0,1.0,1.0,2.0,2.0,1.0,3.0,1.0,1.0,1.0,1.0,1.0,1.0,1.0,1.0,2.0,0.0,1.0,0,0,0.33333334,0,3,Bajo
1.0,2.0,1.0,1.0,1.0,1.0,5.0,1.0,1.0,1.0,1.0,1.0,1.0,1.0,1.0,1.0,1.0,4.0,2.0,2.0,2.0,0.0,2.0,0.0,2.0,0,0,2.0,1,7,Alto
1.0,7.0,1.0,1.0,1.0,2.0,1.0,1.0,1.0,1.0,1.0,1.0,1.0,2.0,2.0,2.0,1.0,3.0,5.0,3.0,2.0,0.0,2.0,0.0,2.5,0,0,2.5,1,8,Alto
2.0,3.0,1.0,1.0,1.0,2.0,4.0,1.0,1.0,1.0,1.0,5.0,1.0,3.0,1.0,1.0,3.0,1.0,1.0,1.0,2.0,0.0,2.0,0.0,1.0,0,0,0.33333334,1,6,Medio
1.0,7.0,1.0,1.0,1.0,2.0,4.0,1.0,1.0,1.0,1.0,2.0,1.0,1.0,1.0,1.0,1.0,1.0,2.0,6.0,2.0,0.0,2.0,0.0,2.0,0,0,2.0,1,6,Medio
1.0,3.0,1.0,2.0,1.0,1.0,5.0,1.0,1.0,1.0,1.0,2.0,1.0,2.0,2.0,1.0,1.0,1.0,4.0,3.0,2.0,0.0,2.0,0.0,2.0,0,0,2.0,1,9,Alto
2.0,2.0,4.0,2.0,1.0,1.0,1.0,1.0,2.0,1.0,3.0,5.0,1.0,3.0,1.0,3.0,0.0,1.0,6.0,4.0,2.0,0.0,2.0,0.0,6.0,1,1,2.0,0,2,Bajo
2.0,7.0,1.0,3.0,1.0,1.0,1.0,1.0,2.0,1.0,3.0,5.0,1.0,4.0,4.0,1.0,3.0,1.0,10.0,5.0,2.0,0.0,2.0,0.0,2.5,0,0,2.5,1,4,Medio
2.0,2.0,1.0,5.0,2.0,1.0,1.0,7.0,3.0,1.0,3.0,5.0,1.0,2.0,1.0,1.0,3.0,1.0,1.0,1.0,2.0,0.0,2.0,0.0,1.0,0,1,0.5,1,3,Bajo
2.0,3.0,1.0,2.0,2.0,1.0,1.0,3.0,3.0,1.0,3.0,5.0,1.0,1.0,1.0,3.0,0.0,1.0,2.0,3.0,2.0,0.0,2.0,0.0,2.0,0,1,2.0,1,2,Bajo
2.0,7.0,4.0,1.0,2.0,1.0,1.0,4.0,3.0,1.0,3.0,5.0,2.0,2.0,1.0,3.0,0.0,7.0,1.0,1.0,2.0,0.0,2.0,0.0,1.0,0,1,0.5,0,2,Bajo
1.0,3.0,1.0,1.0,2.0,1.0,5.0,8.0,3.0,1.0,1.0,2.0,2.0,1.0,1.0,3.0,0.0,3.0,2.0,3.0,2.0,0.0,2.0,0.0,2.0,0,1,2.0,1,3,Bajo
2.0,1.0,1.0,2.0,1.0,4.0,1.0,2.0,3.0,1.0,3.0,5.0,1.0,1.0,1.0,1.0,6.0,1.0,1.0,1.0,2.0,0.0,2.0,0.0,1.0,0,0,1.0,0,4,Medio
1.0,6.0,3.0,1.0,1.0,2.0,6.0,1.0,1.0,1.0,2.0,1.0,1.0,2.0,2.0,1.0,1.0,1.0,4.0,5.0,2.0,0.0,2.0,0.0,2.0,0,0,2.0,0,3,Bajo
1.0,8.0,1.0,1.0,1.0,1.0,4.0,1.0,1.0,1.0,1.0,2.0,1.0,5.0,3.0,1.0,1.0,2.0,3.0,4.0,2.0,0.0,2.0,0.0,1.0,0,0,0.6,1,7,Alto
1.0,7.0,4.0,1.0,1.0,3.0,5.0,2.0,3.0,1.0,1.0,1.0,1.0,5.0,4.0,2.0,1.0,1.0,2.0,2.0,2.0,0.0,2.0,0.0,0.5,0,0,0.4,1,8,Alto
1.0,3.0,1.0,1.0,1.0,1.0,4.0,1.0,1.0,1.0,1.0,1.0,1.0,3.0,3.0,1.0,1.0,5.0,6.0,4.0,2.0,0.0,2.0,0.0,2.0,0,0,2.0,1,7,Alto
2.0,6.0,1.0,2.0,1.0,1.0,5.0,1.0,2.0,1.0,2.0,5.0,1.0,2.0,1.0,1.0,3.0,1.0,3.0,3.0,2.0,0.0,2.0,0.0,3.0,0,0,1.5,1,2,Bajo
1.0,2.0,1.0,1.0,1.0,1.0,5.0,1.0,1.0,1.0,2.0,1.0,1.0,2.0,1.0,1.0,1.0,1.0,4.0,4.0,2.0,0.0,2.0,0.0,4.0,1,0,2.0,1,8,Alto
1.0,3.0,1.0,1.0,1.0,2.0,4.0,8.0,3.0,1.0,2.0,5.0,1.0,7.0,2.0,3.0,0.0,1.0,1.0,1.0,2.0,0.0,2.0,0.0,0.5,0,1,0.14285715,1,3,Bajo
1.0,2.0,1.0,2.0,1.0,1.0,3.0,1.0,1.0,1.0,5.0,1.0,1.0,2.0,1.0,1.0,1.0,5.0,1.0,1.0,2.0,0.0,2.0,0.0,1.0,0,0,0.5,1,4,Medio
1.0,2.0,1.0,2.0,1.0,2.0,1.0,1.0,1.0,1.0,1.0,1.0,1.0,2.0,2.0,3.0,0.0,3.0,3.0,3.0,2.0,0.0,2.0,0.0,1.5,0,1,1.5,1,6,Medio
2.0,2.0,1.0,2.0,1.0,1.0,5.0,1.0,1.0,1.0,1.0,6.0,1.0,3.0,1.0,1.0,3.0,1.0,1.0,1.0,2.0,0.0,1.0,1.0,1.0,0,0,0.33333334,1,4,Medio
1.0,2.0,1.0,2.0,1.0,1.0,3.0,1.0,1.0,1.0,2.0,2.0,1.0,3.0,3.0,1.0,1.0,1.0,6.0,5.0,2.0,0.0,2.0,0.0,2.0,0,0,2.0,1,8,Alto
1.0,7.0,1.0,1.0,1.0,2.0,4.0,1.0,1.0,1.0,2.0,2.0,1.0,2.0,1.0,1.0,1.0,3.0,1.0,1.0,1.0,1.0,2.0,0.0,1.0,0,0,0.5,1,11,Alto
2.0,4.0,1.0,2.0,1.0,4.0,1.0,2.0,3.0,1.0,3.0,3.0,2.0,1.0,1.0,3.0,0.0,1.0,5.0,5.0,2.0,0.0,2.0,0.0,5.0,1,1,5.0,0,1,Bajo
1.0,2.0,1.0,1.0,1.0,1.0,3.0,1.0,1.0,1.0,2.0,2.0,1.0,4.0,2.0,1.0,1.0,1.0,2.0,2.0,2.0,0.0,2.0,0.0,1.0,0,0,0.5,1,5,Medio
1.0,3.0,1.0,1.0,1.0,2.0,4.0,1.0,1.0,1.0,1.0,2.0,1.0,2.0,2.0,1.0,1.0,1.0,4.0,4.0,2.0,0.0,2.0,0.0,2.0,0,0,2.0,1,9,Alto
2.0,7.0,2.0,5.0,2.0,1.0,1.0,3.0,3.0,5.0,3.0,6.0,1.0,1.0,1.0,3.0,0.0,1.0,3.0,6.0,2.0,0.0,2.0,0.0,3.0,0,1,3.0,0,0,Bajo
1.0,7.0,1.0,1.0,1.0,2.0,4.0,1.0,1.0,1.0,2.0,2.0,1.0,5.0,4.0,1.0,2.0,2.0,3.0,3.0,2.0,0.0,2.0,0.0,0.75,0,0,0.6,1,11,Alto
2.0,2.0,1.0,2.0,1.0,1.0,5.0,4.0,3.0,3.0,3.0,5.0,1.0,2.0,1.0,1.0,3.0,1.0,1.0,1.0,2.0,0.0,2.0,0.0,1.0,0,0,0.5,0,4,Medio
2.0,7.0,1.0,5.0,2.0,2.0,1.0,4.0,3.0,3.0,1.0,5.0,1.0,2.0,1.0,3.0,0.0,1.0,5.0,6.0,2.0,0.0,2.0,0.0,5.0,1,1,2.5,1,5,Medio
1.0,4.0,1.0,2.0,1.0,1.0,3.0,1.0,1.0,1.0,2.0,1.0,1.0,4.0,3.0,1.0,1.0,1.0,4.0,5.0,2.0,0.0,1.0,1.0,1.3333334,0,0,1.0,1,9,Alto
1.0,6.0,1.0,1.0,1.0,1.0,4.0,1.0,1.0,1.0,2.0,1.0,1.0,3.0,2.0,1.0,1.0,3.0,2.0,3.0,2.0,0.0,2.0,0.0,1.0,0,0,0.6666667,1,8,Alto
1.0,4.0,1.0,2.0,1.0,1.0,5.0,1.0,1.0,1.0,1.0,2.0,2.0,3.0,2.0,2.0,1.0,1.0,10.0,5.0,2.0,0.0,2.0,0.0,5.0,1,0,3.3333333,1,6,Medio
1.0,2.0,1.0,1.0,2.0,1.0,5.0,1.0,1.0,1.0,2.0,1.0,1.0,5.0,5.0,1.0,1.0,1.0,3.0,5.0,2.0,0.0,2.0,0.0,0.6,0,0,0.6,1,3,Bajo
1.0,8.0,1.0,1.0,2.0,1.0,1.0,9.0,3.0,5.0,1.0,2.0,1.0,1.0,1.0,1.0,3.0,1.0,2.0,3.0,2.0,0.0,2.0,0.0,2.0,0,1,2.0,1,2,Bajo
1.0,2.0,1.0,1.0,1.0,1.0,5.0,1.0,1.0,1.0,2.0,2.0,1.0,3.0,3.0,1.0,1.0,1.0,2.0,3.0,2.0,0.0,2.0,0.0,0.6666667,0,0,0.6666667,1,4,Medio
2.0,2.0,1.0,1.0,1.0,1.0,4.0,3.0,3.0,1.0,1.0,5.0,1.0,3.0,2.0,3.0,0.0,1.0,2.0,3.0,2.0,0.0,2.0,0.0,1.0,0,1,0.6666667,1,7,Alto
2.0,2.0,1.0,1.0,1.0,1.0,1.0,1.0,1.0,1.0,1.0,6.0,1.0,3.0,2.0,1.0,3.0,1.0,5.0,5.0,2.0,0.0,1.0,1.0,2.5,0,0,1.6666666,0,3,Bajo
1.0,2.0,3.0,2.0,1.0,1.0,3.0,1.0,1.0,1.0,1.0,1.0,1.0,2.0,1.0,1.0,1.0,3.0,3.0,3.0,2.0,0.0,2.0,0.0,3.0,0,0,1.5,1,8,Alto
1.0,2.0,1.0,1.0,1.0,1.0,5.0,1.0,1.0,1.0,2.0,2.0,1.0,3.0,3.0,1.0,1.0,2.0,5.0,5.0,2.0,0.0,2.0,0.0,1.6666666,0,0,1.6666666,1,4,Medio
2.0,5.0,1.0,1.0,1.0,1.0,4.0,1.0,1.0,1.0,1.0,2.0,1.0,1.0,1.0,1.0,1.0,1.0,1.0,1.0,2.0,0.0,2.0,0.0,1.0,0,0,1.0,1,5,Medio
2.0,9.0,1.0,1.0,1.0,1.0,4.0,4.0,1.0,4.0,1.0,2.0,1.0,2.0,2.0,1.0,3.0,7.0,4.0,4.0,2.0,0.0,2.0,0.0,2.0,0,0,2.0,1,5,Medio
1.0,7.0,1.0,1.0,1.0,2.0,4.0,1.0,1.0,1.0,1.0,1.0,1.0,4.0,3.0,1.0,1.0,4.0,4.0,4.0,2.0,0.0,2.0,0.0,1.3333334,0,0,1.0,1,9,Alto
1.0,3.0,3.0,1.0,1.0,3.0,4.0,1.0,1.0,1.0,2.0,1.0,1.0,6.0,5.0,1.0,1.0,1.0,6.0,4.0,2.0,0.0,2.0,0.0,1.2,0,0,1.0,1,6,Medio
1.0,6.0,4.0,1.0,1.0,3.0,4.0,1.0,1.0,1.0,1.0,2.0,2.0,1.0,0.0,2.0,1.0,4.0,1.0,1.0,2.0,0.0,2.0,0.0,1.0,0,0,1.0,1,3,Bajo
2.0,2.0,1.0,2.0,2.0,1.0,1.0,6.0,2.0,1.0,3.0,5.0,1.0,2.0,2.0,1.0,3.0,1.0,4.0,4.0,2.0,0.0,2.0,0.0,2.0,0,1,2.0,0,1,Bajo
1.0,7.0,1.0,1.0,1.0,2.0,5.0,1.0,1.0,1.0,1.0,5.0,1.0,2.0,2.0,1.0,2.0,1.0,5.0,3.0,2.0,0.0,2.0,0.0,2.5,0,0,2.5,1,4,Medio
1.0,3.0,3.0,1.0,1.0,3.0,4.0,1.0,1.0,1.0,2.0,2.0,1.0,3.0,3.0,1.0,1.0,3.0,4.0,3.0,2.0,0.0,2.0,0.0,1.3333334,0,0,1.3333334,1,12,Alto
2.0,1.0,1.0,1.0,1.0,1.0,1.0,7.0,3.0,1.0,3.0,5.0,2.0,1.0,1.0,3.0,0.0,1.0,6.0,4.0,2.0,0.0,2.0,0.0,6.0,1,1,6.0,0,0,Bajo
2.0,3.0,1.0,2.0,1.0,1.0,5.0,1.0,2.0,1.0,1.0,5.0,1.0,2.0,2.0,1.0,3.0,1.0,3.0,3.0,2.0,0.0,1.0,1.0,1.5,0,0,1.5,1,3,Bajo
1.0,4.0,1.0,1.0,1.0,3.0,4.0,1.0,1.0,1.0,1.0,2.0,1.0,5.0,3.0,1.0,1.0,1.0,3.0,3.0,2.0,0.0,2.0,0.0,1.0,0,0,0.6,1,9,Alto
1.0,7.0,1.0,1.0,1.0,2.0,4.0,1.0,1.0,1.0,1.0,2.0,1.0,2.0,2.0,1.0,3.0,1.0,6.0,5.0,2.0,0.0,2.0,0.0,3.0,0,0,3.0,1,6,Medio
1.0,8.0,1.0,1.0,1.0,1.0,5.0,1.0,2.0,1.0,1.0,2.0,2.0,1.0,1.0,1.0,1.0,4.0,4.0,3.0,2.0,0.0,2.0,0.0,4.0,1,0,4.0,1,4,Medio
1.0,3.0,1.0,1.0,1.0,2.0,5.0,8.0,3.0,1.0,1.0,5.0,1.0,2.0,2.0,2.0,3.0,1.0,2.0,2.0,2.0,0.0,2.0,0.0,1.0,0,1,1.0,1,5,Medio
1.0,7.0,1.0,1.0,2.0,2.0,7.0,1.0,1.0,1.0,1.0,2.0,2.0,2.0,1.0,1.0,1.0,8.0,2.0,2.0,2.0,0.0,1.0,1.0,2.0,0,0,1.0,0,4,Medio
1.0,7.0,4.0,2.0,1.0,2.0,5.0,1.0,1.0,1.0,1.0,2.0,1.0,2.0,1.0,2.0,1.0,4.0,5.0,4.0,2.0,0.0,2.0,0.0,5.0,1,0,2.5,1,3,Bajo
1.0,2.0,1.0,1.0,1.0,3.0,4.0,1.0,1.0,1.0,2.0,1.0,1.0,4.0,3.0,1.0,1.0,5.0,3.0,3.0,2.0,0.0,2.0,0.0,1.0,0,0,0.75,1,8,Alto
2.0,2.0,6.0,1.0,2.0,1.0,1.0,1.0,2.0,1.0,1.0,5.0,2.0,1.0,0.0,3.0,0.0,1.0,2.0,5.0,2.0,0.0,1.0,1.0,2.0,0,1,2.0,1,3,Bajo
2.0,2.0,1.0,2.0,1.0,4.0,1.0,4.0,3.0,1.0,3.0,5.0,1.0,1.0,1.0,3.0,0.0,1.0,3.0,5.0,2.0,0.0,2.0,0.0,3.0,0,1,3.0,0,1,Bajo
1.0,3.0,1.0,1.0,1.0,2.0,4.0,4.0,1.0,1.0,1.0,2.0,1.0,5.0,3.0,1.0,3.0,1.0,3.0,5.0,2.0,0.0,2.0,0.0,1.0,0,0,0.6,1,8,Alto
2.0,1.0,1.0,2.0,2.0,1.0,1.0,1.0,2.0,1.0,1.0,3.0,2.0,1.0,1.0,1.0,3.0,4.0,4.0,4.0,2.0,0.0,2.0,0.0,4.0,1,0,4.0,1,4,Medio
2.0,2.0,1.0,1.0,1.0,1.0,5.0,1.0,2.0,1.0,1.0,1.0,1.0,2.0,1.0,3.0,0.0,1.0,4.0,4.0,2.0,0.0,2.0,0.0,4.0,1,1,2.0,0,1,Bajo
2.0,7.0,2.0,5.0,2.0,1.0,1.0,4.0,3.0,5.0,3.0,5.0,2.0,1.0,1.0,3.0,0.0,1.0,1.0,1.0,2.0,0.0,2.0,0.0,1.0,0,1,1.0,0,4,Medio
2.0,2.0,1.0,2.0,1.0,1.0,5.0,1.0,1.0,1.0,1.0,3.0,1.0,4.0,3.0,1.0,2.0,4.0,1.0,1.0,2.0,0.0,2.0,0.0,0.33333334,0,0,0.25,1,3,Bajo
1.0,2.0,1.0,1.0,1.0,1.0,4.0,6.0,1.0,1.0,1.0,1.0,1.0,6.0,4.0,1.0,1.0,1.0,3.0,5.0,2.0,0.0,2.0,0.0,0.75,0,1,0.5,1,10,Alto
1.0,2.0,3.0,1.0,1.0,1.0,2.0,1.0,1.0,1.0,2.0,1.0,1.0,4.0,2.0,1.0,1.0,1.0,2.0,5.0,2.0,0.0,1.0,1.0,1.0,0,0,0.5,1,7,Alto
1.0,7.0,1.0,1.0,1.0,2.0,4.0,1.0,1.0,1.0,2.0,1.0,1.0,2.0,1.0,2.0,2.0,8.0,2.0,2.0,2.0,0.0,2.0,0.0,2.0,0,0,1.0,1,5,Medio
1.0,7.0,3.0,1.0,1.0,3.0,4.0,1.0,1.0,1.0,2.0,1.0,1.0,2.0,1.0,1.0,1.0,3.0,1.0,1.0,2.0,0.0,2.0,0.0,1.0,0,0,0.5,1,8,Alto
2.0,2.0,1.0,2.0,1.0,1.0,1.0,1.0,2.0,1.0,3.0,5.0,1.0,2.0,1.0,3.0,0.0,1.0,2.0,5.0,2.0,0.0,2.0,0.0,2.0,0,1,1.0,0,1,Bajo
1.0,7.0,4.0,1.0,1.0,1.0,4.0,1.0,1.0,1.0,1.0,2.0,2.0,1.0,1.0,2.0,1.0,4.0,4.0,4.0,2.0,0.0,2.0,0.0,4.0,1,0,4.0,1,3,Bajo
2.0,2.0,1.0,1.0,1.0,1.0,5.0,1.0,2.0,1.0,1.0,5.0,1.0,2.0,2.0,1.0,3.0,1.0,1.0,1.0,1.0,2.0,2.0,0.0,0.5,0,0,0.5,1,2,Bajo
1.0,3.0,1.0,1.0,1.0,1.0,4.0,1.0,1.0,1.0,1.0,5.0,1.0,4.0,4.0,1.0,3.0,5.0,4.0,4.0,2.0,0.0,2.0,0.0,1.0,0,0,1.0,1,6,Medio
2.0,3.0,1.0,1.0,1.0,1.0,5.0,5.0,2.0,1.0,1.0,5.0,1.0,3.0,2.0,1.0,3.0,1.0,4.0,5.0,2.0,0.0,2.0,0.0,2.0,0,1,1.3333334,1,4,Medio
2.0,3.0,1.0,1.0,1.0,1.0,4.0,3.0,2.0,5.0,3.0,5.0,2.0,2.0,2.0,1.0,3.0,1.0,4.0,4.0,2.0,0.0,2.0,0.0,2.0,0,1,2.0,0,1,Bajo
1.0,7.0,1.0,1.0,1.0,2.0,3.0,1.0,1.0,1.0,1.0,2.0,1.0,4.0,2.0,1.0,1.0,1.0,2.0,3.0,2.0,0.0,2.0,0.0,1.0,0,0,0.5,1,10,Alto
2.0,7.0,1.0,1.0,1.0,1.0,5.0,4.0,2.0,1.0,3.0,5.0,1.0,4.0,2.0,1.0,3.0,1.0,1.0,1.0,2.0,0.0,2.0,0.0,0.5,0,0,0.25,0,3,Bajo
1.0,2.0,1.0,1.0,1.0,1.0,5.0,1.0,1.0,1.0,1.0,1.0,1.0,2.0,1.0,1.0,1.0,1.0,1.0,1.0,2.0,0.0,2.0,0.0,1.0,0,0,0.5,1,8,Alto
1.0,4.0,1.0,1.0,1.0,1.0,4.0,1.0,1.0,1.0,2.0,2.0,1.0,7.0,4.0,1.0,1.0,1.0,8.0,5.0,2.0,0.0,1.0,1.0,2.0,0,0,1.1428572,1,7,Alto
1.0,3.0,3.0,1.0,1.0,3.0,5.0,1.0,1.0,1.0,1.0,2.0,1.0,4.0,4.0,1.0,1.0,1.0,6.0,4.0,2.0,0.0,2.0,0.0,1.5,0,0,1.5,1,10,Alto
1.0,2.0,1.0,1.0,1.0,1.0,5.0,1.0,1.0,1.0,1.0,1.0,1.0,6.0,6.0,1.0,1.0,1.0,3.0,4.0,2.0,0.0,1.0,1.0,0.5,0,0,0.5,1,4,Medio
2.0,5.0,1.0,2.0,2.0,4.0,1.0,7.0,3.0,5.0,3.0,7.0,1.0,3.0,1.0,3.0,0.0,1.0,1.0,1.0,1.0,2.0,2.0,0.0,1.0,0,1,0.33333334,0,5,Medio
1.0,2.0,3.0,1.0,1.0,1.0,4.0,1.0,1.0,1.0,1.0,1.0,1.0,1.0,1.0,1.0,1.0,4.0,1.0,1.0,2.0,0.0,2.0,0.0,1.0,0,0,1.0,1,6,Medio
1.0,2.0,1.0,1.0,2.0,1.0,1.0,1.0,1.0,5.0,1.0,2.0,1.0,2.0,0.0,3.0,0.0,1.0,1.0,1.0,2.0,0.0,2.0,0.0,1.0,0,1,0.5,1,2,Bajo
2.0,4.0,1.0,2.0,1.0,1.0,1.0,1.0,1.0,4.0,3.0,5.0,1.0,2.0,1.0,3.0,0.0,1.0,1.0,1.0,2.0,0.0,1.0,1.0,1.0,0,1,0.5,1,2,Bajo
1.0,3.0,4.0,1.0,1.0,2.0,4.0,1.0,1.0,1.0,8.0,2.0,2.0,2.0,1.0,2.0,1.0,4.0,1.0,1.0,2.0,0.0,2.0,0.0,1.0,0,0,0.5,1,2,Bajo
2.0,2.0,1.0,2.0,1.0,1.0,1.0,1.0,1.0,1.0,1.0,4.0,2.0,1.0,1.0,3.0,0.0,1.0,2.0,2.0,2.0,0.0,2.0,0.0,2.0,0,1,2.0,0,4,Medio
1.0,7.0,1.0,1.0,2.0,2.0,4.0,1.0,1.0,1.0,2.0,2.0,1.0,2.0,2.0,1.0,2.0,1.0,1.0,1.0,2.0,0.0,1.0,1.0,0.5,0,0,0.5,0,6,Medio
1.0,7.0,1.0,1.0,1.0,3.0,4.0,1.0,1.0,1.0,1.0,2.0,1.0,2.0,2.0,1.0,1.0,4.0,3.0,3.0,2.0,0.0,2.0,0.0,1.5,0,0,1.5,1,7,Alto
1.0,7.0,3.0,1.0,1.0,3.0,4.0,1.0,1.0,1.0,2.0,1.0,1.0,2.0,1.0,1.0,1.0,1.0,1.0,1.0,2.0,0.0,2.0,0.0,1.0,0,0,0.5,1,9,Alto
1.0,2.0,1.0,1.0,1.0,1.0,5.0,1.0,1.0,1.0,1.0,2.0,1.0,2.0,1.0,1.0,1.0,1.0,4.0,4.0,2.0,0.0,2.0,0.0,4.0,1,0,2.0,1,5,Medio
1.0,2.0,1.0,2.0,1.0,1.0,5.0,1.0,1.0,1.0,1.0,1.0,1.0,1.0,1.0,1.0,1.0,8.0,1.0,1.0,2.0,0.0,2.0,0.0,1.0,0,0,1.0,1,6,Medio
2.0,5.0,1.0,2.0,2.0,1.0,1.0,1.0,2.0,1.0,3.0,3.0,1.0,2.0,2.0,3.0,0.0,8.0,2.0,3.0,2.0,0.0,2.0,0.0,1.0,0,1,1.0,0,0,Bajo
1.0,2.0,1.0,1.0,2.0,1.0,5.0,1.0,1.0,1.0,1.0,2.0,1.0,3.0,3.0,1.0,1.0,1.0,1.0,1.0,2.0,0.0,2.0,0.0,0.33333334,0,0,0.33333334,1,4,Medio
1.0,2.0,2.0,5.0,2.0,1.0,1.0,3.0,3.0,5.0,3.0,5.0,2.0,1.0,1.0,3.0,0.0,1.0,1.0,1.0,2.0,0.0,2.0,0.0,1.0,0,1,1.0,0,1,Bajo
2.0,6.0,1.0,2.0,1.0,2.0,5.0,1.0,2.0,1.0,1.0,2.0,1.0,2.0,2.0,1.0,3.0,1.0,4.0,4.0,2.0,0.0,2.0,0.0,2.0,0,0,2.0,1,4,Medio
2.0,3.0,1.0,1.0,1.0,1.0,4.0,4.0,1.0,1.0,1.0,5.0,2.0,1.0,1.0,1.0,3.0,1.0,1.0,1.0,2.0,0.0,2.0,0.0,1.0,0,0,1.0,1,3,Bajo
2.0,1.0,1.0,2.0,1.0,1.0,5.0,1.0,1.0,1.0,3.0,5.0,1.0,2.0,0.0,1.0,1.0,1.0,1.0,1.0,2.0,0.0,2.0,0.0,1.0,0,0,0.5,0,0,Bajo
2.0,8.0,1.0,5.0,2.0,1.0,1.0,7.0,3.0,5.0,3.0,5.0,1.0,2.0,1.0,1.0,6.0,1.0,2.0,2.0,2.0,0.0,2.0,0.0,2.0,0,1,1.0,0,2,Bajo
1.0,2.0,1.0,1.0,1.0,1.0,4.0,1.0,1.0,1.0,1.0,1.0,1.0,2.0,1.0,1.0,1.0,4.0,1.0,1.0,2.0,0.0,2.0,0.0,1.0,0,0,0.5,0,5,Medio
1.0,7.0,1.0,1.0,1.0,1.0,4.0,1.0,1.0,1.0,2.0,2.0,1.0,2.0,1.0,2.0,1.0,1.0,2.0,2.0,1.0,3.0,2.0,0.0,2.0,0,0,1.0,1,4,Medio
2.0,2.0,1.0,2.0,1.0,1.0,5.0,1.0,2.0,3.0,3.0,6.0,2.0,1.0,1.0,3.0,0.0,1.0,1.0,1.0,2.0,0.0,2.0,0.0,1.0,0,1,1.0,1,3,Bajo
1.0,5.0,4.0,1.0,2.0,1.0,1.0,2.0,3.0,5.0,1.0,3.0,2.0,1.0,0.0,3.0,0.0,1.0,1.0,1.0,2.0,0.0,2.0,0.0,1.0,0,1,1.0,0,0,Bajo
1.0,7.0,1.0,1.0,1.0,3.0,4.0,1.0,1.0,1.0,2.0,2.0,1.0,3.0,3.0,1.0,1.0,2.0,5.0,4.0,2.0,0.0,2.0,0.0,1.6666666,0,0,1.6666666,1,10,Alto
2.0,7.0,1.0,5.0,2.0,1.0,1.0,3.0,3.0,3.0,3.0,5.0,2.0,3.0,2.0,1.0,3.0,1.0,8.0,5.0,2.0,0.0,2.0,0.0,4.0,1,0,2.6666667,0,2,Bajo
1.0,7.0,1.0,1.0,2.0,2.0,5.0,3.0,1.0,1.0,1.0,3.0,2.0,2.0,0.0,3.0,0.0,8.0,5.0,4.0,2.0,0.0,2.0,0.0,5.0,1,1,2.5,0,3,Bajo
1.0,3.0,1.0,1.0,1.0,2.0,4.0,1.0,1.0,1.0,2.0,2.0,1.0,3.0,3.0,1.0,1.0,1.0,4.0,5.0,2.0,0.0,2.0,0.0,1.3333334,0,0,1.3333334,1,9,Alto
2.0,4.0,1.0,1.0,1.0,1.0,5.0,1.0,1.0,1.0,1.0,5.0,1.0,3.0,1.0,1.0,1.0,4.0,1.0,1.0,2.0,0.0,2.0,0.0,1.0,0,0,0.33333334,1,6,Medio
2.0,7.0,1.0,3.0,2.0,2.0,1.0,4.0,3.0,5.0,3.0,5.0,1.0,1.0,1.0,1.0,6.0,1.0,1.0,1.0,1.0,4.0,2.0,0.0,1.0,0,1,1.0,0,2,Bajo
2.0,6.0,1.0,1.0,1.0,1.0,4.0,5.0,1.0,1.0,3.0,5.0,1.0,2.0,2.0,1.0,3.0,1.0,3.0,3.0,2.0,0.0,2.0,0.0,1.5,0,1,1.5,1,5,Medio
1.0,3.0,1.0,1.0,1.0,2.0,5.0,1.0,1.0,1.0,1.0,2.0,1.0,5.0,5.0,1.0,3.0,1.0,7.0,5.0,2.0,0.0,2.0,0.0,1.4,0,0,1.4,1,6,Medio
1.0,7.0,1.0,2.0,1.0,2.0,5.0,1.0,1.0,1.0,1.0,2.0,1.0,3.0,3.0,1.0,2.0,1.0,2.0,5.0,2.0,0.0,2.0,0.0,0.6666667,0,0,0.6666667,0,3,Bajo
2.0,3.0,1.0,1.0,1.0,1.0,4.0,2.0,3.0,1.0,1.0,2.0,1.0,2.0,1.0,1.0,2.0,1.0,4.0,4.0,2.0,0.0,2.0,0.0,4.0,1,0,2.0,0,5,Medio
1.0,7.0,1.0,1.0,1.0,2.0,4.0,1.0,1.0,1.0,2.0,2.0,1.0,3.0,3.0,1.0,1.0,5.0,4.0,4.0,2.0,0.0,2.0,0.0,1.3333334,0,0,1.3333334,1,7,Alto
1.0,6.0,3.0,1.0,1.0,3.0,4.0,1.0,1.0,1.0,1.0,2.0,1.0,4.0,2.0,1.0,1.0,3.0,4.0,4.0,2.0,0.0,2.0,0.0,2.0,0,0,1.0,1,11,Alto
2.0,1.0,1.0,2.0,2.0,4.0,1.0,3.0,3.0,5.0,3.0,6.0,2.0,1.0,1.0,3.0,0.0,1.0,3.0,6.0,2.0,0.0,2.0,0.0,3.0,0,1,3.0,0,1,Bajo
1.0,3.0,1.0,2.0,1.0,1.0,5.0,1.0,1.0,1.0,2.0,2.0,1.0,2.0,2.0,2.0,2.0,3.0,5.0,4.0,2.0,0.0,2.0,0.0,2.5,0,0,2.5,1,10,Alto
2.0,5.0,1.0,2.0,2.0,1.0,1.0,1.0,2.0,5.0,3.0,4.0,2.0,2.0,2.0,3.0,0.0,1.0,6.0,4.0,2.0,0.0,1.0,1.0,3.0,0,1,3.0,1,1,Bajo
2.0,8.0,2.0,5.0,2.0,1.0,1.0,7.0,3.0,5.0,3.0,5.0,2.0,1.0,1.0,2.0,3.0,1.0,5.0,4.0,2.0,0.0,2.0,0.0,5.0,1,1,5.0,0,3,Bajo
2.0,4.0,1.0,1.0,2.0,1.0,1.0,2.0,3.0,5.0,3.0,6.0,2.0,1.0,1.0,3.0,0.0,1.0,2.0,2.0,2.0,0.0,2.0,0.0,2.0,0,1,2.0,1,3,Bajo
1.0,2.0,1.0,1.0,1.0,1.0,3.0,1.0,1.0,1.0,2.0,2.0,1.0,2.0,2.0,1.0,1.0,1.0,2.0,3.0,2.0,0.0,2.0,0.0,1.0,0,0,1.0,1,5,Medio
1.0,6.0,3.0,1.0,1.0,1.0,4.0,1.0,1.0,1.0,2.0,2.0,1.0,1.0,1.0,1.0,1.0,4.0,1.0,1.0,2.0,0.0,2.0,0.0,1.0,0,0,1.0,1,4,Medio
1.0,2.0,1.0,1.0,1.0,1.0,5.0,1.0,1.0,1.0,1.0,1.0,1.0,2.0,2.0,1.0,1.0,1.0,5.0,5.0,2.0,0.0,1.0,1.0,2.5,0,0,2.5,1,6,Medio
1.0,7.0,1.0,1.0,1.0,2.0,4.0,1.0,1.0,1.0,2.0,1.0,1.0,2.0,2.0,1.0,1.0,1.0,4.0,5.0,2.0,0.0,2.0,0.0,2.0,0,0,2.0,1,8,Alto
2.0,5.0,1.0,2.0,2.0,1.0,1.0,3.0,2.0,1.0,3.0,7.0,1.0,2.0,1.0,3.0,0.0,1.0,2.0,2.0,2.0,0.0,2.0,0.0,2.0,0,1,1.0,0,1,Bajo
1.0,5.0,1.0,1.0,1.0,1.0,4.0,1.0,1.0,1.0,1.0,2.0,1.0,1.0,1.0,2.0,5.0,1.0,3.0,6.0,1.0,2.0,2.0,0.0,3.0,0,0,3.0,1,6,Medio
1.0,7.0,1.0,1.0,1.0,2.0,4.0,1.0,2.0,1.0,1.0,2.0,1.0,3.0,3.0,1.0,2.0,1.0,11.0,5.0,1.0,1.0,2.0,0.0,3.6666667,1,0,3.6666667,1,6,Medio
1.0,2.0,1.0,1.0,1.0,1.0,5.0,1.0,1.0,1.0,2.0,2.0,1.0,4.0,3.0,1.0,1.0,1.0,4.0,5.0,2.0,0.0,1.0,1.0,1.3333334,0,0,1.0,1,7,Alto
1.0,7.0,1.0,1.0,1.0,2.0,4.0,1.0,1.0,1.0,2.0,2.0,2.0,2.0,2.0,1.0,1.0,4.0,2.0,2.0,2.0,0.0,2.0,0.0,1.0,0,0,1.0,1,1,Bajo
2.0,6.0,1.0,1.0,2.0,2.0,5.0,1.0,1.0,1.0,1.0,2.0,1.0,2.0,1.0,2.0,2.0,1.0,1.0,1.0,2.0,0.0,2.0,0.0,1.0,0,0,0.5,1,4,Medio
1.0,2.0,1.0,1.0,1.0,1.0,5.0,8.0,3.0,1.0,1.0,1.0,1.0,1.0,1.0,1.0,1.0,1.0,2.0,2.0,2.0,0.0,2.0,0.0,2.0,0,1,2.0,1,5,Medio
2.0,3.0,1.0,1.0,1.0,2.0,4.0,3.0,3.0,1.0,3.0,5.0,1.0,3.0,2.0,1.0,3.0,1.0,7.0,4.0,2.0,0.0,1.0,1.0,3.5,1,0,2.3333333,1,4,Medio
2.0,2.0,1.0,2.0,1.0,1.0,5.0,1.0,1.0,1.0,1.0,2.0,1.0,3.0,2.0,1.0,3.0,1.0,2.0,2.0,2.0,0.0,1.0,1.0,1.0,0,0,0.6666667,1,7,Alto
2.0,3.0,1.0,1.0,1.0,2.0,4.0,1.0,1.0,1.0,1.0,5.0,1.0,2.0,1.0,1.0,3.0,1.0,2.0,3.0,2.0,0.0,2.0,0.0,2.0,0,0,1.0,0,6,Medio
2.0,2.0,1.0,2.0,1.0,1.0,1.0,1.0,2.0,1.0,3.0,7.0,1.0,2.0,1.0,3.0,0.0,1.0,1.0,1.0,2.0,0.0,2.0,0.0,1.0,0,1,0.5,0,4,Medio
2.0,4.0,1.0,2.0,1.0,1.0,7.0,1.0,1.0,1.0,2.0,5.0,1.0,3.0,1.0,2.0,2.0,8.0,3.0,3.0,2.0,0.0,1.0,1.0,3.0,0,0,1.0,0,2,Bajo
1.0,7.0,1.0,1.0,1.0,2.0,5.0,1.0,1.0,1.0,2.0,2.0,1.0,6.0,5.0,1.0,1.0,1.0,9.0,4.0,2.0,0.0,2.0,0.0,1.8,0,0,1.5,1,6,Medio
1.0,2.0,1.0,1.0,1.0,2.0,5.0,1.0,1.0,1.0,2.0,1.0,1.0,7.0,4.0,1.0,1.0,3.0,3.0,4.0,2.0,0.0,2.0,0.0,0.75,0,0,0.42857143,1,7,Alto
1.0,7.0,1.0,1.0,1.0,2.0,5.0,1.0,2.0,1.0,1.0,3.0,1.0,3.0,3.0,1.0,2.0,1.0,4.0,4.0,2.0,0.0,2.0,0.0,1.3333334,0,0,1.3333334,1,5,Medio
1.0,6.0,1.0,1.0,1.0,1.0,4.0,1.0,1.0,1.0,1.0,2.0,2.0,3.0,3.0,1.0,1.0,2.0,6.0,5.0,2.0,0.0,2.0,0.0,2.0,0,0,2.0,1,8,Alto
1.0,2.0,1.0,1.0,1.0,1.0,5.0,1.0,1.0,1.0,2.0,1.0,1.0,2.0,2.0,1.0,1.0,1.0,3.0,4.0,2.0,0.0,2.0,0.0,1.5,0,0,1.5,0,5,Medio
1.0,2.0,1.0,1.0,1.0,1.0,1.0,1.0,1.0,1.0,1.0,2.0,1.0,2.0,2.0,1.0,1.0,1.0,3.0,3.0,1.0,4.0,1.0,1.0,1.5,0,0,1.5,1,5,Medio
2.0,3.0,1.0,2.0,1.0,2.0,1.0,1.0,1.0,1.0,1.0,5.0,1.0,2.0,2.0,1.0,3.0,3.0,4.0,4.0,2.0,0.0,2.0,0.0,2.0,0,0,2.0,1,6,Medio
1.0,7.0,4.0,1.0,1.0,2.0,4.0,1.0,2.0,1.0,1.0,2.0,1.0,1.0,1.0,2.0,3.0,4.0,4.0,5.0,2.0,0.0,2.0,0.0,4.0,1,0,4.0,1,4,Medio
1.0,2.0,1.0,2.0,1.0,1.0,5.0,1.0,2.0,1.0,2.0,1.0,1.0,3.0,2.0,1.0,1.0,3.0,3.0,5.0,2.0,0.0,2.0,0.0,1.5,0,0,1.0,1,5,Medio
1.0,8.0,1.0,5.0,2.0,1.0,1.0,1.0,1.0,1.0,1.0,5.0,1.0,1.0,1.0,1.0,3.0,8.0,5.0,5.0,2.0,0.0,2.0,0.0,5.0,1,0,5.0,1,5,Medio
1.0,2.0,1.0,1.0,1.0,1.0,5.0,1.0,1.0,1.0,1.0,2.0,1.0,1.0,1.0,2.0,1.0,1.0,2.0,3.0,1.0,1.0,1.0,1.0,2.0,0,0,2.0,1,3,Bajo
1.0,2.0,1.0,2.0,1.0,1.0,5.0,1.0,1.0,1.0,1.0,1.0,1.0,5.0,5.0,1.0,1.0,1.0,5.0,5.0,1.0,1.0,2.0,0.0,1.0,0,0,1.0,1,6,Medio
2.0,7.0,1.0,3.0,1.0,4.0,1.0,7.0,3.0,3.0,3.0,7.0,1.0,1.0,1.0,3.0,0.0,1.0,2.0,5.0,2.0,0.0,1.0,1.0,2.0,0,1,2.0,1,2,Bajo
1.0,3.0,1.0,1.0,2.0,1.0,5.0,1.0,1.0,1.0,2.0,1.0,1.0,2.0,2.0,1.0,3.0,1.0,5.0,5.0,2.0,0.0,2.0,0.0,2.5,0,0,2.5,1,4,Medio
2.0,3.0,1.0,1.0,2.0,1.0,6.0,1.0,2.0,1.0,1.0,5.0,2.0,4.0,3.0,1.0,2.0,1.0,3.0,5.0,1.0,5.0,1.0,1.0,1.0,0,0,0.75,0,5,Medio
1.0,7.0,6.0,1.0,1.0,1.0,4.0,1.0,2.0,1.0,1.0,2.0,2.0,1.0,0.0,2.0,1.0,7.0,7.0,5.0,2.0,0.0,2.0,0.0,7.0,1,0,7.0,0,4,Medio
1.0,7.0,1.0,1.0,1.0,2.0,7.0,1.0,2.0,1.0,1.0,2.0,2.0,1.0,1.0,1.0,3.0,3.0,2.0,3.0,2.0,0.0,2.0,0.0,2.0,0,0,2.0,1,4,Medio
2.0,8.0,1.0,5.0,2.0,4.0,1.0,5.0,3.0,3.0,3.0,1.0,1.0,3.0,3.0,2.0,6.0,1.0,2.0,2.0,2.0,0.0,2.0,0.0,0.6666667,0,1,0.6666667,0,4,Medio
1.0,3.0,1.0,2.0,1.0,1.0,5.0,2.0,3.0,1.0,1.0,1.0,1.0,1.0,1.0,1.0,1.0,1.0,1.0,1.0,1.0,4.0,2.0,0.0,1.0,0,0,1.0,0,2,Bajo
1.0,2.0,1.0,1.0,1.0,1.0,4.0,1.0,1.0,1.0,2.0,2.0,1.0,8.0,3.0,1.0,1.0,1.0,2.0,5.0,2.0,0.0,2.0,0.0,0.6666667,0,0,0.25,1,9,Alto
1.0,7.0,3.0,1.0,1.0,3.0,4.0,1.0,1.0,1.0,2.0,2.0,1.0,2.0,2.0,1.0,1.0,2.0,4.0,4.0,2.0,0.0,2.0,0.0,2.0,0,0,2.0,1,12,Alto
1.0,5.0,1.0,1.0,1.0,1.0,5.0,1.0,1.0,1.0,1.0,2.0,2.0,1.0,1.0,2.0,1.0,3.0,2.0,3.0,2.0,0.0,2.0,0.0,2.0,0,0,2.0,1,3,Bajo
2.0,4.0,1.0,2.0,1.0,1.0,5.0,2.0,3.0,1.0,1.0,5.0,1.0,3.0,1.0,1.0,3.0,1.0,7.0,5.0,2.0,0.0,2.0,0.0,7.0,1,0,2.3333333,0,4,Medio
2.0,7.0,4.0,5.0,2.0,4.0,5.0,4.0,3.0,1.0,3.0,6.0,2.0,1.0,1.0,2.0,3.0,3.0,1.0,1.0,2.0,0.0,2.0,0.0,1.0,0,0,1.0,0,2,Bajo
1.0,4.0,1.0,2.0,1.0,1.0,5.0,1.0,1.0,1.0,2.0,2.0,1.0,6.0,5.0,1.0,1.0,1.0,7.0,5.0,2.0,0.0,2.0,0.0,1.4,0,0,1.1666666,1,6,Medio
2.0,3.0,2.0,5.0,2.0,5.0,1.0,7.0,3.0,5.0,3.0,5.0,2.0,1.0,1.0,3.0,0.0,1.0,2.0,3.0,2.0,0.0,2.0,0.0,2.0,0,1,2.0,1,4,Medio
1.0,9.0,1.0,1.0,1.0,2.0,4.0,1.0,1.0,1.0,1.0,2.0,1.0,3.0,2.0,1.0,2.0,4.0,3.0,4.0,2.0,0.0,2.0,0.0,1.5,0,0,1.0,1,7,Alto
1.0,2.0,1.0,1.0,1.0,1.0,5.0,1.0,1.0,1.0,2.0,3.0,1.0,2.0,1.0,1.0,1.0,1.0,3.0,5.0,1.0,2.0,2.0,0.0,3.0,0,0,1.5,1,7,Alto
1.0,2.0,1.0,1.0,2.0,3.0,1.0,2.0,3.0,1.0,1.0,4.0,1.0,4.0,2.0,1.0,1.0,1.0,2.0,3.0,2.0,0.0,2.0,0.0,1.0,0,0,0.5,1,4,Medio
1.0,3.0,1.0,1.0,1.0,2.0,4.0,1.0,1.0,1.0,2.0,2.0,1.0,4.0,2.0,1.0,1.0,1.0,2.0,3.0,2.0,0.0,1.0,1.0,1.0,0,0,0.5,1,6,Medio
1.0,7.0,4.0,1.0,1.0,2.0,4.0,1.0,1.0,1.0,1.0,1.0,1.0,1.0,0.0,2.0,3.0,4.0,2.0,3.0,2.0,0.0,2.0,0.0,2.0,0,0,2.0,1,3,Bajo
1.0,2.0,1.0,1.0,1.0,1.0,5.0,1.0,1.0,1.0,2.0,2.0,1.0,3.0,2.0,1.0,1.0,1.0,3.0,4.0,2.0,0.0,2.0,0.0,1.5,0,0,1.0,1,6,Medio
2.0,5.0,1.0,1.0,1.0,1.0,4.0,1.0,2.0,1.0,1.0,5.0,1.0,2.0,2.0,1.0,2.0,1.0,3.0,4.0,2.0,0.0,2.0,0.0,1.5,0,0,1.5,1,4,Medio
2.0,9.0,1.0,5.0,2.0,1.0,2.0,4.0,1.0,1.0,3.0,5.0,1.0,4.0,3.0,1.0,3.0,1.0,1.0,1.0,2.0,0.0,2.0,0.0,0.33333334,0,0,0.25,1,7,Alto
2.0,7.0,4.0,1.0,1.0,1.0,5.0,4.0,2.0,1.0,1.0,5.0,1.0,1.0,1.0,2.0,3.0,7.0,4.0,4.0,2.0,0.0,2.0,0.0,4.0,1,0,4.0,1,3,Bajo
1.0,3.0,1.0,1.0,1.0,1.0,5.0,8.0,2.0,1.0,2.0,1.0,1.0,1.0,1.0,2.0,2.0,3.0,2.0,2.0,2.0,0.0,1.0,1.0,2.0,0,1,2.0,1,6,Medio
1.0,3.0,3.0,1.0,1.0,2.0,4.0,1.0,1.0,1.0,2.0,2.0,1.0,5.0,5.0,1.0,1.0,4.0,3.0,4.0,2.0,0.0,2.0,0.0,0.6,0,0,0.6,1,10,Alto
1.0,9.0,4.0,1.0,1.0,1.0,5.0,1.0,1.0,1.0,1.0,1.0,1.0,1.0,1.0,2.0,3.0,4.0,1.0,1.0,2.0,0.0,2.0,0.0,1.0,0,0,1.0,1,9,Alto
1.0,3.0,1.0,1.0,1.0,2.0,4.0,1.0,1.0,1.0,2.0,2.0,1.0,4.0,3.0,1.0,1.0,1.0,2.0,3.0,2.0,0.0,2.0,0.0,0.6666667,0,0,0.5,1,9,Alto
1.0,2.0,1.0,1.0,1.0,3.0,5.0,1.0,2.0,1.0,1.0,2.0,1.0,2.0,2.0,1.0,1.0,2.0,1.0,1.0,2.0,0.0,2.0,0.0,0.5,0,0,0.5,1,5,Medio
1.0,7.0,1.0,1.0,2.0,2.0,5.0,1.0,1.0,1.0,1.0,2.0,2.0,4.0,3.0,1.0,1.0,1.0,4.0,5.0,2.0,0.0,2.0,0.0,1.3333334,0,0,1.0,1,5,Medio
2.0,2.0,1.0,1.0,2.0,1.0,5.0,2.0,3.0,1.0,1.0,6.0,1.0,1.0,0.0,1.0,3.0,1.0,1.0,1.0,2.0,0.0,2.0,0.0,1.0,0,0,1.0,0,6,Medio
2.0,2.0,1.0,1.0,1.0,1.0,3.0,1.0,1.0,1.0,1.0,5.0,1.0,2.0,2.0,1.0,3.0,1.0,3.0,4.0,2.0,0.0,2.0,0.0,1.5,0,0,1.5,1,8,Alto
1.0,3.0,3.0,1.0,1.0,3.0,4.0,1.0,1.0,1.0,2.0,2.0,1.0,2.0,1.0,1.0,1.0,4.0,1.0,1.0,2.0,0.0,2.0,0.0,1.0,0,0,0.5,1,7,Alto
2.0,4.0,1.0,2.0,1.0,4.0,1.0,2.0,3.0,1.0,3.0,6.0,1.0,2.0,2.0,3.0,0.0,1.0,5.0,4.0,2.0,0.0,2.0,0.0,2.5,0,1,2.5,0,1,Bajo
1.0,7.0,1.0,1.0,1.0,3.0,4.0,1.0,1.0,1.0,2.0,2.0,1.0,5.0,4.0,1.0,2.0,1.0,5.0,4.0,2.0,0.0,2.0,0.0,1.25,0,0,1.0,1,11,Alto
1.0,5.0,1.0,1.0,1.0,1.0,4.0,3.0,1.0,1.0,2.0,2.0,1.0,2.0,2.0,1.0,1.0,2.0,4.0,5.0,2.0,0.0,2.0,0.0,2.0,0,0,2.0,1,8,Alto
1.0,4.0,1.0,2.0,1.0,1.0,5.0,1.0,1.0,1.0,1.0,2.0,1.0,3.0,3.0,2.0,1.0,1.0,3.0,6.0,2.0,0.0,2.0,0.0,1.0,0,0,1.0,1,4,Medio
2.0,3.0,2.0,6.0,2.0,1.0,1.0,7.0,3.0,5.0,3.0,5.0,2.0,1.0,1.0,3.0,0.0,1.0,6.0,4.0,2.0,0.0,2.0,0.0,6.0,1,1,6.0,0,2,Bajo
1.0,4.0,4.0,1.0,1.0,1.0,3.0,1.0,1.0,1.0,2.0,2.0,1.0,4.0,1.0,2.0,1.0,5.0,2.0,2.0,1.0,1.0,2.0,0.0,2.0,0,0,0.5,1,7,Alto
2.0,2.0,1.0,2.0,1.0,1.0,1.0,2.0,3.0,1.0,3.0,5.0,1.0,3.0,2.0,1.0,1.0,1.0,9.0,5.0,2.0,0.0,2.0,0.0,4.5,1,0,3.0,0,2,Bajo
2.0,7.0,1.0,1.0,2.0,2.0,5.0,1.0,1.0,1.0,3.0,5.0,1.0,2.0,2.0,1.0,3.0,1.0,4.0,5.0,2.0,0.0,1.0,1.0,2.0,0,0,2.0,1,4,Medio
1.0,2.0,4.0,1.0,1.0,1.0,4.0,1.0,1.0,1.0,1.0,1.0,2.0,1.0,1.0,2.0,1.0,4.0,1.0,1.0,2.0,0.0,2.0,0.0,1.0,0,0,1.0,1,4,Medio
1.0,7.0,1.0,1.0,1.0,2.0,5.0,1.0,1.0,1.0,2.0,2.0,1.0,8.0,8.0,1.0,1.0,1.0,6.0,5.0,2.0,0.0,2.0,0.0,0.75,0,0,0.75,1,11,Alto
1.0,2.0,1.0,1.0,2.0,1.0,5.0,1.0,2.0,1.0,1.0,2.0,1.0,3.0,2.0,1.0,1.0,1.0,1.0,1.0,2.0,0.0,2.0,0.0,0.5,0,0,0.33333334,0,3,Bajo
1.0,2.0,1.0,1.0,2.0,1.0,1.0,1.0,1.0,5.0,1.0,2.0,1.0,1.0,1.0,1.0,1.0,1.0,1.0,1.0,2.0,0.0,2.0,0.0,1.0,0,1,1.0,1,4,Medio
1.0,4.0,3.0,1.0,1.0,1.0,4.0,1.0,1.0,1.0,1.0,5.0,1.0,6.0,4.0,1.0,3.0,1.0,3.0,3.0,2.0,0.0,2.0,0.0,0.75,0,0,0.5,1,8,Alto
1.0,7.0,1.0,1.0,1.0,1.0,1.0,1.0,1.0,1.0,1.0,2.0,2.0,2.0,1.0,1.0,3.0,4.0,1.0,1.0,2.0,0.0,2.0,0.0,1.0,0,0,0.5,1,6,Medio
1.0,7.0,1.0,1.0,1.0,3.0,4.0,1.0,1.0,1.0,2.0,2.0,1.0,7.0,2.0,1.0,1.0,1.0,1.0,1.0,2.0,0.0,2.0,0.0,0.5,0,0,0.14285715,1,11,Alto
2.0,5.0,4.0,2.0,1.0,1.0,3.0,2.0,3.0,1.0,1.0,2.0,1.0,2.0,1.0,3.0,0.0,7.0,2.0,2.0,2.0,0.0,2.0,0.0,2.0,0,1,1.0,1,7,Alto
1.0,2.0,1.0,1.0,1.0,3.0,4.0,1.0,1.0,1.0,1.0,2.0,1.0,4.0,4.0,1.0,3.0,1.0,5.0,4.0,2.0,0.0,2.0,0.0,1.25,0,0,1.25,1,4,Medio
1.0,7.0,1.0,1.0,1.0,3.0,4.0,1.0,1.0,1.0,2.0,2.0,1.0,2.0,2.0,1.0,1.0,1.0,1.0,1.0,2.0,0.0,2.0,0.0,0.5,0,0,0.5,1,10,Alto
1.0,6.0,1.0,1.0,1.0,3.0,4.0,1.0,2.0,1.0,1.0,2.0,2.0,2.0,1.0,2.0,2.0,5.0,3.0,4.0,2.0,0.0,2.0,0.0,3.0,0,0,1.5,1,10,Alto
2.0,3.0,1.0,1.0,1.0,1.0,5.0,1.0,2.0,1.0,1.0,5.0,1.0,2.0,1.0,1.0,3.0,1.0,1.0,1.0,2.0,0.0,2.0,0.0,1.0,0,0,0.5,0,5,Medio
1.0,7.0,1.0,1.0,1.0,1.0,4.0,2.0,3.0,1.0,1.0,1.0,1.0,3.0,3.0,1.0,1.0,2.0,6.0,5.0,1.0,1.0,2.0,0.0,2.0,0,0,2.0,1,9,Alto
2.0,2.0,1.0,2.0,1.0,1.0,1.0,5.0,3.0,5.0,1.0,5.0,1.0,1.0,1.0,3.0,0.0,1.0,2.0,3.0,2.0,0.0,1.0,1.0,2.0,0,1,2.0,0,2,Bajo
1.0,3.0,3.0,1.0,1.0,1.0,3.0,1.0,1.0,1.0,1.0,2.0,1.0,4.0,2.0,1.0,1.0,1.0,4.0,3.0,2.0,0.0,2.0,0.0,2.0,0,0,1.0,1,7,Alto
1.0,6.0,1.0,1.0,1.0,1.0,5.0,1.0,2.0,1.0,1.0,2.0,2.0,1.0,1.0,1.0,1.0,4.0,1.0,1.0,2.0,0.0,1.0,1.0,1.0,0,0,1.0,0,1,Bajo
1.0,3.0,1.0,1.0,1.0,1.0,3.0,1.0,1.0,1.0,1.0,2.0,1.0,3.0,2.0,1.0,1.0,1.0,1.0,1.0,2.0,0.0,2.0,0.0,0.5,0,0,0.33333334,1,10,Alto
1.0,2.0,3.0,1.0,1.0,1.0,3.0,1.0,1.0,1.0,2.0,1.0,1.0,2.0,1.0,1.0,1.0,3.0,2.0,2.0,2.0,0.0,2.0,0.0,2.0,0,0,1.0,1,9,Alto
1.0,2.0,3.0,1.0,1.0,3.0,2.0,1.0,1.0,1.0,1.0,2.0,1.0,3.0,3.0,1.0,1.0,2.0,2.0,2.0,2.0,0.0,2.0,0.0,0.6666667,0,0,0.6666667,1,10,Alto
2.0,3.0,1.0,2.0,1.0,2.0,5.0,1.0,2.0,1.0,1.0,5.0,1.0,5.0,3.0,1.0,3.0,1.0,4.0,5.0,2.0,0.0,2.0,0.0,1.3333334,0,0,0.8,1,6,Medio
1.0,2.0,1.0,2.0,1.0,1.0,5.0,1.0,1.0,1.0,2.0,2.0,1.0,2.0,1.0,1.0,1.0,1.0,2.0,5.0,2.0,0.0,1.0,2.0,2.0,0,0,1.0,0,5,Medio
1.0,5.0,1.0,2.0,1.0,1.0,5.0,1.0,1.0,1.0,2.0,2.0,1.0,1.0,0.0,1.0,1.0,1.0,2.0,3.0,2.0,0.0,2.0,0.0,2.0,0,0,2.0,1,3,Bajo
2.0,2.0,1.0,1.0,1.0,1.0,5.0,1.0,2.0,1.0,1.0,5.0,1.0,3.0,1.0,2.0,3.0,1.0,1.0,1.0,2.0,0.0,2.0,0.0,1.0,0,0,0.33333334,1,5,Medio
1.0,2.0,1.0,1.0,1.0,1.0,5.0,1.0,1.0,1.0,1.0,2.0,1.0,2.0,2.0,1.0,1.0,4.0,5.0,4.0,2.0,0.0,2.0,0.0,2.5,0,0,2.5,1,4,Medio
1.0,6.0,1.0,1.0,1.0,1.0,5.0,4.0,1.0,1.0,1.0,2.0,1.0,5.0,4.0,1.0,1.0,1.0,5.0,5.0,2.0,0.0,2.0,0.0,1.25,0,0,1.0,1,6,Medio
1.0,3.0,4.0,1.0,1.0,2.0,4.0,8.0,1.0,1.0,1.0,2.0,1.0,4.0,3.0,2.0,3.0,1.0,3.0,3.0,2.0,0.0,2.0,0.0,1.0,0,1,0.75,1,9,Alto
2.0,6.0,1.0,1.0,1.0,1.0,5.0,9.0,2.0,5.0,3.0,5.0,1.0,1.0,1.0,3.0,0.0,1.0,1.0,1.0,2.0,0.0,2.0,0.0,1.0,0,1,1.0,1,2,Bajo
2.0,7.0,1.0,2.0,1.0,1.0,5.0,3.0,2.0,1.0,1.0,6.0,2.0,2.0,1.0,1.0,3.0,1.0,5.0,4.0,1.0,1.0,2.0,0.0,5.0,1,0,2.5,1,6,Medio
2.0,7.0,1.0,2.0,1.0,1.0,5.0,4.0,3.0,1.0,3.0,5.0,1.0,2.0,1.0,1.0,3.0,1.0,4.0,4.0,2.0,0.0,1.0,1.0,4.0,1,0,2.0,1,6,Medio
2.0,7.0,1.0,1.0,2.0,2.0,7.0,1.0,1.0,1.0,1.0,5.0,1.0,3.0,1.0,1.0,3.0,1.0,1.0,1.0,2.0,0.0,2.0,0.0,1.0,0,0,0.33333334,1,8,Alto
1.0,3.0,1.0,1.0,1.0,2.0,5.0,4.0,1.0,1.0,2.0,2.0,1.0,5.0,3.0,1.0,1.0,1.0,2.0,5.0,2.0,0.0,2.0,0.0,0.6666667,0,0,0.4,1,8,Alto
1.0,7.0,1.0,2.0,2.0,2.0,5.0,1.0,1.0,1.0,1.0,3.0,2.0,1.0,1.0,1.0,2.0,1.0,1.0,1.0,2.0,0.0,1.0,1.0,1.0,0,0,1.0,0,3,Bajo
1.0,1.0,1.0,1.0,1.0,1.0,5.0,1.0,2.0,1.0,1.0,1.0,2.0,1.0,0.0,1.0,1.0,4.0,1.0,1.0,2.0,0.0,2.0,0.0,1.0,0,0,1.0,1,1,Bajo
2.0,3.0,1.0,5.0,2.0,1.0,1.0,7.0,3.0,1.0,3.0,5.0,1.0,1.0,1.0,1.0,3.0,1.0,2.0,2.0,2.0,0.0,2.0,0.0,2.0,0,1,2.0,1,3,Bajo
1.0,3.0,4.0,1.0,1.0,1.0,5.0,8.0,3.0,1.0,1.0,2.0,1.0,2.0,2.0,2.0,3.0,4.0,4.0,3.0,2.0,0.0,2.0,0.0,2.0,0,1,2.0,1,4,Medio
1.0,1.0,1.0,1.0,1.0,2.0,5.0,1.0,1.0,1.0,1.0,2.0,1.0,2.0,2.0,1.0,1.0,1.0,3.0,4.0,2.0,0.0,2.0,0.0,1.5,0,0,1.5,1,7,Alto
1.0,7.0,4.0,1.0,1.0,3.0,4.0,1.0,1.0,1.0,1.0,2.0,2.0,1.0,1.0,2.0,1.0,4.0,2.0,3.0,2.0,0.0,2.0,0.0,2.0,0,0,2.0,1,6,Medio
1.0,8.0,1.0,1.0,1.0,1.0,4.0,1.0,1.0,1.0,1.0,2.0,1.0,4.0,4.0,1.0,2.0,1.0,6.0,5.0,2.0,0.0,2.0,0.0,1.5,0,0,1.5,1,6,Medio
2.0,2.0,1.0,2.0,2.0,1.0,1.0,7.0,3.0,1.0,1.0,5.0,1.0,3.0,1.0,3.0,0.0,1.0,1.0,1.0,2.0,0.0,1.0,1.0,1.0,0,1,0.33333334,1,4,Medio
1.0,7.0,2.0,5.0,2.0,1.0,7.0,4.0,1.0,5.0,1.0,5.0,2.0,1.0,0.0,1.0,6.0,1.0,9.0,4.0,2.0,0.0,2.0,0.0,9.0,1,1,9.0,1,4,Medio
1.0,7.0,1.0,1.0,1.0,1.0,4.0,1.0,2.0,1.0,1.0,5.0,1.0,3.0,3.0,3.0,0.0,1.0,1.0,1.0,2.0,0.0,2.0,0.0,0.33333334,0,1,0.33333334,1,1,Bajo
1.0,3.0,1.0,1.0,1.0,2.0,4.0,1.0,1.0,1.0,2.0,2.0,1.0,4.0,3.0,1.0,1.0,1.0,5.0,5.0,2.0,0.0,2.0,0.0,1.6666666,0,0,1.25,1,6,Medio
1.0,7.0,4.0,1.0,1.0,3.0,4.0,2.0,3.0,1.0,1.0,2.0,2.0,1.0,1.0,2.0,1.0,4.0,1.0,1.0,2.0,0.0,2.0,0.0,1.0,0,0,1.0,1,1,Bajo
1.0,7.0,1.0,1.0,1.0,2.0,4.0,1.0,1.0,1.0,1.0,1.0,1.0,2.0,2.0,1.0,3.0,3.0,4.0,4.0,2.0,0.0,2.0,0.0,2.0,0,0,2.0,1,7,Alto
1.0,2.0,1.0,1.0,2.0,1.0,2.0,1.0,1.0,1.0,1.0,3.0,2.0,2.0,1.0,3.0,0.0,1.0,1.0,1.0,2.0,0.0,2.0,0.0,1.0,0,1,0.5,0,2,Bajo
2.0,5.0,1.0,1.0,1.0,1.0,4.0,1.0,1.0,1.0,1.0,3.0,1.0,3.0,3.0,1.0,1.0,6.0,5.0,4.0,2.0,0.0,2.0,0.0,1.6666666,0,0,1.6666666,0,9,Alto
2.0,4.0,1.0,2.0,1.0,4.0,1.0,2.0,3.0,1.0,3.0,5.0,1.0,3.0,1.0,3.0,0.0,1.0,2.0,2.0,2.0,0.0,2.0,0.0,2.0,0,1,0.6666667,0,3,Bajo
1.0,2.0,1.0,1.0,1.0,1.0,4.0,1.0,1.0,1.0,1.0,2.0,1.0,5.0,4.0,1.0,1.0,1.0,8.0,5.0,2.0,0.0,2.0,0.0,2.0,0,0,1.6,1,9,Alto
1.0,7.0,1.0,1.0,1.0,1.0,4.0,1.0,1.0,1.0,1.0,1.0,2.0,3.0,3.0,1.0,3.0,1.0,4.0,5.0,1.0,3.0,2.0,0.0,1.3333334,0,0,1.3333334,1,4,Medio
1.0,2.0,1.0,1.0,1.0,1.0,1.0,1.0,1.0,1.0,2.0,2.0,1.0,1.0,1.0,1.0,1.0,1.0,5.0,3.0,2.0,0.0,1.0,1.0,5.0,1,0,5.0,0,3,Bajo
1.0,7.0,1.0,1.0,1.0,2.0,4.0,1.0,1.0,1.0,1.0,5.0,2.0,1.0,1.0,1.0,2.0,4.0,1.0,1.0,2.0,0.0,2.0,0.0,1.0,0,0,1.0,1,3,Bajo
1.0,7.0,1.0,1.0,1.0,2.0,4.0,1.0,1.0,1.0,1.0,2.0,1.0,1.0,1.0,2.0,1.0,1.0,3.0,3.0,2.0,0.0,2.0,0.0,3.0,0,0,3.0,1,5,Medio
1.0,7.0,1.0,1.0,2.0,2.0,5.0,1.0,2.0,1.0,3.0,5.0,1.0,2.0,1.0,1.0,1.0,1.0,4.0,4.0,2.0,0.0,2.0,0.0,4.0,1,0,2.0,1,2,Bajo
1.0,2.0,1.0,1.0,1.0,1.0,5.0,1.0,1.0,1.0,1.0,2.0,1.0,3.0,3.0,1.0,5.0,4.0,1.0,1.0,2.0,0.0,2.0,0.0,0.33333334,0,0,0.33333334,0,5,Medio
1.0,4.0,1.0,1.0,1.0,1.0,5.0,1.0,1.0,1.0,2.0,2.0,1.0,2.0,1.0,1.0,1.0,1.0,1.0,1.0,2.0,0.0,2.0,0.0,1.0,0,0,0.5,0,2,Bajo
1.0,2.0,1.0,1.0,1.0,1.0,5.0,1.0,1.0,1.0,1.0,2.0,1.0,1.0,1.0,1.0,1.0,1.0,3.0,5.0,2.0,0.0,2.0,0.0,3.0,0,0,3.0,1,3,Bajo
2.0,5.0,1.0,2.0,1.0,1.0,2.0,2.0,3.0,1.0,1.0,2.0,1.0,2.0,2.0,3.0,0.0,1.0,3.0,4.0,2.0,0.0,2.0,0.0,1.5,0,1,1.5,1,6,Medio
1.0,4.0,1.0,1.0,2.0,1.0,4.0,1.0,1.0,1.0,1.0,1.0,1.0,2.0,1.0,1.0,3.0,2.0,1.0,1.0,2.0,0.0,2.0,0.0,1.0,0,0,0.5,1,5,Medio
2.0,2.0,1.0,1.0,1.0,1.0,3.0,1.0,1.0,1.0,1.0,5.0,1.0,3.0,2.0,1.0,3.0,1.0,2.0,5.0,2.0,0.0,2.0,0.0,1.0,0,0,0.6666667,0,4,Medio
2.0,5.0,1.0,2.0,1.0,1.0,1.0,7.0,3.0,1.0,3.0,5.0,1.0,3.0,1.0,3.0,0.0,1.0,2.0,5.0,2.0,0.0,2.0,0.0,2.0,0,1,0.6666667,0,3,Bajo
2.0,4.0,1.0,1.0,1.0,1.0,5.0,7.0,3.0,1.0,3.0,4.0,1.0,1.0,1.0,1.0,3.0,3.0,4.0,4.0,2.0,0.0,2.0,0.0,4.0,1,1,4.0,0,1,Bajo
2.0,2.0,1.0,2.0,1.0,1.0,5.0,1.0,2.0,1.0,3.0,5.0,1.0,1.0,1.0,1.0,3.0,1.0,2.0,3.0,2.0,0.0,2.0,0.0,2.0,0,0,2.0,0,2,Bajo
2.0,1.0,1.0,1.0,1.0,2.0,5.0,1.0,1.0,1.0,1.0,1.0,1.0,2.0,2.0,1.0,3.0,1.0,4.0,3.0,1.0,1.0,2.0,0.0,2.0,0,0,2.0,1,5,Medio
2.0,5.0,1.0,2.0,2.0,4.0,1.0,4.0,1.0,1.0,3.0,6.0,2.0,1.0,0.0,3.0,0.0,1.0,1.0,1.0,2.0,0.0,2.0,0.0,1.0,0,1,1.0,0,1,Bajo
2.0,1.0,1.0,2.0,2.0,1.0,1.0,1.0,1.0,1.0,1.0,5.0,1.0,2.0,2.0,1.0,3.0,1.0,2.0,2.0,2.0,0.0,2.0,0.0,1.0,0,0,1.0,0,1,Bajo
1.0,7.0,4.0,1.0,1.0,2.0,4.0,1.0,1.0,1.0,1.0,1.0,1.0,2.0,2.0,2.0,1.0,4.0,3.0,3.0,1.0,1.0,2.0,0.0,1.5,0,0,1.5,1,9,Alto
1.0,2.0,1.0,1.0,1.0,1.0,5.0,1.0,1.0,1.0,1.0,2.0,1.0,2.0,2.0,1.0,1.0,1.0,4.0,5.0,1.0,2.0,2.0,0.0,2.0,0,0,2.0,1,3,Bajo
1.0,1.0,1.0,1.0,2.0,3.0,5.0,1.0,1.0,1.0,2.0,2.0,1.0,2.0,1.0,1.0,1.0,3.0,3.0,5.0,2.0,0.0,2.0,0.0,3.0,0,0,1.5,1,3,Bajo
1.0,2.0,1.0,1.0,1.0,1.0,5.0,1.0,1.0,1.0,2.0,2.0,1.0,8.0,2.0,1.0,1.0,1.0,2.0,3.0,2.0,0.0,2.0,0.0,1.0,0,0,0.25,0,3,Bajo
1.0,7.0,3.0,1.0,1.0,2.0,4.0,1.0,1.0,1.0,2.0,2.0,1.0,2.0,2.0,1.0,1.0,1.0,2.0,2.0,2.0,0.0,2.0,0.0,1.0,0,0,1.0,1,7,Alto
2.0,2.0,2.0,2.0,1.0,4.0,1.0,2.0,3.0,1.0,3.0,5.0,2.0,1.0,1.0,3.0,0.0,1.0,1.0,1.0,2.0,0.0,2.0,0.0,1.0,0,1,1.0,0,0,Bajo
1.0,7.0,1.0,1.0,1.0,2.0,4.0,1.0,2.0,1.0,1.0,5.0,1.0,1.0,1.0,1.0,3.0,1.0,2.0,5.0,2.0,0.0,2.0,0.0,2.0,0,0,2.0,1,3,Bajo
2.0,5.0,1.0,1.0,1.0,1.0,5.0,1.0,1.0,1.0,1.0,2.0,1.0,8.0,8.0,2.0,1.0,1.0,13.0,5.0,2.0,0.0,2.0,0.0,1.625,0,0,1.625,1,8,Alto
2.0,2.0,1.0,2.0,2.0,4.0,1.0,1.0,1.0,1.0,3.0,5.0,1.0,3.0,3.0,3.0,0.0,1.0,1.0,1.0,2.0,0.0,2.0,0.0,0.33333334,0,1,0.33333334,0,1,Bajo
1.0,2.0,1.0,1.0,1.0,1.0,5.0,1.0,1.0,1.0,2.0,2.0,1.0,2.0,2.0,1.0,1.0,3.0,1.0,1.0,2.0,0.0,2.0,0.0,0.5,0,0,0.5,1,5,Medio
2.0,3.0,1.0,5.0,2.0,1.0,2.0,2.0,3.0,5.0,3.0,5.0,2.0,1.0,1.0,3.0,0.0,1.0,1.0,1.0,2.0,0.0,2.0,0.0,1.0,0,1,1.0,1,2,Bajo
1.0,7.0,1.0,1.0,1.0,2.0,4.0,1.0,1.0,1.0,1.0,2.0,1.0,2.0,1.0,1.0,1.0,3.0,1.0,1.0,2.0,0.0,2.0,0.0,1.0,0,0,0.5,1,5,Medio
1.0,7.0,1.0,1.0,1.0,2.0,4.0,1.0,1.0,1.0,2.0,2.0,1.0,3.0,1.0,1.0,1.0,3.0,3.0,4.0,2.0,0.0,2.0,0.0,3.0,0,0,1.0,1,8,Alto
1.0,7.0,1.0,1.0,1.0,2.0,4.0,1.0,1.0,1.0,1.0,2.0,1.0,8.0,4.0,1.0,1.0,1.0,3.0,3.0,2.0,0.0,1.0,1.0,0.75,0,0,0.375,1,7,Alto
1.0,6.0,1.0,1.0,1.0,1.0,1.0,1.0,1.0,1.0,1.0,2.0,1.0,4.0,3.0,1.0,1.0,4.0,12.0,5.0,2.0,0.0,2.0,0.0,4.0,1,0,3.0,1,7,Alto
1.0,7.0,1.0,1.0,1.0,2.0,7.0,4.0,1.0,1.0,1.0,5.0,2.0,2.0,1.0,1.0,1.0,7.0,7.0,5.0,2.0,0.0,2.0,0.0,7.0,1,0,3.5,1,4,Medio
1.0,7.0,1.0,1.0,1.0,2.0,4.0,1.0,1.0,1.0,1.0,2.0,1.0,3.0,2.0,1.0,3.0,2.0,2.0,3.0,2.0,0.0,2.0,0.0,1.0,0,0,0.6666667,1,3,Bajo
1.0,3.0,1.0,1.0,1.0,1.0,5.0,1.0,1.0,1.0,1.0,2.0,1.0,1.0,1.0,1.0,1.0,1.0,2.0,3.0,2.0,0.0,2.0,0.0,2.0,0,0,2.0,1,5,Medio
1.0,2.0,1.0,1.0,1.0,1.0,5.0,1.0,1.0,1.0,2.0,1.0,1.0,3.0,3.0,1.0,1.0,1.0,4.0,3.0,2.0,0.0,2.0,0.0,1.3333334,0,0,1.3333334,1,5,Medio
1.0,1.0,1.0,2.0,1.0,1.0,7.0,1.0,1.0,1.0,1.0,1.0,2.0,2.0,1.0,2.0,1.0,3.0,2.0,5.0,2.0,0.0,2.0,0.0,2.0,0,0,1.0,1,2,Bajo
2.0,2.0,1.0,2.0,1.0,1.0,5.0,1.0,2.0,1.0,1.0,5.0,1.0,5.0,5.0,1.0,3.0,1.0,4.0,4.0,2.0,0.0,1.0,1.0,0.8,0,0,0.8,0,3,Bajo
1.0,2.0,1.0,1.0,1.0,3.0,1.0,1.0,1.0,1.0,1.0,2.0,2.0,1.0,1.0,3.0,0.0,1.0,1.0,1.0,2.0,0.0,2.0,0.0,1.0,0,1,1.0,0,1,Bajo
1.0,7.0,1.0,1.0,1.0,3.0,4.0,1.0,1.0,1.0,1.0,2.0,1.0,3.0,3.0,1.0,1.0,2.0,5.0,4.0,2.0,0.0,2.0,0.0,1.6666666,0,0,1.6666666,1,8,Alto
1.0,3.0,4.0,1.0,1.0,3.0,4.0,1.0,1.0,1.0,8.0,2.0,2.0,1.0,1.0,2.0,1.0,4.0,2.0,5.0,2.0,0.0,2.0,0.0,2.0,0,0,2.0,1,7,Alto
2.0,7.0,1.0,1.0,2.0,1.0,5.0,4.0,1.0,1.0,1.0,5.0,1.0,1.0,1.0,2.0,3.0,1.0,3.0,3.0,2.0,0.0,2.0,0.0,3.0,0,0,3.0,1,3,Bajo
2.0,5.0,1.0,1.0,2.0,1.0,1.0,2.0,3.0,1.0,3.0,6.0,1.0,1.0,1.0,1.0,3.0,2.0,3.0,6.0,2.0,0.0,2.0,0.0,3.0,0,0,3.0,0,1,Bajo
1.0,2.0,1.0,2.0,1.0,1.0,5.0,1.0,1.0,1.0,2.0,1.0,1.0,4.0,4.0,1.0,1.0,1.0,5.0,5.0,2.0,0.0,2.0,0.0,1.25,0,0,1.25,1,7,Alto
1.0,5.0,1.0,1.0,2.0,1.0,5.0,1.0,1.0,1.0,2.0,2.0,1.0,6.0,5.0,1.0,1.0,1.0,4.0,5.0,1.0,1.0,2.0,0.0,0.8,0,0,0.6666667,1,9,Alto
1.0,5.0,4.0,1.0,1.0,3.0,6.0,1.0,1.0,1.0,1.0,2.0,2.0,1.0,1.0,3.0,0.0,4.0,1.0,1.0,2.0,0.0,2.0,0.0,1.0,0,1,1.0,0,1,Bajo
2.0,2.0,1.0,2.0,1.0,1.0,2.0,6.0,3.0,5.0,1.0,5.0,1.0,2.0,1.0,3.0,0.0,1.0,1.0,1.0,2.0,0.0,1.0,1.0,1.0,0,1,0.5,1,3,Bajo
1.0,7.0,1.0,5.0,2.0,1.0,1.0,5.0,3.0,4.0,1.0,5.0,2.0,2.0,2.0,1.0,6.0,2.0,4.0,5.0,2.0,0.0,2.0,0.0,2.0,0,1,2.0,1,2,Bajo
1.0,7.0,3.0,1.0,1.0,3.0,4.0,1.0,1.0,1.0,2.0,1.0,1.0,2.0,1.0,1.0,1.0,1.0,2.0,2.0,2.0,0.0,2.0,0.0,2.0,0,0,1.0,1,11,Alto
2.0,2.0,2.0,2.0,2.0,4.0,1.0,7.0,3.0,5.0,3.0,5.0,1.0,3.0,3.0,2.0,2.0,1.0,6.0,4.0,2.0,0.0,2.0,0.0,2.0,0,1,2.0,0,4,Medio
1.0,2.0,1.0,1.0,2.0,2.0,5.0,1.0,1.0,1.0,2.0,2.0,1.0,7.0,4.0,1.0,1.0,1.0,4.0,3.0,2.0,0.0,2.0,0.0,1.0,0,0,0.5714286,1,8,Alto
2.0,2.0,1.0,1.0,1.0,1.0,5.0,2.0,3.0,1.0,3.0,6.0,1.0,6.0,6.0,1.0,6.0,1.0,2.0,2.0,2.0,0.0,2.0,0.0,0.33333334,0,0,0.33333334,1,4,Medio
1.0,7.0,1.0,1.0,1.0,2.0,5.0,1.0,1.0,1.0,1.0,2.0,1.0,2.0,1.0,1.0,3.0,2.0,1.0,1.0,1.0,2.0,2.0,0.0,1.0,0,0,0.5,1,3,Bajo
1.0,6.0,1.0,1.0,1.0,2.0,7.0,1.0,1.0,1.0,2.0,2.0,1.0,3.0,1.0,1.0,1.0,1.0,4.0,4.0,2.0,0.0,2.0,0.0,4.0,1,0,1.3333334,1,8,Alto
1.0,2.0,1.0,1.0,1.0,3.0,5.0,1.0,1.0,1.0,2.0,1.0,1.0,7.0,1.0,1.0,1.0,1.0,2.0,2.0,2.0,0.0,2.0,0.0,2.0,0,0,0.2857143,1,7,Alto
2.0,2.0,4.0,2.0,1.0,1.0,1.0,2.0,3.0,1.0,3.0,5.0,2.0,1.0,1.0,3.0,0.0,3.0,3.0,3.0,2.0,0.0,2.0,0.0,3.0,0,1,3.0,1,2,Bajo
2.0,2.0,1.0,1.0,1.0,1.0,1.0,2.0,3.0,5.0,1.0,5.0,2.0,1.0,0.0,3.0,0.0,1.0,1.0,1.0,1.0,1.0,2.0,0.0,1.0,0,1,1.0,0,3,Bajo
2.0,5.0,1.0,1.0,1.0,1.0,4.0,2.0,3.0,1.0,1.0,3.0,1.0,4.0,3.0,3.0,0.0,1.0,2.0,5.0,1.0,2.0,2.0,0.0,0.6666667,0,1,0.5,1,5,Medio
2.0,7.0,1.0,5.0,2.0,4.0,1.0,7.0,3.0,5.0,3.0,5.0,1.0,2.0,2.0,3.0,0.0,1.0,1.0,1.0,2.0,0.0,2.0,0.0,0.5,0,1,0.5,1,3,Bajo
1.0,7.0,1.0,1.0,1.0,1.0,4.0,1.0,1.0,1.0,2.0,2.0,1.0,5.0,2.0,1.0,1.0,1.0,2.0,5.0,2.0,0.0,2.0,0.0,1.0,0,0,0.4,1,7,Alto
2.0,5.0,1.0,2.0,1.0,1.0,1.0,7.0,3.0,1.0,4.0,5.0,1.0,1.0,1.0,3.0,0.0,1.0,2.0,3.0,2.0,0.0,2.0,0.0,2.0,0,1,2.0,0,2,Bajo
2.0,3.0,1.0,1.0,2.0,1.0,5.0,6.0,1.0,5.0,1.0,2.0,1.0,1.0,1.0,1.0,3.0,1.0,1.0,1.0,2.0,0.0,2.0,0.0,1.0,0,1,1.0,0,2,Bajo
1.0,2.0,1.0,1.0,1.0,1.0,5.0,1.0,1.0,1.0,1.0,3.0,1.0,2.0,2.0,1.0,1.0,2.0,5.0,4.0,2.0,0.0,2.0,0.0,2.5,0,0,2.5,1,5,Medio
1.0,2.0,1.0,1.0,1.0,1.0,5.0,1.0,1.0,1.0,2.0,2.0,1.0,3.0,3.0,2.0,1.0,1.0,3.0,3.0,2.0,0.0,2.0,0.0,1.0,0,0,1.0,1,4,Medio
2.0,2.0,2.0,5.0,2.0,1.0,1.0,6.0,3.0,5.0,3.0,5.0,2.0,1.0,1.0,3.0,0.0,1.0,1.0,1.0,2.0,0.0,2.0,0.0,1.0,0,1,1.0,0,2,Bajo
1.0,4.0,1.0,2.0,1.0,1.0,2.0,1.0,1.0,1.0,1.0,1.0,1.0,3.0,3.0,1.0,1.0,4.0,1.0,1.0,2.0,0.0,2.0,0.0,0.33333334,0,0,0.33333334,1,6,Medio
1.0,6.0,1.0,1.0,1.0,1.0,4.0,1.0,1.0,1.0,2.0,2.0,1.0,4.0,3.0,1.0,1.0,1.0,3.0,4.0,1.0,1.0,2.0,0.0,1.0,0,0,0.75,0,7,Alto
1.0,4.0,1.0,1.0,2.0,2.0,4.0,1.0,1.0,1.0,2.0,2.0,1.0,2.0,1.0,1.0,1.0,1.0,2.0,2.0,2.0,0.0,2.0,0.0,2.0,0,0,1.0,1,11,Alto
1.0,7.0,1.0,1.0,1.0,2.0,7.0,1.0,1.0,1.0,2.0,2.0,1.0,1.0,1.0,1.0,3.0,4.0,5.0,6.0,2.0,0.0,2.0,0.0,5.0,1,0,5.0,1,6,Medio
1.0,2.0,4.0,1.0,1.0,1.0,1.0,1.0,1.0,1.0,2.0,2.0,1.0,2.0,1.0,2.0,1.0,4.0,1.0,1.0,2.0,0.0,2.0,0.0,1.0,0,0,0.5,1,2,Bajo
1.0,2.0,1.0,1.0,1.0,1.0,5.0,1.0,1.0,1.0,2.0,2.0,1.0,4.0,3.0,1.0,1.0,1.0,3.0,3.0,2.0,0.0,2.0,0.0,1.0,0,0,0.75,1,5,Medio
2.0,3.0,1.0,1.0,2.0,2.0,1.0,4.0,2.0,1.0,1.0,6.0,1.0,2.0,2.0,3.0,0.0,2.0,1.0,1.0,2.0,0.0,2.0,0.0,0.5,0,1,0.5,1,5,Medio
2.0,1.0,1.0,2.0,1.0,4.0,1.0,7.0,3.0,5.0,3.0,5.0,1.0,2.0,2.0,3.0,0.0,1.0,2.0,6.0,2.0,0.0,2.0,0.0,1.0,0,1,1.0,0,4,Medio
1.0,7.0,4.0,1.0,1.0,2.0,5.0,1.0,1.0,1.0,1.0,2.0,2.0,1.0,1.0,2.0,1.0,4.0,1.0,1.0,2.0,0.0,2.0,0.0,1.0,0,0,1.0,1,4,Medio
2.0,2.0,1.0,2.0,1.0,1.0,1.0,1.0,1.0,1.0,1.0,1.0,2.0,5.0,1.0,1.0,1.0,1.0,1.0,1.0,2.0,0.0,2.0,0.0,1.0,0,0,0.2,0,3,Bajo
2.0,7.0,1.0,2.0,2.0,2.0,1.0,1.0,2.0,5.0,3.0,5.0,1.0,2.0,2.0,1.0,3.0,1.0,1.0,1.0,2.0,0.0,2.0,0.0,0.5,0,1,0.5,0,3,Bajo
2.0,2.0,2.0,6.0,2.0,4.0,1.0,7.0,3.0,5.0,3.0,3.0,2.0,1.0,0.0,3.0,0.0,8.0,3.0,5.0,2.0,0.0,2.0,0.0,3.0,0,1,3.0,0,1,Bajo
1.0,8.0,1.0,1.0,1.0,2.0,4.0,8.0,1.0,1.0,1.0,2.0,1.0,3.0,3.0,1.0,2.0,1.0,6.0,5.0,2.0,0.0,2.0,0.0,2.0,0,1,2.0,1,6,Medio
1.0,3.0,1.0,1.0,1.0,2.0,4.0,1.0,1.0,1.0,2.0,2.0,1.0,4.0,3.0,1.0,1.0,1.0,3.0,4.0,2.0,0.0,2.0,0.0,1.0,0,0,0.75,1,10,Alto
2.0,2.0,1.0,1.0,1.0,1.0,5.0,6.0,2.0,1.0,1.0,5.0,1.0,1.0,1.0,1.0,3.0,8.0,2.0,3.0,2.0,0.0,2.0,0.0,2.0,0,1,2.0,1,1,Bajo
2.0,3.0,1.0,5.0,2.0,1.0,1.0,7.0,3.0,5.0,3.0,5.0,2.0,1.0,1.0,3.0,0.0,1.0,1.0,1.0,2.0,0.0,2.0,0.0,1.0,0,1,1.0,0,3,Bajo
1.0,1.0,3.0,1.0,1.0,3.0,4.0,1.0,1.0,2.0,2.0,1.0,1.0,3.0,3.0,1.0,1.0,1.0,5.0,4.0,2.0,0.0,2.0,0.0,1.6666666,0,0,1.6666666,1,6,Medio
2.0,2.0,2.0,5.0,2.0,4.0,1.0,7.0,3.0,5.0,3.0,5.0,1.0,3.0,2.0,1.0,3.0,1.0,4.0,6.0,2.0,0.0,2.0,0.0,2.0,0,1,1.3333334,0,2,Bajo
1.0,3.0,1.0,1.0,1.0,1.0,4.0,1.0,1.0,1.0,2.0,2.0,1.0,5.0,3.0,1.0,1.0,1.0,3.0,5.0,2.0,0.0,2.0,0.0,1.0,0,0,0.6,1,10,Alto
1.0,3.0,2.0,5.0,2.0,1.0,1.0,2.0,3.0,5.0,3.0,2.0,2.0,1.0,1.0,3.0,0.0,1.0,1.0,1.0,2.0,0.0,2.0,0.0,1.0,0,1,1.0,1,4,Medio
1.0,2.0,1.0,1.0,1.0,3.0,5.0,8.0,1.0,1.0,1.0,1.0,1.0,5.0,3.0,1.0,2.0,2.0,4.0,5.0,2.0,0.0,2.0,0.0,1.3333334,0,1,0.8,1,9,Alto
1.0,5.0,1.0,2.0,1.0,1.0,5.0,1.0,1.0,1.0,2.0,2.0,1.0,7.0,4.0,1.0,1.0,1.0,2.0,5.0,2.0,0.0,2.0,0.0,0.5,0,0,0.2857143,1,5,Medio
2.0,4.0,1.0,2.0,1.0,1.0,5.0,3.0,3.0,1.0,1.0,5.0,2.0,1.0,0.0,2.0,3.0,1.0,5.0,4.0,2.0,0.0,2.0,0.0,5.0,1,0,5.0,1,5,Medio
1.0,6.0,1.0,1.0,1.0,1.0,5.0,1.0,1.0,1.0,8.0,2.0,2.0,1.0,1.0,1.0,1.0,4.0,1.0,1.0,2.0,0.0,2.0,0.0,1.0,0,0,1.0,1,1,Bajo
2.0,2.0,1.0,2.0,1.0,1.0,1.0,3.0,3.0,5.0,3.0,5.0,2.0,2.0,1.0,1.0,3.0,1.0,4.0,5.0,2.0,0.0,2.0,0.0,4.0,1,1,2.0,0,2,Bajo
1.0,7.0,4.0,1.0,1.0,2.0,4.0,1.0,2.0,1.0,1.0,2.0,1.0,2.0,2.0,2.0,1.0,4.0,8.0,6.0,2.0,0.0,2.0,0.0,4.0,1,0,4.0,1,4,Medio
1.0,4.0,1.0,2.0,1.0,1.0,5.0,1.0,1.0,1.0,2.0,2.0,1.0,6.0,2.0,1.0,1.0,1.0,2.0,2.0,2.0,0.0,2.0,0.0,1.0,0,0,0.33333334,1,7,Alto
1.0,7.0,1.0,1.0,1.0,2.0,5.0,1.0,1.0,1.0,1.0,2.0,1.0,2.0,1.0,1.0,1.0,1.0,1.0,1.0,2.0,0.0,2.0,0.0,1.0,0,0,0.5,0,3,Bajo
1.0,3.0,1.0,2.0,1.0,1.0,5.0,1.0,2.0,1.0,2.0,2.0,1.0,5.0,2.0,1.0,1.0,1.0,1.0,1.0,1.0,1.0,1.0,1.0,0.5,0,0,0.2,1,3,Bajo
2.0,3.0,1.0,1.0,1.0,5.0,5.0,2.0,3.0,1.0,2.0,2.0,1.0,4.0,4.0,1.0,1.0,1.0,5.0,4.0,2.0,0.0,1.0,1.0,1.25,0,0,1.25,1,10,Alto
1.0,7.0,4.0,1.0,1.0,3.0,4.0,1.0,2.0,1.0,2.0,2.0,2.0,1.0,1.0,2.0,1.0,4.0,1.0,1.0,2.0,0.0,2.0,0.0,1.0,0,0,1.0,1,3,Bajo
1.0,7.0,4.0,1.0,1.0,1.0,5.0,1.0,1.0,1.0,1.0,2.0,2.0,2.0,2.0,2.0,1.0,4.0,3.0,4.0,2.0,0.0,2.0,0.0,1.5,0,0,1.5,1,4,Medio
1.0,2.0,1.0,1.0,1.0,1.0,5.0,1.0,2.0,1.0,1.0,2.0,1.0,2.0,2.0,1.0,1.0,4.0,4.0,3.0,2.0,0.0,2.0,0.0,2.0,0,0,2.0,1,4,Medio
1.0,2.0,1.0,2.0,1.0,1.0,3.0,1.0,1.0,1.0,2.0,1.0,1.0,3.0,2.0,1.0,1.0,1.0,2.0,5.0,2.0,0.0,1.0,1.0,1.0,0,0,0.6666667,1,7,Alto
2.0,3.0,1.0,2.0,1.0,1.0,1.0,2.0,3.0,3.0,3.0,5.0,1.0,2.0,1.0,3.0,0.0,1.0,1.0,1.0,2.0,0.0,2.0,0.0,1.0,0,1,0.5,0,4,Medio
1.0,7.0,1.0,1.0,1.0,2.0,4.0,1.0,1.0,1.0,1.0,2.0,1.0,2.0,2.0,1.0,1.0,4.0,4.0,5.0,2.0,0.0,2.0,0.0,2.0,0,0,2.0,1,5,Medio
2.0,7.0,1.0,5.0,2.0,1.0,1.0,5.0,3.0,3.0,3.0,5.0,1.0,1.0,1.0,3.0,0.0,1.0,4.0,4.0,2.0,0.0,2.0,0.0,4.0,1,1,4.0,0,3,Bajo
2.0,7.0,1.0,1.0,1.0,1.0,4.0,4.0,1.0,2.0,1.0,5.0,1.0,3.0,3.0,1.0,3.0,1.0,6.0,4.0,2.0,0.0,2.0,0.0,2.0,0,0,2.0,0,0,Bajo
1.0,2.0,1.0,2.0,1.0,1.0,5.0,1.0,1.0,1.0,2.0,1.0,1.0,5.0,1.0,1.0,1.0,1.0,2.0,2.0,2.0,0.0,2.0,0.0,2.0,0,0,0.4,0,7,Alto
2.0,5.0,1.0,1.0,2.0,1.0,5.0,4.0,3.0,1.0,1.0,7.0,2.0,2.0,2.0,3.0,0.0,1.0,2.0,2.0,1.0,1.0,1.0,1.0,1.0,0,1,1.0,1,4,Medio
2.0,9.0,1.0,5.0,2.0,1.0,2.0,5.0,3.0,5.0,3.0,6.0,1.0,1.0,1.0,1.0,3.0,1.0,2.0,6.0,2.0,0.0,2.0,0.0,2.0,0,1,2.0,1,2,Bajo
2.0,2.0,1.0,2.0,1.0,1.0,5.0,6.0,1.0,1.0,3.0,5.0,1.0,7.0,2.0,1.0,3.0,1.0,2.0,3.0,2.0,0.0,1.0,1.0,1.0,0,1,0.2857143,1,4,Medio
2.0,5.0,1.0,1.0,1.0,1.0,1.0,1.0,2.0,1.0,1.0,6.0,1.0,1.0,1.0,1.0,3.0,1.0,1.0,1.0,2.0,0.0,2.0,0.0,1.0,0,0,1.0,0,2,Bajo
1.0,2.0,1.0,1.0,1.0,1.0,5.0,1.0,1.0,1.0,1.0,2.0,1.0,2.0,1.0,2.0,1.0,1.0,4.0,4.0,2.0,0.0,2.0,0.0,4.0,1,0,2.0,1,3,Bajo
2.0,2.0,1.0,2.0,2.0,1.0,1.0,3.0,3.0,5.0,3.0,5.0,1.0,1.0,1.0,3.0,0.0,1.0,1.0,1.0,1.0,1.0,2.0,0.0,1.0,0,1,1.0,1,2,Bajo
1.0,1.0,4.0,1.0,1.0,3.0,4.0,1.0,1.0,1.0,1.0,2.0,1.0,1.0,1.0,2.0,1.0,4.0,1.0,1.0,2.0,0.0,2.0,0.0,1.0,0,0,1.0,1,4,Medio
1.0,2.0,1.0,1.0,1.0,1.0,5.0,1.0,1.0,1.0,1.0,1.0,2.0,1.0,1.0,1.0,1.0,1.0,1.0,1.0,2.0,0.0,2.0,0.0,1.0,0,0,1.0,1,5,Medio
1.0,7.0,4.0,1.0,1.0,3.0,5.0,1.0,2.0,1.0,1.0,2.0,1.0,1.0,1.0,2.0,3.0,4.0,3.0,4.0,2.0,0.0,1.0,1.0,3.0,0,0,3.0,1,2,Bajo
1.0,7.0,1.0,2.0,1.0,2.0,5.0,1.0,1.0,1.0,2.0,2.0,1.0,2.0,2.0,1.0,2.0,1.0,5.0,4.0,2.0,0.0,2.0,0.0,2.5,0,0,2.5,1,3,Bajo
2.0,6.0,1.0,1.0,1.0,1.0,4.0,1.0,1.0,1.0,2.0,5.0,1.0,2.0,1.0,1.0,3.0,1.0,3.0,4.0,2.0,0.0,2.0,0.0,3.0,0,0,1.5,1,7,Alto
1.0,3.0,1.0,1.0,1.0,2.0,4.0,1.0,1.0,1.0,2.0,2.0,1.0,1.0,1.0,1.0,1.0,4.0,1.0,1.0,2.0,0.0,2.0,0.0,1.0,0,0,1.0,1,7,Alto
1.0,2.0,1.0,1.0,1.0,1.0,5.0,9.0,3.0,1.0,1.0,2.0,1.0,2.0,1.0,3.0,0.0,1.0,3.0,3.0,2.0,0.0,2.0,0.0,3.0,0,1,1.5,1,3,Bajo
1.0,7.0,1.0,1.0,1.0,2.0,4.0,1.0,1.0,1.0,1.0,2.0,1.0,2.0,1.0,1.0,1.0,4.0,5.0,5.0,2.0,0.0,2.0,0.0,5.0,1,0,2.5,1,10,Alto
1.0,7.0,1.0,1.0,1.0,2.0,4.0,1.0,1.0,1.0,2.0,2.0,1.0,4.0,4.0,1.0,1.0,1.0,1.0,1.0,2.0,0.0,2.0,0.0,0.25,0,0,0.25,1,10,Alto
1.0,3.0,1.0,1.0,2.0,1.0,5.0,8.0,3.0,5.0,1.0,2.0,1.0,1.0,1.0,3.0,0.0,2.0,7.0,6.0,2.0,0.0,2.0,0.0,7.0,1,1,7.0,1,3,Bajo
1.0,4.0,1.0,1.0,1.0,1.0,4.0,1.0,1.0,1.0,2.0,2.0,1.0,4.0,3.0,1.0,1.0,1.0,1.0,1.0,2.0,0.0,2.0,0.0,0.33333334,0,0,0.25,1,9,Alto
1.0,7.0,1.0,1.0,1.0,2.0,7.0,1.0,1.0,1.0,1.0,2.0,1.0,2.0,2.0,1.0,1.0,4.0,4.0,4.0,2.0,0.0,2.0,0.0,2.0,0,0,2.0,1,4,Medio
1.0,2.0,1.0,1.0,1.0,1.0,5.0,1.0,1.0,1.0,1.0,2.0,1.0,2.0,2.0,1.0,1.0,3.0,8.0,5.0,2.0,0.0,2.0,0.0,4.0,1,0,4.0,0,4,Medio
2.0,3.0,1.0,2.0,2.0,1.0,1.0,7.0,2.0,5.0,3.0,6.0,1.0,2.0,2.0,3.0,0.0,1.0,2.0,5.0,2.0,0.0,2.0,0.0,1.0,0,1,1.0,1,3,Bajo
2.0,2.0,2.0,5.0,2.0,4.0,1.0,7.0,3.0,5.0,3.0,5.0,2.0,1.0,1.0,3.0,0.0,1.0,1.0,1.0,2.0,0.0,2.0,0.0,1.0,0,1,1.0,0,2,Bajo
2.0,1.0,1.0,1.0,1.0,1.0,4.0,1.0,1.0,1.0,1.0,3.0,1.0,3.0,3.0,1.0,1.0,1.0,4.0,4.0,2.0,0.0,2.0,0.0,1.3333334,0,0,1.3333334,0,5,Medio
1.0,2.0,4.0,2.0,1.0,1.0,3.0,1.0,1.0,1.0,1.0,1.0,1.0,3.0,3.0,2.0,1.0,1.0,1.0,1.0,1.0,1.0,2.0,0.0,0.33333334,0,0,0.33333334,0,3,Bajo
1.0,7.0,3.0,1.0,1.0,3.0,4.0,1.0,1.0,1.0,1.0,1.0,1.0,2.0,2.0,1.0,1.0,5.0,2.0,2.0,2.0,0.0,2.0,0.0,1.0,0,0,1.0,1,9,Alto
1.0,5.0,1.0,2.0,1.0,1.0,5.0,1.0,1.0,1.0,2.0,2.0,1.0,5.0,4.0,1.0,5.0,3.0,6.0,5.0,2.0,0.0,2.0,0.0,1.5,0,0,1.2,1,8,Alto
1.0,2.0,1.0,1.0,1.0,1.0,5.0,1.0,2.0,1.0,2.0,2.0,1.0,1.0,1.0,1.0,1.0,5.0,2.0,3.0,2.0,0.0,2.0,0.0,2.0,0,0,2.0,1,2,Bajo
1.0,7.0,1.0,1.0,1.0,2.0,7.0,1.0,1.0,1.0,1.0,1.0,1.0,3.0,3.0,1.0,2.0,1.0,1.0,1.0,2.0,0.0,2.0,0.0,0.33333334,0,0,0.33333334,0,4,Medio
1.0,7.0,1.0,1.0,1.0,1.0,4.0,1.0,1.0,1.0,1.0,2.0,1.0,1.0,0.0,1.0,1.0,4.0,1.0,1.0,2.0,0.0,2.0,0.0,1.0,0,0,1.0,1,6,Medio
1.0,7.0,1.0,1.0,1.0,2.0,5.0,1.0,1.0,1.0,1.0,2.0,1.0,2.0,2.0,1.0,1.0,1.0,5.0,5.0,2.0,0.0,2.0,0.0,2.5,0,0,2.5,1,5,Medio
1.0,2.0,3.0,1.0,1.0,3.0,3.0,1.0,1.0,1.0,2.0,1.0,1.0,3.0,3.0,1.0,1.0,1.0,5.0,4.0,2.0,0.0,2.0,0.0,1.6666666,0,0,1.6666666,1,8,Alto
1.0,2.0,1.0,1.0,1.0,1.0,5.0,1.0,1.0,1.0,2.0,2.0,1.0,2.0,2.0,1.0,1.0,1.0,2.0,2.0,2.0,0.0,2.0,0.0,1.0,0,0,1.0,0,2,Bajo
1.0,1.0,1.0,1.0,1.0,3.0,5.0,1.0,1.0,1.0,1.0,2.0,1.0,2.0,2.0,1.0,1.0,1.0,3.0,3.0,2.0,0.0,2.0,0.0,1.5,0,0,1.5,1,7,Alto
2.0,2.0,1.0,1.0,1.0,2.0,1.0,2.0,3.0,1.0,2.0,2.0,1.0,1.0,1.0,1.0,4.0,2.0,4.0,3.0,2.0,0.0,2.0,0.0,4.0,1,0,4.0,0,3,Bajo
2.0,2.0,1.0,2.0,1.0,1.0,1.0,1.0,2.0,1.0,1.0,5.0,1.0,1.0,1.0,1.0,3.0,1.0,1.0,1.0,2.0,0.0,2.0,0.0,1.0,0,0,1.0,1,4,Medio
2.0,7.0,1.0,5.0,2.0,4.0,1.0,7.0,3.0,3.0,3.0,5.0,2.0,1.0,1.0,1.0,3.0,1.0,1.0,1.0,2.0,0.0,2.0,0.0,1.0,0,1,1.0,1,3,Bajo
2.0,5.0,1.0,2.0,1.0,1.0,1.0,1.0,1.0,1.0,3.0,5.0,1.0,4.0,1.0,3.0,0.0,1.0,1.0,1.0,2.0,0.0,2.0,0.0,1.0,0,1,0.25,1,3,Bajo
2.0,3.0,1.0,2.0,1.0,1.0,1.0,3.0,3.0,5.0,3.0,4.0,2.0,3.0,1.0,3.0,0.0,1.0,1.0,1.0,2.0,0.0,2.0,0.0,1.0,0,1,0.33333334,0,3,Bajo
1.0,7.0,4.0,1.0,1.0,2.0,1.0,2.0,3.0,1.0,1.0,1.0,1.0,1.0,1.0,2.0,1.0,4.0,4.0,4.0,2.0,0.0,2.0,0.0,4.0,1,0,4.0,1,5,Medio
1.0,4.0,1.0,1.0,1.0,1.0,4.0,1.0,1.0,1.0,2.0,2.0,1.0,7.0,3.0,1.0,1.0,4.0,5.0,4.0,2.0,0.0,2.0,0.0,1.6666666,0,0,0.71428573,1,8,Alto
2.0,5.0,1.0,2.0,1.0,4.0,1.0,1.0,1.0,1.0,3.0,5.0,1.0,2.0,1.0,3.0,0.0,1.0,1.0,1.0,1.0,1.0,2.0,0.0,1.0,0,1,0.5,0,0,Bajo
1.0,7.0,1.0,1.0,1.0,2.0,4.0,1.0,2.0,1.0,1.0,2.0,1.0,4.0,4.0,1.0,1.0,2.0,3.0,4.0,2.0,0.0,1.0,1.0,0.75,0,0,0.75,1,8,Alto
2.0,4.0,1.0,1.0,1.0,1.0,5.0,2.0,3.0,5.0,1.0,6.0,2.0,1.0,1.0,3.0,0.0,1.0,1.0,1.0,2.0,0.0,2.0,0.0,1.0,0,1,1.0,1,5,Medio
1.0,7.0,4.0,1.0,1.0,2.0,4.0,1.0,1.0,1.0,1.0,2.0,2.0,1.0,0.0,2.0,3.0,4.0,4.0,4.0,2.0,0.0,1.0,1.0,4.0,1,0,4.0,1,3,Bajo
1.0,1.0,1.0,1.0,1.0,2.0,4.0,1.0,1.0,1.0,8.0,1.0,2.0,1.0,1.0,1.0,1.0,4.0,1.0,1.0,2.0,0.0,2.0,0.0,1.0,0,0,1.0,1,7,Alto
2.0,2.0,1.0,2.0,1.0,1.0,1.0,1.0,2.0,1.0,3.0,5.0,1.0,2.0,1.0,3.0,0.0,1.0,1.0,1.0,2.0,0.0,2.0,0.0,1.0,0,1,0.5,0,1,Bajo
1.0,7.0,1.0,1.0,1.0,1.0,6.0,1.0,1.0,1.0,1.0,2.0,1.0,4.0,1.0,1.0,1.0,3.0,1.0,1.0,2.0,0.0,2.0,0.0,1.0,0,0,0.25,1,3,Bajo
1.0,7.0,1.0,1.0,1.0,2.0,4.0,2.0,3.0,1.0,1.0,1.0,1.0,4.0,1.0,1.0,3.0,1.0,2.0,6.0,2.0,0.0,2.0,0.0,2.0,0,0,0.5,0,5,Medio
2.0,2.0,1.0,2.0,1.0,1.0,5.0,1.0,2.0,1.0,1.0,5.0,2.0,1.0,1.0,2.0,2.0,1.0,1.0,1.0,2.0,0.0,2.0,0.0,1.0,0,0,1.0,0,3,Bajo
1.0,1.0,1.0,2.0,1.0,1.0,5.0,1.0,1.0,1.0,2.0,2.0,2.0,4.0,4.0,2.0,1.0,4.0,4.0,5.0,2.0,0.0,1.0,1.0,1.0,0,0,1.0,1,6,Medio
2.0,2.0,1.0,1.0,2.0,1.0,5.0,4.0,3.0,1.0,3.0,5.0,1.0,1.0,1.0,1.0,3.0,1.0,2.0,5.0,1.0,1.0,2.0,0.0,2.0,0,0,2.0,0,3,Bajo
1.0,7.0,1.0,1.0,1.0,2.0,4.0,1.0,1.0,1.0,2.0,2.0,1.0,7.0,4.0,1.0,1.0,1.0,3.0,5.0,2.0,0.0,2.0,0.0,0.75,0,0,0.42857143,1,10,Alto
1.0,7.0,1.0,1.0,1.0,2.0,4.0,1.0,1.0,1.0,1.0,2.0,1.0,3.0,2.0,1.0,1.0,1.0,2.0,3.0,2.0,0.0,2.0,0.0,1.0,0,0,0.6666667,1,12,Alto
2.0,3.0,1.0,5.0,2.0,1.0,1.0,1.0,1.0,5.0,3.0,5.0,1.0,2.0,1.0,3.0,0.0,1.0,1.0,1.0,2.0,0.0,2.0,0.0,1.0,0,1,0.5,1,2,Bajo
1.0,7.0,1.0,1.0,1.0,2.0,4.0,1.0,1.0,1.0,2.0,2.0,1.0,7.0,3.0,1.0,1.0,1.0,4.0,4.0,2.0,0.0,2.0,0.0,1.3333334,0,0,0.5714286,1,12,Alto
1.0,4.0,1.0,1.0,1.0,1.0,5.0,1.0,1.0,1.0,2.0,2.0,1.0,3.0,3.0,1.0,3.0,1.0,2.0,5.0,2.0,0.0,2.0,0.0,0.6666667,0,0,0.6666667,0,0,Bajo
2.0,2.0,1.0,2.0,1.0,1.0,1.0,1.0,2.0,1.0,3.0,5.0,1.0,2.0,2.0,1.0,3.0,1.0,5.0,4.0,2.0,0.0,1.0,1.0,2.5,0,0,2.5,1,3,Bajo
2.0,7.0,1.0,1.0,1.0,1.0,4.0,3.0,1.0,3.0,1.0,5.0,1.0,4.0,2.0,1.0,3.0,1.0,3.0,4.0,2.0,0.0,2.0,0.0,1.5,0,0,0.75,0,5,Medio
1.0,7.0,1.0,1.0,1.0,2.0,4.0,1.0,1.0,1.0,2.0,2.0,1.0,5.0,3.0,1.0,1.0,1.0,3.0,4.0,2.0,0.0,2.0,0.0,1.0,0,0,0.6,1,11,Alto
2.0,3.0,1.0,5.0,2.0,1.0,2.0,5.0,2.0,1.0,3.0,5.0,1.0,1.0,1.0,1.0,6.0,1.0,6.0,5.0,2.0,0.0,2.0,0.0,6.0,1,1,6.0,0,2,Bajo
1.0,7.0,1.0,1.0,1.0,3.0,4.0,1.0,1.0,1.0,2.0,2.0,1.0,2.0,2.0,2.0,1.0,1.0,2.0,3.0,2.0,0.0,2.0,0.0,1.0,0,0,1.0,1,7,Alto
1.0,5.0,1.0,2.0,1.0,1.0,5.0,1.0,1.0,1.0,1.0,1.0,1.0,3.0,3.0,1.0,1.0,1.0,2.0,2.0,2.0,0.0,2.0,0.0,0.6666667,0,0,0.6666667,1,4,Medio
2.0,3.0,1.0,1.0,1.0,1.0,5.0,4.0,2.0,1.0,1.0,5.0,1.0,3.0,2.0,1.0,3.0,1.0,5.0,5.0,2.0,0.0,2.0,0.0,2.5,0,0,1.6666666,1,7,Alto
2.0,6.0,1.0,2.0,1.0,2.0,5.0,1.0,2.0,1.0,2.0,5.0,1.0,2.0,2.0,2.0,4.0,1.0,3.0,4.0,2.0,0.0,2.0,0.0,1.5,0,0,1.5,0,1,Bajo
1.0,2.0,1.0,1.0,1.0,1.0,5.0,1.0,1.0,1.0,2.0,2.0,1.0,3.0,2.0,1.0,1.0,1.0,2.0,5.0,2.0,0.0,2.0,0.0,1.0,0,0,0.6666667,1,6,Medio
1.0,2.0,1.0,2.0,1.0,1.0,5.0,1.0,2.0,1.0,1.0,2.0,1.0,3.0,2.0,2.0,1.0,1.0,6.0,5.0,2.0,0.0,2.0,0.0,3.0,0,0,2.0,1,3,Bajo
1.0,7.0,4.0,2.0,1.0,2.0,4.0,1.0,1.0,1.0,1.0,2.0,2.0,1.0,1.0,2.0,1.0,4.0,2.0,2.0,2.0,0.0,2.0,0.0,2.0,0,0,2.0,1,6,Medio
1.0,2.0,1.0,1.0,1.0,1.0,5.0,1.0,2.0,1.0,1.0,1.0,2.0,2.0,1.0,1.0,1.0,3.0,6.0,5.0,2.0,0.0,2.0,0.0,6.0,1,0,3.0,0,5,Medio
1.0,7.0,1.0,1.0,1.0,2.0,4.0,1.0,1.0,1.0,2.0,2.0,1.0,1.0,1.0,1.0,1.0,4.0,1.0,1.0,1.0,2.0,2.0,0.0,1.0,0,0,1.0,1,10,Alto
1.0,3.0,1.0,1.0,1.0,3.0,4.0,8.0,3.0,1.0,2.0,2.0,1.0,2.0,1.0,1.0,2.0,1.0,2.0,3.0,2.0,0.0,2.0,0.0,2.0,0,1,1.0,1,4,Medio
1.0,2.0,1.0,1.0,1.0,1.0,5.0,1.0,1.0,1.0,2.0,2.0,1.0,6.0,1.0,1.0,1.0,1.0,1.0,1.0,2.0,0.0,1.0,1.0,1.0,0,0,0.16666667,1,6,Medio
2.0,3.0,1.0,1.0,1.0,1.0,4.0,1.0,2.0,1.0,1.0,5.0,1.0,3.0,3.0,1.0,2.0,1.0,3.0,3.0,2.0,0.0,2.0,0.0,1.0,0,0,1.0,1,7,Alto
1.0,6.0,3.0,1.0,1.0,1.0,6.0,1.0,1.0,1.0,1.0,2.0,1.0,4.0,3.0,1.0,1.0,5.0,4.0,5.0,2.0,0.0,2.0,0.0,1.3333334,0,0,1.0,1,8,Alto
2.0,3.0,1.0,5.0,2.0,1.0,1.0,7.0,2.0,1.0,1.0,5.0,2.0,1.0,1.0,3.0,0.0,1.0,2.0,3.0,2.0,0.0,2.0,0.0,2.0,0,1,2.0,1,1,Bajo
1.0,7.0,1.0,1.0,1.0,2.0,4.0,1.0,1.0,1.0,1.0,2.0,1.0,3.0,3.0,1.0,3.0,2.0,6.0,5.0,2.0,0.0,2.0,0.0,2.0,0,0,2.0,1,6,Medio
1.0,2.0,1.0,2.0,1.0,1.0,5.0,1.0,1.0,1.0,1.0,1.0,1.0,3.0,2.0,1.0,1.0,1.0,2.0,3.0,2.0,0.0,2.0,0.0,1.0,0,0,0.6666667,0,3,Bajo
1.0,2.0,1.0,1.0,1.0,1.0,3.0,2.0,3.0,1.0,2.0,2.0,1.0,2.0,1.0,1.0,1.0,5.0,3.0,4.0,2.0,0.0,2.0,0.0,3.0,0,0,1.5,1,3,Bajo
1.0,3.0,1.0,1.0,1.0,1.0,5.0,9.0,2.0,5.0,8.0,5.0,2.0,3.0,2.0,1.0,3.0,1.0,1.0,1.0,2.0,0.0,2.0,0.0,0.5,0,1,0.33333334,1,1,Bajo
1.0,2.0,1.0,1.0,1.0,1.0,4.0,1.0,1.0,1.0,1.0,2.0,1.0,2.0,2.0,1.0,1.0,1.0,1.0,1.0,2.0,0.0,2.0,0.0,0.5,0,0,0.5,1,4,Medio
1.0,3.0,3.0,1.0,1.0,2.0,4.0,1.0,1.0,1.0,2.0,2.0,1.0,2.0,1.0,1.0,1.0,4.0,2.0,3.0,2.0,0.0,2.0,0.0,2.0,0,0,1.0,1,10,Alto
2.0,7.0,1.0,1.0,1.0,1.0,7.0,1.0,1.0,1.0,3.0,5.0,1.0,4.0,4.0,1.0,3.0,1.0,6.0,5.0,2.0,0.0,1.0,1.0,1.5,0,0,1.5,1,4,Medio
1.0,2.0,1.0,2.0,1.0,1.0,2.0,1.0,2.0,1.0,2.0,1.0,1.0,2.0,1.0,1.0,1.0,2.0,4.0,3.0,2.0,0.0,1.0,1.0,4.0,1,0,2.0,1,3,Bajo
1.0,2.0,1.0,1.0,1.0,1.0,5.0,1.0,1.0,1.0,2.0,3.0,1.0,2.0,2.0,1.0,1.0,1.0,2.0,2.0,2.0,0.0,2.0,0.0,1.0,0,0,1.0,1,6,Medio
1.0,3.0,1.0,1.0,1.0,2.0,4.0,4.0,1.0,1.0,1.0,2.0,1.0,3.0,3.0,2.0,3.0,1.0,2.0,5.0,2.0,0.0,2.0,0.0,0.6666667,0,0,0.6666667,1,5,Medio
1.0,3.0,4.0,1.0,1.0,3.0,4.0,5.0,1.0,1.0,1.0,2.0,1.0,4.0,2.0,2.0,1.0,5.0,5.0,4.0,2.0,0.0,2.0,0.0,2.5,0,1,1.25,1,7,Alto
1.0,4.0,4.0,1.0,1.0,1.0,5.0,1.0,2.0,1.0,1.0,1.0,2.0,1.0,1.0,3.0,0.0,4.0,1.0,1.0,2.0,0.0,2.0,0.0,1.0,0,1,1.0,1,3,Bajo
1.0,6.0,1.0,1.0,1.0,1.0,4.0,1.0,1.0,1.0,1.0,2.0,1.0,1.0,1.0,1.0,3.0,4.0,2.0,5.0,2.0,0.0,2.0,0.0,2.0,0,0,2.0,1,4,Medio
2.0,2.0,1.0,1.0,2.0,1.0,5.0,6.0,2.0,3.0,1.0,6.0,2.0,1.0,1.0,1.0,3.0,1.0,1.0,1.0,2.0,0.0,2.0,0.0,1.0,0,1,1.0,1,2,Bajo
1.0,2.0,1.0,1.0,1.0,3.0,5.0,1.0,2.0,1.0,1.0,1.0,1.0,2.0,2.0,1.0,1.0,1.0,3.0,3.0,2.0,0.0,2.0,0.0,1.5,0,0,1.5,1,7,Alto
1.0,2.0,3.0,1.0,1.0,3.0,2.0,1.0,1.0,1.0,1.0,2.0,1.0,2.0,2.0,1.0,1.0,4.0,2.0,3.0,2.0,0.0,2.0,0.0,1.0,0,0,1.0,0,2,Bajo
2.0,3.0,1.0,1.0,2.0,1.0,5.0,4.0,2.0,1.0,1.0,5.0,1.0,3.0,3.0,1.0,2.0,1.0,2.0,3.0,2.0,0.0,2.0,0.0,0.6666667,0,0,0.6666667,1,6,Medio
2.0,3.0,1.0,5.0,2.0,1.0,1.0,7.0,3.0,5.0,3.0,5.0,1.0,1.0,1.0,3.0,0.0,1.0,4.0,5.0,2.0,0.0,2.0,0.0,4.0,1,1,4.0,1,3,Bajo
1.0,2.0,1.0,1.0,1.0,1.0,3.0,1.0,1.0,1.0,2.0,1.0,1.0,3.0,3.0,1.0,1.0,5.0,3.0,5.0,2.0,0.0,2.0,0.0,1.0,0,0,1.0,1,8,Alto
2.0,4.0,1.0,1.0,2.0,1.0,1.0,2.0,3.0,1.0,3.0,5.0,1.0,2.0,2.0,3.0,0.0,3.0,6.0,5.0,2.0,0.0,2.0,0.0,3.0,0,1,3.0,1,3,Bajo
2.0,7.0,1.0,1.0,1.0,1.0,4.0,1.0,2.0,1.0,1.0,2.0,1.0,3.0,1.0,3.0,0.0,1.0,4.0,4.0,2.0,0.0,2.0,0.0,4.0,1,1,1.3333334,0,4,Medio
1.0,2.0,3.0,1.0,1.0,1.0,3.0,1.0,1.0,1.0,2.0,2.0,1.0,3.0,3.0,1.0,1.0,1.0,3.0,3.0,1.0,1.0,1.0,2.0,1.0,0,0,1.0,1,4,Medio
1.0,2.0,4.0,1.0,1.0,1.0,5.0,1.0,2.0,1.0,1.0,1.0,1.0,2.0,1.0,2.0,1.0,4.0,3.0,4.0,2.0,0.0,2.0,0.0,3.0,0,0,1.5,1,5,Medio
1.0,8.0,4.0,1.0,2.0,1.0,4.0,1.0,1.0,1.0,1.0,2.0,2.0,1.0,1.0,2.0,1.0,3.0,3.0,3.0,2.0,0.0,2.0,0.0,3.0,0,0,3.0,1,1,Bajo
1.0,2.0,1.0,1.0,1.0,1.0,5.0,1.0,1.0,1.0,1.0,2.0,2.0,6.0,4.0,1.0,3.0,1.0,6.0,5.0,2.0,0.0,2.0,0.0,1.5,0,0,1.0,1,5,Medio
1.0,7.0,1.0,1.0,1.0,1.0,5.0,1.0,2.0,1.0,2.0,5.0,1.0,3.0,1.0,1.0,1.0,1.0,1.0,1.0,2.0,0.0,2.0,0.0,1.0,0,0,0.33333334,1,6,Medio
1.0,3.0,1.0,1.0,1.0,3.0,4.0,1.0,1.0,1.0,2.0,1.0,1.0,3.0,3.0,1.0,1.0,4.0,3.0,3.0,2.0,0.0,2.0,0.0,1.0,0,0,1.0,1,6,Medio
1.0,2.0,1.0,1.0,2.0,1.0,4.0,1.0,1.0,1.0,1.0,1.0,1.0,6.0,3.0,1.0,2.0,2.0,5.0,3.0,2.0,0.0,2.0,0.0,1.6666666,0,0,0.8333333,1,5,Medio
1.0,7.0,1.0,1.0,1.0,2.0,5.0,1.0,1.0,1.0,1.0,2.0,2.0,1.0,1.0,1.0,3.0,1.0,4.0,4.0,2.0,0.0,2.0,0.0,4.0,1,0,4.0,1,4,Medio
2.0,3.0,1.0,5.0,2.0,1.0,1.0,7.0,3.0,2.0,3.0,7.0,1.0,1.0,1.0,2.0,3.0,3.0,3.0,4.0,2.0,0.0,2.0,0.0,3.0,0,1,3.0,1,2,Bajo
1.0,7.0,1.0,1.0,1.0,2.0,5.0,1.0,1.0,1.0,1.0,2.0,1.0,3.0,3.0,1.0,2.0,1.0,4.0,5.0,2.0,0.0,2.0,0.0,1.3333334,0,0,1.3333334,1,7,Alto
1.0,2.0,3.0,1.0,1.0,3.0,3.0,1.0,1.0,1.0,2.0,1.0,1.0,5.0,3.0,1.0,1.0,4.0,5.0,4.0,2.0,0.0,2.0,0.0,1.6666666,0,0,1.0,1,7,Alto
1.0,3.0,4.0,1.0,1.0,2.0,4.0,6.0,1.0,1.0,1.0,2.0,1.0,1.0,1.0,2.0,1.0,4.0,3.0,4.0,2.0,0.0,2.0,0.0,3.0,0,1,3.0,1,6,Medio
1.0,2.0,1.0,1.0,1.0,2.0,5.0,1.0,1.0,1.0,2.0,1.0,1.0,3.0,3.0,1.0,3.0,2.0,4.0,4.0,2.0,0.0,2.0,0.0,1.3333334,0,0,1.3333334,1,4,Medio
2.0,5.0,1.0,1.0,2.0,1.0,5.0,1.0,1.0,1.0,1.0,2.0,1.0,1.0,1.0,1.0,5.0,1.0,2.0,3.0,1.0,2.0,2.0,0.0,2.0,0,0,2.0,1,5,Medio
1.0,2.0,1.0,1.0,1.0,1.0,5.0,1.0,1.0,1.0,1.0,1.0,1.0,4.0,4.0,1.0,1.0,1.0,5.0,4.0,2.0,0.0,2.0,0.0,1.25,0,0,1.25,1,5,Medio
1.0,3.0,1.0,1.0,1.0,2.0,4.0,1.0,1.0,1.0,2.0,2.0,1.0,4.0,2.0,1.0,1.0,1.0,1.0,1.0,2.0,0.0,2.0,0.0,0.5,0,0,0.25,1,4,Medio
1.0,3.0,1.0,2.0,2.0,2.0,1.0,1.0,1.0,1.0,1.0,2.0,2.0,3.0,2.0,1.0,1.0,1.0,1.0,1.0,2.0,0.0,2.0,0.0,0.5,0,0,0.33333334,1,2,Bajo
2.0,4.0,1.0,2.0,1.0,1.0,1.0,3.0,3.0,1.0,3.0,5.0,2.0,2.0,2.0,3.0,0.0,1.0,3.0,5.0,2.0,0.0,2.0,0.0,1.5,0,1,1.5,1,4,Medio
1.0,3.0,1.0,1.0,1.0,2.0,4.0,8.0,3.0,1.0,1.0,2.0,2.0,8.0,0.0,1.0,3.0,8.0,1.0,1.0,2.0,0.0,2.0,0.0,1.0,0,1,0.125,0,6,Medio
2.0,2.0,1.0,2.0,1.0,1.0,4.0,1.0,2.0,1.0,1.0,3.0,2.0,1.0,1.0,2.0,3.0,1.0,2.0,3.0,2.0,0.0,2.0,0.0,2.0,0,0,2.0,0,2,Bajo
1.0,3.0,1.0,1.0,1.0,2.0,5.0,9.0,1.0,1.0,2.0,2.0,1.0,7.0,3.0,1.0,1.0,3.0,6.0,4.0,2.0,0.0,1.0,1.0,2.0,0,1,0.85714287,1,9,Alto
2.0,9.0,1.0,1.0,2.0,1.0,4.0,5.0,3.0,5.0,8.0,5.0,1.0,1.0,1.0,2.0,3.0,3.0,1.0,1.0,2.0,0.0,2.0,0.0,1.0,0,1,1.0,1,1,Bajo
1.0,6.0,1.0,1.0,1.0,1.0,5.0,1.0,1.0,1.0,1.0,2.0,1.0,3.0,0.0,1.0,1.0,3.0,1.0,1.0,2.0,0.0,2.0,0.0,1.0,0,0,0.33333334,1,6,Medio
1.0,3.0,1.0,1.0,1.0,2.0,5.0,2.0,3.0,1.0,1.0,2.0,1.0,3.0,3.0,1.0,1.0,1.0,3.0,4.0,2.0,0.0,2.0,0.0,1.0,0,0,1.0,1,7,Alto
1.0,8.0,1.0,5.0,2.0,1.0,1.0,1.0,2.0,1.0,1.0,2.0,1.0,2.0,2.0,1.0,1.0,1.0,1.0,1.0,2.0,0.0,2.0,0.0,0.5,0,0,0.5,0,3,Bajo
2.0,2.0,1.0,2.0,1.0,1.0,5.0,1.0,1.0,1.0,1.0,5.0,1.0,2.0,1.0,1.0,3.0,1.0,1.0,1.0,2.0,0.0,2.0,0.0,1.0,0,0,0.5,0,4,Medio
1.0,6.0,1.0,1.0,1.0,1.0,5.0,1.0,2.0,1.0,1.0,2.0,2.0,1.0,0.0,2.0,1.0,3.0,4.0,4.0,2.0,0.0,2.0,0.0,4.0,1,0,4.0,1,4,Medio
1.0,2.0,1.0,1.0,1.0,1.0,5.0,1.0,2.0,1.0,1.0,2.0,1.0,4.0,2.0,2.0,1.0,1.0,3.0,5.0,2.0,0.0,2.0,0.0,1.5,0,0,0.75,1,6,Medio
1.0,1.0,1.0,1.0,1.0,2.0,5.0,2.0,3.0,1.0,1.0,4.0,1.0,1.0,1.0,2.0,5.0,1.0,3.0,4.0,2.0,0.0,2.0,0.0,3.0,0,0,3.0,1,4,Medio
1.0,1.0,4.0,1.0,2.0,3.0,4.0,1.0,1.0,1.0,8.0,1.0,2.0,1.0,0.0,2.0,1.0,4.0,1.0,1.0,2.0,0.0,2.0,0.0,1.0,0,0,1.0,1,4,Medio
1.0,7.0,4.0,1.0,1.0,2.0,7.0,1.0,1.0,1.0,1.0,2.0,2.0,1.0,1.0,2.0,1.0,4.0,3.0,3.0,1.0,1.0,2.0,0.0,3.0,0,0,3.0,1,4,Medio
1.0,4.0,1.0,1.0,1.0,1.0,4.0,1.0,1.0,1.0,1.0,2.0,1.0,2.0,2.0,1.0,2.0,1.0,1.0,1.0,2.0,0.0,2.0,0.0,0.5,0,0,0.5,1,6,Medio
1.0,7.0,1.0,1.0,1.0,2.0,5.0,1.0,1.0,1.0,1.0,5.0,1.0,2.0,2.0,1.0,2.0,4.0,5.0,4.0,2.0,0.0,2.0,0.0,2.5,0,0,2.5,1,9,Alto
1.0,4.0,1.0,1.0,1.0,1.0,5.0,1.0,1.0,1.0,1.0,2.0,2.0,1.0,1.0,3.0,0.0,3.0,2.0,3.0,2.0,0.0,2.0,0.0,2.0,0,1,2.0,0,1,Bajo
1.0,7.0,3.0,1.0,1.0,3.0,4.0,1.0,1.0,1.0,2.0,1.0,1.0,2.0,2.0,1.0,1.0,4.0,4.0,4.0,2.0,0.0,2.0,0.0,2.0,0,0,2.0,1,11,Alto
1.0,7.0,4.0,1.0,2.0,3.0,5.0,1.0,1.0,1.0,3.0,2.0,2.0,1.0,1.0,2.0,2.0,4.0,2.0,2.0,2.0,0.0,2.0,0.0,2.0,0,0,2.0,0,2,Bajo
1.0,3.0,3.0,1.0,1.0,2.0,4.0,1.0,1.0,1.0,1.0,1.0,1.0,3.0,2.0,1.0,1.0,3.0,3.0,4.0,2.0,0.0,2.0,0.0,1.5,0,0,1.0,1,9,Alto
1.0,3.0,1.0,1.0,2.0,1.0,5.0,1.0,1.0,1.0,1.0,2.0,2.0,3.0,3.0,1.0,1.0,4.0,1.0,1.0,1.0,2.0,2.0,0.0,0.33333334,0,0,0.33333334,0,2,Bajo
1.0,7.0,1.0,2.0,1.0,2.0,4.0,1.0,1.0,1.0,2.0,2.0,2.0,4.0,4.0,2.0,1.0,1.0,2.0,2.0,2.0,0.0,2.0,0.0,0.5,0,0,0.5,1,5,Medio
2.0,2.0,1.0,3.0,1.0,1.0,1.0,1.0,2.0,3.0,3.0,5.0,1.0,1.0,1.0,1.0,1.0,1.0,3.0,5.0,2.0,0.0,2.0,0.0,3.0,0,0,3.0,0,2,Bajo
1.0,5.0,3.0,1.0,1.0,3.0,4.0,1.0,1.0,1.0,2.0,2.0,1.0,2.0,1.0,1.0,1.0,4.0,3.0,4.0,2.0,0.0,2.0,0.0,3.0,0,0,1.5,1,8,Alto
2.0,5.0,1.0,1.0,1.0,1.0,4.0,2.0,3.0,1.0,1.0,5.0,1.0,3.0,3.0,2.0,2.0,1.0,1.0,1.0,2.0,0.0,2.0,0.0,0.33333334,0,0,0.33333334,1,2,Bajo
2.0,7.0,4.0,1.0,1.0,5.0,4.0,1.0,2.0,1.0,1.0,2.0,1.0,1.0,1.0,2.0,3.0,3.0,3.0,3.0,2.0,0.0,2.0,0.0,3.0,0,0,3.0,1,4,Medio
2.0,2.0,4.0,1.0,1.0,1.0,3.0,1.0,1.0,1.0,1.0,1.0,1.0,3.0,2.0,3.0,0.0,7.0,1.0,1.0,2.0,0.0,2.0,0.0,0.5,0,1,0.33333334,1,4,Medio
1.0,3.0,3.0,1.0,1.0,3.0,4.0,1.0,1.0,1.0,2.0,2.0,1.0,5.0,3.0,1.0,1.0,1.0,2.0,2.0,1.0,3.0,1.0,1.0,0.6666667,0,0,0.4,1,10,Alto
2.0,1.0,4.0,1.0,1.0,1.0,5.0,1.0,1.0,1.0,1.0,1.0,1.0,1.0,1.0,2.0,1.0,4.0,1.0,1.0,2.0,0.0,2.0,0.0,1.0,0,0,1.0,1,8,Alto
2.0,3.0,1.0,1.0,2.0,2.0,5.0,2.0,3.0,1.0,1.0,5.0,1.0,4.0,1.0,1.0,1.0,1.0,1.0,1.0,2.0,0.0,2.0,0.0,1.0,0,0,0.25,1,3,Bajo
2.0,3.0,1.0,5.0,2.0,1.0,1.0,2.0,3.0,5.0,3.0,5.0,2.0,1.0,1.0,3.0,0.0,1.0,1.0,1.0,2.0,0.0,2.0,0.0,1.0,0,1,1.0,0,0,Bajo
1.0,1.0,1.0,1.0,1.0,2.0,4.0,1.0,1.0,1.0,2.0,1.0,1.0,1.0,1.0,1.0,1.0,4.0,1.0,1.0,2.0,0.0,2.0,0.0,1.0,0,0,1.0,0,0,Bajo
1.0,3.0,1.0,2.0,1.0,2.0,4.0,1.0,1.0,1.0,2.0,2.0,1.0,3.0,2.0,1.0,1.0,1.0,1.0,1.0,1.0,2.0,1.0,1.0,0.5,0,0,0.33333334,0,7,Alto
1.0,7.0,1.0,1.0,1.0,2.0,4.0,2.0,3.0,1.0,1.0,2.0,1.0,2.0,1.0,1.0,2.0,1.0,3.0,4.0,2.0,0.0,2.0,0.0,3.0,0,0,1.5,1,6,Medio
1.0,3.0,4.0,1.0,1.0,1.0,4.0,8.0,3.0,1.0,2.0,2.0,1.0,1.0,0.0,2.0,2.0,4.0,2.0,2.0,2.0,0.0,2.0,0.0,2.0,0,1,2.0,1,6,Medio
1.0,5.0,1.0,1.0,1.0,1.0,4.0,1.0,1.0,1.0,2.0,2.0,1.0,6.0,4.0,1.0,1.0,1.0,7.0,5.0,1.0,1.0,2.0,0.0,1.75,0,0,1.1666666,0,10,Alto
1.0,3.0,1.0,1.0,1.0,3.0,5.0,4.0,1.0,1.0,2.0,2.0,2.0,2.0,2.0,1.0,3.0,5.0,3.0,5.0,2.0,0.0,1.0,1.0,1.5,0,0,1.5,1,4,Medio
2.0,8.0,2.0,6.0,2.0,4.0,1.0,5.0,3.0,5.0,3.0,5.0,1.0,1.0,1.0,1.0,6.0,1.0,1.0,1.0,2.0,0.0,2.0,0.0,1.0,0,1,1.0,0,4,Medio
1.0,3.0,3.0,1.0,1.0,1.0,4.0,1.0,1.0,1.0,1.0,2.0,1.0,4.0,3.0,1.0,1.0,4.0,5.0,3.0,2.0,0.0,2.0,0.0,1.6666666,0,0,1.25,1,4,Medio
2.0,4.0,1.0,2.0,2.0,1.0,1.0,3.0,3.0,3.0,3.0,5.0,2.0,1.0,1.0,3.0,0.0,1.0,1.0,1.0,2.0,0.0,2.0,0.0,1.0,0,1,1.0,1,2,Bajo
1.0,2.0,3.0,1.0,1.0,3.0,3.0,1.0,1.0,1.0,1.0,1.0,1.0,3.0,2.0,1.0,1.0,4.0,2.0,6.0,2.0,0.0,2.0,0.0,1.0,0,0,0.6666667,1,8,Alto
2.0,5.0,4.0,2.0,1.0,4.0,7.0,7.0,3.0,1.0,1.0,6.0,2.0,2.0,2.0,3.0,0.0,1.0,2.0,2.0,2.0,0.0,2.0,0.0,1.0,0,1,1.0,1,2,Bajo
1.0,3.0,1.0,1.0,1.0,1.0,5.0,1.0,2.0,1.0,2.0,2.0,1.0,2.0,1.0,1.0,1.0,1.0,1.0,1.0,2.0,0.0,2.0,0.0,1.0,0,0,0.5,1,5,Medio
2.0,2.0,1.0,2.0,1.0,1.0,1.0,1.0,2.0,1.0,1.0,4.0,1.0,2.0,2.0,3.0,0.0,1.0,2.0,3.0,2.0,0.0,2.0,0.0,1.0,0,1,1.0,0,2,Bajo
1.0,3.0,1.0,1.0,1.0,3.0,5.0,1.0,2.0,5.0,3.0,6.0,2.0,1.0,0.0,1.0,3.0,1.0,1.0,1.0,2.0,0.0,2.0,0.0,1.0,0,1,1.0,0,2,Bajo
2.0,3.0,1.0,1.0,1.0,1.0,5.0,4.0,2.0,1.0,3.0,5.0,1.0,1.0,1.0,3.0,0.0,1.0,1.0,1.0,2.0,0.0,2.0,0.0,1.0,0,1,1.0,0,1,Bajo
1.0,7.0,1.0,1.0,1.0,2.0,5.0,1.0,1.0,1.0,1.0,1.0,1.0,1.0,1.0,1.0,1.0,4.0,2.0,2.0,2.0,0.0,2.0,0.0,2.0,0,0,2.0,1,4,Medio
2.0,5.0,1.0,1.0,2.0,4.0,1.0,9.0,3.0,5.0,3.0,5.0,1.0,1.0,1.0,3.0,0.0,1.0,2.0,3.0,2.0,0.0,2.0,0.0,2.0,0,1,2.0,1,2,Bajo
1.0,6.0,1.0,1.0,1.0,3.0,4.0,1.0,1.0,1.0,2.0,2.0,1.0,8.0,4.0,1.0,1.0,1.0,5.0,4.0,2.0,0.0,2.0,0.0,1.25,0,0,0.625,1,10,Alto
2.0,3.0,2.0,5.0,2.0,1.0,1.0,1.0,2.0,1.0,3.0,5.0,2.0,1.0,1.0,1.0,3.0,1.0,2.0,3.0,2.0,0.0,2.0,0.0,2.0,0,0,2.0,1,3,Bajo
2.0,7.0,1.0,5.0,2.0,1.0,1.0,1.0,1.0,5.0,3.0,5.0,2.0,1.0,1.0,1.0,3.0,1.0,2.0,3.0,2.0,0.0,2.0,0.0,2.0,0,1,2.0,0,1,Bajo
1.0,7.0,1.0,1.0,2.0,3.0,1.0,1.0,2.0,1.0,1.0,5.0,1.0,2.0,2.0,1.0,3.0,1.0,5.0,4.0,2.0,0.0,2.0,0.0,2.5,0,0,2.5,1,4,Medio
1.0,3.0,1.0,2.0,1.0,1.0,3.0,1.0,1.0,1.0,1.0,1.0,1.0,2.0,1.0,1.0,1.0,4.0,2.0,3.0,2.0,0.0,2.0,0.0,2.0,0,0,1.0,1,10,Alto
2.0,5.0,1.0,2.0,2.0,1.0,1.0,2.0,3.0,5.0,3.0,5.0,1.0,1.0,1.0,3.0,0.0,1.0,1.0,1.0,2.0,0.0,2.0,0.0,1.0,0,1,1.0,0,0,Bajo
1.0,3.0,1.0,1.0,2.0,1.0,5.0,2.0,3.0,1.0,1.0,2.0,2.0,2.0,2.0,1.0,1.0,1.0,4.0,4.0,2.0,0.0,2.0,0.0,2.0,0,0,2.0,1,4,Medio
1.0,2.0,1.0,1.0,1.0,3.0,4.0,1.0,1.0,1.0,2.0,1.0,1.0,3.0,3.0,1.0,1.0,3.0,5.0,4.0,2.0,0.0,2.0,0.0,1.6666666,0,0,1.6666666,1,6,Medio
2.0,2.0,1.0,2.0,1.0,1.0,1.0,1.0,1.0,1.0,3.0,3.0,1.0,2.0,1.0,3.0,0.0,1.0,1.0,1.0,2.0,0.0,2.0,0.0,1.0,0,1,0.5,0,0,Bajo
1.0,2.0,3.0,1.0,1.0,1.0,3.0,1.0,1.0,1.0,2.0,1.0,1.0,5.0,2.0,1.0,1.0,1.0,2.0,6.0,2.0,0.0,2.0,0.0,1.0,0,0,0.4,1,6,Medio
2.0,7.0,6.0,2.0,1.0,1.0,5.0,1.0,2.0,1.0,1.0,5.0,2.0,1.0,0.0,3.0,0.0,7.0,1.0,1.0,2.0,0.0,2.0,0.0,1.0,0,1,1.0,0,5,Medio
2.0,2.0,5.0,7.0,2.0,5.0,9.0,6.0,3.0,5.0,8.0,7.0,2.0,1.0,0.0,3.0,0.0,8.0,1.0,1.0,2.0,0.0,2.0,0.0,1.0,0,1,1.0,0,0,Bajo
1.0,4.0,1.0,1.0,2.0,1.0,5.0,1.0,1.0,1.0,1.0,1.0,1.0,2.0,1.0,1.0,1.0,3.0,2.0,5.0,2.0,0.0,2.0,0.0,2.0,0,0,1.0,1,4,Medio
1.0,2.0,1.0,1.0,2.0,1.0,7.0,1.0,1.0,1.0,2.0,2.0,1.0,4.0,2.0,1.0,1.0,1.0,2.0,5.0,2.0,0.0,2.0,0.0,1.0,0,0,0.5,1,7,Alto
1.0,7.0,1.0,1.0,1.0,2.0,4.0,1.0,1.0,1.0,1.0,2.0,1.0,3.0,2.0,1.0,1.0,1.0,3.0,4.0,2.0,0.0,2.0,0.0,1.5,0,0,1.0,1,10,Alto
1.0,3.0,1.0,2.0,2.0,1.0,1.0,1.0,1.0,1.0,1.0,5.0,1.0,1.0,1.0,1.0,1.0,1.0,1.0,1.0,2.0,0.0,2.0,0.0,1.0,0,0,1.0,0,2,Bajo
1.0,7.0,4.0,1.0,1.0,2.0,4.0,1.0,2.0,1.0,1.0,2.0,1.0,7.0,3.0,2.0,1.0,2.0,3.0,4.0,2.0,0.0,2.0,0.0,1.0,0,0,0.42857143,1,10,Alto
1.0,7.0,1.0,1.0,1.0,2.0,5.0,1.0,1.0,1.0,1.0,2.0,2.0,2.0,2.0,1.0,1.0,4.0,3.0,4.0,2.0,0.0,2.0,0.0,1.5,0,0,1.5,1,4,Medio
2.0,5.0,1.0,2.0,1.0,1.0,5.0,2.0,3.0,5.0,1.0,1.0,1.0,1.0,1.0,3.0,0.0,1.0,1.0,1.0,1.0,1.0,2.0,0.0,1.0,0,1,1.0,0,1,Bajo
1.0,2.0,1.0,1.0,1.0,1.0,5.0,1.0,1.0,1.0,2.0,2.0,1.0,1.0,1.0,1.0,1.0,2.0,1.0,1.0,2.0,0.0,2.0,0.0,1.0,0,0,1.0,1,8,Alto
2.0,7.0,1.0,2.0,1.0,2.0,7.0,1.0,2.0,1.0,3.0,5.0,1.0,3.0,2.0,1.0,3.0,1.0,2.0,2.0,2.0,0.0,2.0,0.0,1.0,0,0,0.6666667,1,5,Medio
1.0,7.0,1.0,5.0,2.0,1.0,5.0,1.0,1.0,1.0,1.0,5.0,1.0,2.0,2.0,1.0,3.0,4.0,4.0,4.0,2.0,0.0,2.0,0.0,2.0,0,0,2.0,0,4,Medio
2.0,5.0,1.0,2.0,2.0,1.0,1.0,5.0,1.0,1.0,3.0,5.0,2.0,1.0,1.0,3.0,0.0,1.0,2.0,3.0,2.0,0.0,1.0,1.0,2.0,0,1,2.0,1,2,Bajo
1.0,2.0,3.0,1.0,1.0,3.0,3.0,1.0,1.0,1.0,2.0,1.0,1.0,2.0,1.0,1.0,1.0,1.0,1.0,1.0,2.0,0.0,2.0,0.0,1.0,0,0,0.5,1,5,Medio
1.0,7.0,1.0,1.0,1.0,2.0,4.0,1.0,1.0,1.0,1.0,2.0,1.0,2.0,1.0,1.0,3.0,1.0,4.0,4.0,2.0,0.0,2.0,0.0,4.0,1,0,2.0,0,2,Bajo
1.0,2.0,1.0,1.0,1.0,1.0,5.0,1.0,1.0,1.0,1.0,2.0,1.0,1.0,1.0,1.0,3.0,4.0,4.0,3.0,2.0,0.0,2.0,0.0,4.0,1,0,4.0,1,4,Medio
1.0,2.0,1.0,2.0,1.0,1.0,5.0,1.0,1.0,1.0,1.0,1.0,1.0,2.0,2.0,1.0,1.0,4.0,4.0,5.0,2.0,0.0,2.0,0.0,2.0,0,0,2.0,1,5,Medio
2.0,5.0,1.0,2.0,1.0,1.0,5.0,1.0,1.0,1.0,1.0,5.0,1.0,3.0,3.0,1.0,2.0,1.0,4.0,5.0,1.0,1.0,2.0,0.0,1.3333334,0,0,1.3333334,1,10,Alto
1.0,3.0,1.0,1.0,1.0,2.0,4.0,1.0,1.0,1.0,2.0,2.0,1.0,3.0,3.0,1.0,1.0,1.0,4.0,4.0,2.0,0.0,2.0,0.0,1.3333334,0,0,1.3333334,1,10,Alto
1.0,3.0,1.0,1.0,1.0,3.0,4.0,1.0,1.0,1.0,1.0,2.0,1.0,2.0,2.0,1.0,1.0,1.0,2.0,2.0,2.0,0.0,2.0,0.0,1.0,0,0,1.0,1,5,Medio
1.0,2.0,1.0,1.0,1.0,1.0,5.0,1.0,1.0,1.0,2.0,1.0,1.0,5.0,3.0,1.0,1.0,3.0,5.0,5.0,2.0,0.0,2.0,0.0,1.6666666,0,0,1.0,1,10,Alto
1.0,7.0,1.0,1.0,1.0,3.0,4.0,1.0,1.0,1.0,1.0,2.0,1.0,4.0,4.0,1.0,1.0,1.0,3.0,4.0,2.0,0.0,2.0,0.0,0.75,0,0,0.75,1,12,Alto
2.0,3.0,1.0,2.0,1.0,2.0,1.0,2.0,3.0,1.0,3.0,5.0,1.0,4.0,4.0,1.0,3.0,1.0,3.0,3.0,2.0,0.0,2.0,0.0,0.75,0,0,0.75,1,4,Medio
1.0,2.0,1.0,1.0,1.0,1.0,3.0,1.0,1.0,1.0,2.0,1.0,1.0,3.0,1.0,1.0,1.0,1.0,1.0,1.0,2.0,0.0,1.0,1.0,1.0,0,0,0.33333334,1,8,Alto
1.0,3.0,1.0,1.0,1.0,2.0,4.0,4.0,1.0,1.0,1.0,2.0,1.0,3.0,3.0,1.0,1.0,1.0,1.0,1.0,2.0,0.0,1.0,1.0,0.33333334,0,0,0.33333334,1,8,Alto
1.0,7.0,1.0,1.0,2.0,1.0,7.0,1.0,2.0,1.0,1.0,2.0,2.0,1.0,1.0,1.0,3.0,8.0,1.0,1.0,2.0,0.0,2.0,0.0,1.0,0,0,1.0,1,4,Medio
2.0,2.0,1.0,2.0,1.0,4.0,1.0,5.0,3.0,1.0,4.0,5.0,1.0,1.0,1.0,3.0,0.0,1.0,3.0,3.0,2.0,0.0,1.0,1.0,3.0,0,1,3.0,0,3,Bajo
2.0,4.0,1.0,1.0,1.0,1.0,4.0,1.0,2.0,1.0,1.0,5.0,1.0,5.0,3.0,1.0,3.0,1.0,1.0,1.0,1.0,1.0,2.0,0.0,0.33333334,0,0,0.2,1,4,Medio
1.0,7.0,1.0,1.0,1.0,2.0,4.0,2.0,3.0,1.0,1.0,2.0,1.0,3.0,3.0,1.0,3.0,1.0,4.0,6.0,2.0,0.0,2.0,0.0,1.3333334,0,0,1.3333334,1,7,Alto
1.0,2.0,1.0,1.0,1.0,1.0,8.0,1.0,1.0,1.0,1.0,2.0,1.0,2.0,1.0,1.0,2.0,1.0,2.0,5.0,2.0,0.0,2.0,0.0,2.0,0,0,1.0,1,6,Medio
1.0,2.0,1.0,1.0,1.0,1.0,4.0,1.0,1.0,1.0,2.0,1.0,1.0,8.0,7.0,1.0,1.0,1.0,2.0,3.0,2.0,0.0,2.0,0.0,0.2857143,0,0,0.25,1,8,Alto
2.0,7.0,2.0,5.0,2.0,4.0,1.0,3.0,3.0,5.0,3.0,5.0,2.0,1.0,1.0,3.0,0.0,8.0,3.0,4.0,2.0,0.0,2.0,0.0,3.0,0,1,3.0,0,2,Bajo
1.0,4.0,1.0,2.0,1.0,1.0,5.0,1.0,1.0,1.0,2.0,2.0,1.0,4.0,4.0,1.0,1.0,1.0,2.0,3.0,2.0,0.0,2.0,0.0,0.5,0,0,0.5,1,7,Alto
1.0,7.0,4.0,1.0,1.0,1.0,5.0,1.0,1.0,1.0,1.0,2.0,1.0,1.0,1.0,2.0,1.0,4.0,1.0,1.0,2.0,0.0,2.0,0.0,1.0,0,0,1.0,1,6,Medio
1.0,7.0,1.0,1.0,1.0,2.0,4.0,4.0,1.0,1.0,1.0,2.0,2.0,1.0,1.0,1.0,1.0,4.0,3.0,5.0,2.0,0.0,2.0,0.0,3.0,0,0,3.0,0,4,Medio
1.0,7.0,1.0,1.0,1.0,2.0,7.0,1.0,2.0,1.0,1.0,2.0,2.0,1.0,1.0,1.0,3.0,2.0,1.0,1.0,2.0,0.0,2.0,0.0,1.0,0,0,1.0,0,4,Medio
1.0,2.0,3.0,1.0,1.0,3.0,3.0,1.0,1.0,1.0,2.0,1.0,1.0,3.0,3.0,1.0,1.0,2.0,1.0,1.0,2.0,0.0,2.0,0.0,0.33333334,0,0,0.33333334,1,12,Alto
1.0,7.0,1.0,1.0,1.0,2.0,4.0,1.0,1.0,1.0,2.0,2.0,2.0,1.0,1.0,2.0,1.0,3.0,2.0,2.0,2.0,0.0,2.0,0.0,2.0,0,0,2.0,1,7,Alto
1.0,5.0,1.0,1.0,1.0,1.0,5.0,1.0,1.0,1.0,2.0,2.0,1.0,5.0,5.0,1.0,1.0,1.0,2.0,5.0,2.0,0.0,2.0,0.0,0.4,0,0,0.4,1,5,Medio
1.0,1.0,1.0,1.0,1.0,2.0,4.0,1.0,1.0,1.0,1.0,2.0,1.0,3.0,3.0,1.0,1.0,1.0,6.0,5.0,2.0,0.0,1.0,1.0,2.0,0,0,2.0,1,6,Medio
1.0,2.0,1.0,2.0,1.0,1.0,5.0,1.0,1.0,1.0,2.0,2.0,1.0,2.0,1.0,1.0,1.0,1.0,1.0,1.0,2.0,0.0,2.0,0.0,1.0,0,0,0.5,1,4,Medio
1.0,9.0,1.0,5.0,2.0,1.0,2.0,1.0,1.0,1.0,1.0,1.0,1.0,3.0,3.0,1.0,1.0,1.0,7.0,5.0,2.0,0.0,2.0,0.0,2.3333333,0,0,2.3333333,0,2,Bajo
2.0,5.0,1.0,2.0,1.0,4.0,1.0,7.0,3.0,5.0,3.0,5.0,1.0,3.0,1.0,3.0,0.0,1.0,2.0,5.0,2.0,0.0,2.0,0.0,2.0,0,1,0.6666667,0,2,Bajo
2.0,1.0,1.0,1.0,2.0,1.0,5.0,1.0,1.0,5.0,3.0,5.0,2.0,1.0,1.0,3.0,0.0,1.0,2.0,5.0,1.0,1.0,2.0,0.0,2.0,0,1,2.0,1,2,Bajo
1.0,2.0,1.0,1.0,1.0,2.0,4.0,1.0,1.0,1.0,1.0,1.0,1.0,4.0,3.0,1.0,1.0,2.0,1.0,1.0,2.0,0.0,1.0,1.0,0.33333334,0,0,0.25,1,11,Alto
2.0,3.0,1.0,2.0,1.0,1.0,1.0,7.0,3.0,3.0,3.0,5.0,1.0,3.0,3.0,3.0,0.0,1.0,6.0,4.0,2.0,0.0,2.0,0.0,2.0,0,1,2.0,0,2,Bajo
1.0,7.0,3.0,1.0,1.0,2.0,4.0,1.0,1.0,1.0,2.0,2.0,1.0,1.0,1.0,1.0,2.0,1.0,1.0,1.0,1.0,4.0,2.0,0.0,1.0,0,0,1.0,1,7,Alto
2.0,7.0,5.0,7.0,2.0,4.0,1.0,3.0,3.0,5.0,3.0,5.0,2.0,1.0,0.0,3.0,0.0,1.0,1.0,1.0,2.0,0.0,2.0,0.0,1.0,0,1,1.0,0,2,Bajo
1.0,2.0,1.0,1.0,1.0,1.0,5.0,4.0,2.0,1.0,1.0,2.0,1.0,4.0,3.0,1.0,3.0,2.0,5.0,4.0,2.0,0.0,2.0,0.0,1.6666666,0,0,1.25,1,2,Bajo
1.0,4.0,1.0,2.0,1.0,1.0,2.0,1.0,1.0,1.0,1.0,4.0,1.0,2.0,1.0,1.0,5.0,8.0,1.0,1.0,2.0,0.0,2.0,0.0,1.0,0,0,0.5,1,9,Alto
1.0,2.0,1.0,2.0,1.0,1.0,5.0,1.0,1.0,1.0,2.0,1.0,1.0,4.0,2.0,1.0,1.0,1.0,3.0,3.0,2.0,0.0,2.0,0.0,1.5,0,0,0.75,1,6,Medio
1.0,2.0,3.0,1.0,1.0,1.0,3.0,1.0,1.0,1.0,2.0,1.0,1.0,3.0,2.0,1.0,1.0,6.0,2.0,3.0,2.0,0.0,2.0,0.0,1.0,0,0,0.6666667,1,8,Alto
1.0,3.0,1.0,1.0,1.0,2.0,5.0,8.0,1.0,1.0,1.0,2.0,1.0,1.0,1.0,1.0,2.0,1.0,1.0,1.0,2.0,0.0,2.0,0.0,1.0,0,1,1.0,1,4,Medio
1.0,3.0,1.0,1.0,1.0,3.0,5.0,1.0,2.0,1.0,1.0,2.0,1.0,2.0,1.0,1.0,3.0,1.0,3.0,3.0,2.0,0.0,2.0,0.0,3.0,0,0,1.5,1,3,Bajo
1.0,7.0,1.0,1.0,1.0,2.0,5.0,1.0,1.0,1.0,1.0,1.0,2.0,2.0,2.0,1.0,3.0,1.0,8.0,4.0,2.0,0.0,2.0,0.0,4.0,1,0,4.0,1,3,Bajo
1.0,7.0,1.0,1.0,1.0,2.0,5.0,1.0,1.0,1.0,2.0,1.0,1.0,3.0,3.0,2.0,2.0,8.0,1.0,1.0,2.0,0.0,2.0,0.0,0.33333334,0,0,0.33333334,1,6,Medio
1.0,3.0,1.0,1.0,1.0,2.0,4.0,1.0,1.0,1.0,1.0,2.0,1.0,8.0,5.0,1.0,1.0,1.0,2.0,5.0,2.0,0.0,1.0,2.0,0.4,0,0,0.25,1,10,Alto
1.0,2.0,1.0,1.0,2.0,1.0,3.0,1.0,1.0,1.0,1.0,2.0,2.0,3.0,3.0,1.0,1.0,1.0,1.0,1.0,2.0,0.0,2.0,0.0,0.33333334,0,0,0.33333334,1,8,Alto
1.0,7.0,1.0,1.0,1.0,2.0,4.0,1.0,1.0,1.0,1.0,2.0,1.0,2.0,2.0,1.0,3.0,1.0,5.0,4.0,2.0,0.0,2.0,0.0,2.5,0,0,2.5,1,10,Alto
1.0,2.0,1.0,2.0,2.0,1.0,5.0,1.0,1.0,1.0,2.0,2.0,1.0,4.0,2.0,1.0,1.0,1.0,3.0,3.0,2.0,0.0,2.0,0.0,1.5,0,0,0.75,1,5,Medio
2.0,1.0,1.0,5.0,2.0,1.0,1.0,7.0,3.0,5.0,3.0,5.0,1.0,2.0,1.0,3.0,0.0,1.0,4.0,5.0,2.0,0.0,2.0,0.0,4.0,1,1,2.0,0,2,Bajo
2.0,2.0,1.0,1.0,2.0,1.0,1.0,2.0,3.0,1.0,1.0,5.0,1.0,1.0,1.0,2.0,3.0,3.0,5.0,4.0,1.0,2.0,2.0,0.0,5.0,1,0,5.0,1,3,Bajo
1.0,7.0,1.0,1.0,1.0,2.0,4.0,1.0,1.0,1.0,1.0,1.0,1.0,4.0,3.0,1.0,3.0,1.0,3.0,4.0,2.0,0.0,2.0,0.0,1.0,0,0,0.75,0,8,Alto
1.0,7.0,1.0,1.0,1.0,2.0,4.0,1.0,1.0,1.0,2.0,2.0,1.0,5.0,5.0,1.0,1.0,1.0,1.0,1.0,1.0,1.0,1.0,3.0,0.2,0,0,0.2,1,10,Alto
2.0,7.0,1.0,6.0,2.0,4.0,1.0,1.0,2.0,1.0,1.0,5.0,1.0,3.0,2.0,1.0,6.0,1.0,3.0,4.0,2.0,0.0,2.0,0.0,1.5,0,0,1.0,1,7,Alto
2.0,7.0,1.0,5.0,2.0,1.0,1.0,1.0,2.0,1.0,3.0,5.0,2.0,1.0,1.0,3.0,0.0,1.0,1.0,1.0,2.0,0.0,2.0,0.0,1.0,0,1,1.0,1,4,Medio
1.0,7.0,1.0,1.0,1.0,1.0,7.0,1.0,2.0,1.0,1.0,2.0,1.0,3.0,3.0,1.0,1.0,1.0,4.0,5.0,1.0,2.0,2.0,0.0,1.3333334,0,0,1.3333334,1,4,Medio
1.0,4.0,1.0,1.0,1.0,1.0,3.0,1.0,1.0,1.0,2.0,2.0,1.0,1.0,0.0,1.0,1.0,1.0,1.0,1.0,2.0,0.0,2.0,0.0,1.0,0,0,1.0,1,5,Medio
1.0,6.0,1.0,1.0,1.0,1.0,4.0,4.0,1.0,1.0,2.0,2.0,2.0,3.0,2.0,1.0,1.0,1.0,1.0,1.0,2.0,0.0,2.0,0.0,0.5,0,0,0.33333334,1,12,Alto
1.0,7.0,1.0,1.0,1.0,3.0,5.0,1.0,1.0,1.0,1.0,5.0,1.0,2.0,2.0,1.0,3.0,2.0,3.0,4.0,2.0,0.0,2.0,0.0,1.5,0,0,1.5,0,4,Medio
1.0,1.0,1.0,1.0,1.0,2.0,4.0,1.0,1.0,1.0,1.0,1.0,1.0,1.0,1.0,2.0,1.0,1.0,1.0,1.0,2.0,0.0,2.0,0.0,1.0,0,0,1.0,1,7,Alto
1.0,2.0,4.0,2.0,1.0,1.0,5.0,2.0,3.0,1.0,1.0,1.0,1.0,2.0,1.0,2.0,1.0,3.0,2.0,3.0,2.0,0.0,2.0,0.0,2.0,0,0,1.0,1,7,Alto
2.0,3.0,1.0,1.0,1.0,1.0,4.0,1.0,2.0,1.0,1.0,2.0,1.0,3.0,3.0,1.0,3.0,1.0,7.0,5.0,1.0,1.0,2.0,0.0,2.3333333,0,0,2.3333333,0,4,Medio
2.0,2.0,1.0,1.0,1.0,1.0,5.0,1.0,2.0,1.0,1.0,1.0,1.0,2.0,1.0,1.0,2.0,1.0,1.0,1.0,2.0,0.0,2.0,0.0,1.0,0,0,0.5,1,4,Medio
2.0,5.0,1.0,2.0,2.0,1.0,1.0,2.0,3.0,1.0,3.0,5.0,1.0,2.0,2.0,1.0,6.0,1.0,2.0,3.0,2.0,0.0,2.0,0.0,1.0,0,0,1.0,0,2,Bajo
2.0,2.0,1.0,1.0,1.0,3.0,5.0,1.0,1.0,5.0,1.0,2.0,2.0,1.0,1.0,3.0,0.0,1.0,1.0,1.0,1.0,1.0,2.0,0.0,1.0,0,1,1.0,0,2,Bajo
1.0,5.0,1.0,1.0,1.0,1.0,5.0,1.0,1.0,1.0,1.0,5.0,1.0,2.0,2.0,1.0,1.0,1.0,4.0,5.0,2.0,0.0,1.0,1.0,2.0,0,0,2.0,1,4,Medio
1.0,2.0,1.0,1.0,2.0,3.0,5.0,1.0,2.0,1.0,2.0,2.0,1.0,1.0,1.0,1.0,1.0,4.0,2.0,3.0,2.0,0.0,2.0,0.0,2.0,0,0,2.0,1,3,Bajo
2.0,6.0,1.0,1.0,1.0,1.0,4.0,7.0,3.0,1.0,3.0,5.0,1.0,1.0,1.0,3.0,0.0,1.0,2.0,2.0,2.0,0.0,2.0,0.0,2.0,0,1,2.0,0,1,Bajo
2.0,2.0,1.0,2.0,2.0,1.0,1.0,1.0,1.0,4.0,3.0,5.0,1.0,2.0,1.0,1.0,3.0,1.0,8.0,5.0,2.0,0.0,2.0,0.0,8.0,1,0,4.0,0,1,Bajo
1.0,7.0,1.0,1.0,1.0,2.0,4.0,1.0,2.0,1.0,2.0,2.0,1.0,1.0,1.0,1.0,3.0,1.0,2.0,2.0,2.0,0.0,1.0,1.0,2.0,0,0,2.0,1,8,Alto
1.0,6.0,1.0,1.0,1.0,3.0,4.0,1.0,1.0,1.0,2.0,2.0,1.0,3.0,2.0,2.0,1.0,3.0,5.0,4.0,2.0,0.0,2.0,0.0,2.5,0,0,1.6666666,1,9,Alto
1.0,7.0,1.0,1.0,1.0,3.0,4.0,1.0,1.0,1.0,1.0,2.0,1.0,4.0,2.0,1.0,1.0,1.0,6.0,4.0,2.0,0.0,2.0,0.0,3.0,0,0,1.5,1,10,Alto
2.0,7.0,2.0,7.0,2.0,1.0,1.0,4.0,2.0,1.0,1.0,5.0,1.0,1.0,1.0,3.0,0.0,3.0,1.0,1.0,2.0,0.0,2.0,0.0,1.0,0,1,1.0,0,2,Bajo
2.0,4.0,1.0,2.0,1.0,4.0,7.0,4.0,3.0,1.0,1.0,6.0,1.0,1.0,1.0,3.0,0.0,1.0,1.0,1.0,2.0,0.0,2.0,0.0,1.0,0,1,1.0,1,6,Medio
1.0,7.0,1.0,1.0,2.0,1.0,7.0,1.0,1.0,1.0,1.0,5.0,1.0,3.0,2.0,1.0,1.0,3.0,1.0,1.0,2.0,0.0,2.0,0.0,0.5,0,0,0.33333334,1,4,Medio
1.0,8.0,1.0,1.0,1.0,1.0,4.0,2.0,3.0,1.0,1.0,1.0,2.0,3.0,2.0,1.0,3.0,1.0,3.0,5.0,2.0,0.0,2.0,0.0,1.5,0,0,1.0,1,3,Bajo
1.0,3.0,1.0,1.0,1.0,1.0,3.0,1.0,1.0,1.0,2.0,1.0,1.0,8.0,8.0,1.0,1.0,1.0,3.0,4.0,2.0,0.0,2.0,0.0,0.375,0,0,0.375,1,11,Alto
2.0,2.0,1.0,2.0,2.0,1.0,1.0,1.0,1.0,1.0,1.0,1.0,1.0,2.0,1.0,2.0,1.0,3.0,1.0,1.0,2.0,0.0,2.0,0.0,1.0,0,0,0.5,1,8,Alto
1.0,7.0,1.0,1.0,1.0,2.0,5.0,1.0,1.0,1.0,1.0,2.0,1.0,5.0,5.0,1.0,1.0,1.0,5.0,5.0,2.0,0.0,2.0,0.0,1.0,0,0,1.0,1,8,Alto
2.0,2.0,1.0,2.0,1.0,1.0,1.0,5.0,3.0,1.0,1.0,6.0,2.0,1.0,1.0,3.0,0.0,1.0,7.0,5.0,2.0,0.0,2.0,0.0,7.0,1,1,7.0,1,2,Bajo
1.0,3.0,3.0,1.0,1.0,2.0,4.0,1.0,1.0,1.0,2.0,1.0,1.0,2.0,2.0,1.0,1.0,4.0,1.0,1.0,2.0,0.0,2.0,0.0,0.5,0,0,0.5,1,8,Alto
1.0,7.0,3.0,1.0,1.0,3.0,4.0,1.0,1.0,1.0,2.0,1.0,1.0,1.0,1.0,1.0,1.0,4.0,5.0,5.0,2.0,0.0,2.0,0.0,5.0,1,0,5.0,1,7,Alto
1.0,7.0,1.0,1.0,1.0,2.0,4.0,1.0,1.0,1.0,2.0,2.0,1.0,1.0,1.0,2.0,3.0,3.0,1.0,1.0,2.0,0.0,2.0,0.0,1.0,0,0,1.0,0,3,Bajo
2.0,9.0,1.0,1.0,1.0,1.0,4.0,1.0,1.0,1.0,1.0,1.0,1.0,3.0,3.0,1.0,2.0,1.0,4.0,6.0,2.0,0.0,2.0,0.0,1.3333334,0,0,1.3333334,1,10,Alto
1.0,2.0,1.0,1.0,1.0,3.0,2.0,1.0,1.0,1.0,1.0,1.0,1.0,7.0,4.0,1.0,1.0,1.0,5.0,4.0,2.0,0.0,2.0,0.0,1.25,0,0,0.71428573,1,11,Alto
1.0,3.0,1.0,1.0,1.0,2.0,4.0,1.0,1.0,1.0,1.0,2.0,1.0,3.0,2.0,1.0,1.0,1.0,4.0,4.0,2.0,0.0,2.0,0.0,2.0,0,0,1.3333334,1,10,Alto
2.0,7.0,2.0,7.0,2.0,4.0,1.0,1.0,2.0,1.0,1.0,5.0,1.0,3.0,3.0,1.0,4.0,1.0,2.0,3.0,2.0,0.0,2.0,0.0,0.6666667,0,0,0.6666667,0,3,Bajo
1.0,5.0,1.0,2.0,2.0,1.0,9.0,1.0,1.0,1.0,1.0,1.0,1.0,1.0,0.0,2.0,1.0,8.0,3.0,4.0,2.0,0.0,2.0,0.0,3.0,0,0,3.0,1,9,Alto
1.0,2.0,3.0,1.0,1.0,1.0,4.0,1.0,1.0,1.0,2.0,1.0,1.0,3.0,2.0,1.0,1.0,4.0,2.0,3.0,2.0,0.0,2.0,0.0,1.0,0,0,0.6666667,1,6,Medio
1.0,4.0,4.0,2.0,1.0,1.0,5.0,1.0,1.0,1.0,1.0,5.0,2.0,1.0,1.0,2.0,1.0,4.0,1.0,1.0,2.0,0.0,2.0,0.0,1.0,0,0,1.0,1,3,Bajo
1.0,7.0,1.0,1.0,1.0,2.0,4.0,1.0,1.0,1.0,1.0,2.0,2.0,3.0,3.0,1.0,1.0,4.0,4.0,5.0,2.0,0.0,2.0,0.0,1.3333334,0,0,1.3333334,1,3,Bajo
2.0,3.0,2.0,5.0,2.0,1.0,1.0,6.0,3.0,5.0,3.0,5.0,1.0,1.0,1.0,1.0,3.0,1.0,1.0,1.0,2.0,0.0,2.0,0.0,1.0,0,1,1.0,0,2,Bajo
1.0,2.0,1.0,1.0,1.0,1.0,8.0,1.0,1.0,3.0,1.0,2.0,1.0,2.0,2.0,1.0,1.0,1.0,1.0,1.0,2.0,0.0,2.0,0.0,0.5,0,0,0.5,1,6,Medio
1.0,7.0,1.0,1.0,2.0,2.0,7.0,1.0,1.0,1.0,2.0,2.0,1.0,2.0,1.0,1.0,2.0,1.0,1.0,1.0,2.0,0.0,2.0,0.0,1.0,0,0,0.5,1,4,Medio
1.0,3.0,1.0,1.0,1.0,1.0,5.0,8.0,1.0,1.0,1.0,2.0,1.0,2.0,2.0,1.0,1.0,4.0,2.0,5.0,2.0,0.0,2.0,0.0,1.0,0,1,1.0,1,3,Bajo
1.0,1.0,1.0,2.0,1.0,1.0,7.0,1.0,1.0,1.0,2.0,2.0,1.0,1.0,1.0,1.0,1.0,3.0,1.0,1.0,2.0,0.0,1.0,1.0,1.0,0,0,1.0,1,9,Alto
1.0,7.0,1.0,1.0,1.0,4.0,5.0,1.0,1.0,1.0,2.0,2.0,1.0,5.0,3.0,1.0,1.0,2.0,4.0,4.0,2.0,0.0,2.0,0.0,1.3333334,0,0,0.8,1,11,Alto
2.0,5.0,1.0,2.0,1.0,1.0,1.0,2.0,3.0,1.0,3.0,5.0,2.0,4.0,1.0,2.0,6.0,1.0,3.0,5.0,2.0,0.0,2.0,0.0,3.0,0,0,0.75,1,2,Bajo
1.0,7.0,1.0,1.0,1.0,3.0,4.0,1.0,1.0,1.0,1.0,2.0,1.0,2.0,2.0,1.0,1.0,3.0,6.0,4.0,2.0,0.0,2.0,0.0,3.0,0,0,3.0,1,7,Alto
1.0,3.0,1.0,2.0,1.0,1.0,6.0,1.0,1.0,1.0,1.0,2.0,1.0,3.0,3.0,1.0,1.0,1.0,3.0,5.0,2.0,0.0,2.0,0.0,1.0,0,0,1.0,1,10,Alto
2.0,5.0,1.0,2.0,2.0,4.0,1.0,6.0,3.0,1.0,3.0,5.0,2.0,3.0,1.0,3.0,0.0,1.0,1.0,1.0,2.0,0.0,2.0,0.0,1.0,0,1,0.33333334,0,5,Medio
1.0,6.0,1.0,1.0,2.0,3.0,5.0,1.0,1.0,1.0,1.0,2.0,2.0,2.0,1.0,1.0,1.0,1.0,4.0,6.0,2.0,0.0,2.0,0.0,4.0,1,0,2.0,1,6,Medio
1.0,7.0,1.0,1.0,1.0,2.0,4.0,1.0,1.0,1.0,2.0,1.0,1.0,4.0,4.0,1.0,1.0,1.0,6.0,5.0,2.0,0.0,2.0,0.0,1.5,0,0,1.5,1,5,Medio
1.0,7.0,1.0,1.0,1.0,3.0,4.0,1.0,1.0,1.0,2.0,1.0,1.0,4.0,3.0,1.0,2.0,1.0,2.0,3.0,1.0,1.0,2.0,0.0,0.6666667,0,0,0.5,1,9,Alto
1.0,5.0,1.0,1.0,1.0,1.0,5.0,1.0,1.0,1.0,1.0,2.0,1.0,5.0,5.0,1.0,1.0,3.0,6.0,6.0,2.0,0.0,2.0,0.0,1.2,0,0,1.2,1,8,Alto
1.0,3.0,3.0,1.0,1.0,3.0,4.0,1.0,1.0,1.0,2.0,2.0,1.0,4.0,3.0,1.0,1.0,4.0,4.0,4.0,2.0,0.0,2.0,0.0,1.3333334,0,0,1.0,1,11,Alto
1.0,8.0,1.0,1.0,2.0,1.0,5.0,4.0,1.0,1.0,1.0,2.0,1.0,1.0,1.0,1.0,3.0,3.0,2.0,2.0,2.0,0.0,2.0,0.0,2.0,0,0,2.0,0,1,Bajo
1.0,7.0,1.0,1.0,1.0,3.0,4.0,1.0,1.0,1.0,1.0,2.0,1.0,4.0,4.0,1.0,1.0,1.0,4.0,6.0,2.0,0.0,2.0,0.0,1.0,0,0,1.0,1,8,Alto
2.0,3.0,1.0,1.0,1.0,2.0,4.0,7.0,1.0,1.0,1.0,5.0,1.0,5.0,4.0,1.0,3.0,1.0,5.0,3.0,2.0,0.0,2.0,0.0,1.25,0,1,1.0,1,7,Alto
1.0,5.0,1.0,1.0,1.0,1.0,3.0,1.0,1.0,1.0,2.0,2.0,1.0,5.0,1.0,1.0,1.0,1.0,2.0,2.0,2.0,0.0,2.0,0.0,2.0,0,0,0.4,1,10,Alto
2.0,6.0,1.0,1.0,1.0,1.0,5.0,1.0,2.0,1.0,3.0,5.0,2.0,2.0,2.0,1.0,3.0,1.0,5.0,3.0,2.0,0.0,2.0,0.0,2.5,0,0,2.5,0,4,Medio
2.0,5.0,1.0,2.0,1.0,1.0,4.0,5.0,3.0,1.0,3.0,5.0,1.0,2.0,1.0,3.0,0.0,1.0,2.0,2.0,2.0,0.0,2.0,0.0,2.0,0,1,1.0,1,4,Medio
2.0,3.0,1.0,1.0,1.0,1.0,5.0,1.0,2.0,1.0,1.0,5.0,1.0,3.0,2.0,1.0,3.0,3.0,5.0,5.0,2.0,0.0,1.0,1.0,2.5,0,0,1.6666666,1,5,Medio
1.0,4.0,1.0,1.0,1.0,1.0,4.0,1.0,2.0,1.0,1.0,2.0,1.0,2.0,1.0,1.0,1.0,5.0,2.0,2.0,2.0,0.0,2.0,0.0,2.0,0,0,1.0,1,8,Alto
2.0,2.0,1.0,2.0,1.0,4.0,1.0,4.0,2.0,1.0,3.0,5.0,2.0,1.0,1.0,3.0,0.0,1.0,1.0,1.0,2.0,0.0,2.0,0.0,1.0,0,1,1.0,1,2,Bajo
1.0,2.0,1.0,1.0,1.0,1.0,3.0,1.0,1.0,1.0,1.0,2.0,1.0,1.0,1.0,1.0,1.0,1.0,1.0,1.0,2.0,0.0,2.0,0.0,1.0,0,0,1.0,1,8,Alto
2.0,5.0,1.0,2.0,1.0,1.0,1.0,2.0,3.0,1.0,3.0,5.0,1.0,1.0,1.0,3.0,0.0,1.0,1.0,1.0,2.0,0.0,2.0,0.0,1.0,0,1,1.0,0,1,Bajo
1.0,7.0,1.0,1.0,1.0,2.0,4.0,1.0,1.0,1.0,1.0,2.0,1.0,3.0,3.0,1.0,1.0,1.0,1.0,1.0,2.0,0.0,2.0,0.0,0.33333334,0,0,0.33333334,1,5,Medio
1.0,2.0,4.0,7.0,2.0,1.0,1.0,1.0,2.0,5.0,1.0,2.0,1.0,1.0,1.0,3.0,0.0,1.0,1.0,1.0,2.0,0.0,1.0,1.0,1.0,0,1,1.0,0,1,Bajo
1.0,2.0,1.0,1.0,1.0,1.0,5.0,1.0,1.0,1.0,1.0,2.0,1.0,1.0,0.0,3.0,0.0,3.0,1.0,1.0,2.0,0.0,2.0,0.0,1.0,0,1,1.0,1,4,Medio
1.0,1.0,1.0,1.0,2.0,3.0,5.0,1.0,1.0,1.0,1.0,2.0,1.0,5.0,4.0,1.0,1.0,2.0,7.0,5.0,2.0,0.0,2.0,0.0,1.75,0,0,1.4,1,6,Medio
1.0,5.0,1.0,2.0,1.0,1.0,5.0,1.0,2.0,1.0,1.0,2.0,1.0,1.0,1.0,2.0,3.0,4.0,4.0,4.0,2.0,0.0,2.0,0.0,4.0,1,0,4.0,1,2,Bajo
1.0,3.0,1.0,1.0,1.0,3.0,4.0,1.0,1.0,1.0,1.0,2.0,1.0,4.0,4.0,1.0,2.0,1.0,6.0,4.0,2.0,0.0,2.0,0.0,1.5,0,0,1.5,1,8,Alto
1.0,3.0,1.0,1.0,1.0,1.0,5.0,8.0,3.0,1.0,2.0,2.0,1.0,2.0,1.0,2.0,2.0,1.0,5.0,5.0,2.0,0.0,2.0,0.0,5.0,1,1,2.5,1,5,Medio
1.0,7.0,1.0,1.0,1.0,2.0,5.0,1.0,1.0,1.0,1.0,1.0,2.0,1.0,1.0,1.0,2.0,4.0,1.0,1.0,2.0,0.0,2.0,0.0,1.0,0,0,1.0,1,4,Medio
2.0,1.0,1.0,2.0,1.0,2.0,7.0,1.0,1.0,1.0,1.0,1.0,2.0,1.0,1.0,1.0,1.0,4.0,1.0,1.0,2.0,0.0,2.0,0.0,1.0,0,0,1.0,1,1,Bajo
1.0,6.0,1.0,1.0,1.0,1.0,5.0,1.0,1.0,1.0,1.0,2.0,1.0,1.0,1.0,1.0,1.0,4.0,1.0,1.0,2.0,0.0,2.0,0.0,1.0,0,0,1.0,1,4,Medio
1.0,3.0,1.0,1.0,1.0,1.0,5.0,8.0,1.0,1.0,2.0,2.0,1.0,3.0,3.0,1.0,3.0,1.0,3.0,3.0,2.0,0.0,1.0,2.0,1.0,0,1,1.0,1,7,Alto
1.0,3.0,1.0,1.0,1.0,1.0,4.0,1.0,1.0,1.0,2.0,2.0,1.0,5.0,4.0,1.0,1.0,1.0,3.0,6.0,2.0,0.0,2.0,0.0,0.75,0,0,0.6,1,11,Alto
2.0,2.0,1.0,2.0,1.0,4.0,1.0,5.0,3.0,5.0,4.0,5.0,2.0,1.0,1.0,1.0,3.0,1.0,1.0,1.0,2.0,0.0,2.0,0.0,1.0,0,1,1.0,0,2,Bajo
1.0,2.0,4.0,1.0,1.0,1.0,5.0,1.0,1.0,1.0,2.0,2.0,1.0,1.0,1.0,2.0,1.0,1.0,1.0,1.0,2.0,0.0,2.0,0.0,1.0,0,0,1.0,1,1,Bajo
2.0,2.0,1.0,2.0,1.0,1.0,1.0,1.0,2.0,1.0,1.0,1.0,2.0,2.0,2.0,3.0,0.0,1.0,4.0,3.0,2.0,0.0,2.0,0.0,2.0,0,1,2.0,0,3,Bajo
2.0,3.0,1.0,2.0,2.0,1.0,1.0,7.0,3.0,1.0,3.0,5.0,2.0,1.0,1.0,3.0,0.0,1.0,1.0,1.0,2.0,0.0,2.0,0.0,1.0,0,1,1.0,1,1,Bajo
1.0,7.0,1.0,1.0,1.0,1.0,5.0,1.0,1.0,1.0,1.0,2.0,2.0,2.0,2.0,1.0,3.0,1.0,3.0,3.0,2.0,0.0,2.0,0.0,1.5,0,0,1.5,1,8,Alto
1.0,7.0,1.0,1.0,1.0,2.0,6.0,1.0,1.0,1.0,2.0,2.0,1.0,4.0,3.0,1.0,1.0,1.0,4.0,5.0,2.0,0.0,2.0,0.0,1.3333334,0,0,1.0,1,7,Alto
2.0,5.0,1.0,2.0,1.0,5.0,1.0,2.0,3.0,1.0,3.0,7.0,1.0,1.0,1.0,3.0,0.0,8.0,5.0,4.0,2.0,0.0,2.0,0.0,5.0,1,1,5.0,0,1,Bajo
1.0,6.0,1.0,1.0,1.0,1.0,4.0,1.0,1.0,1.0,1.0,2.0,1.0,2.0,1.0,1.0,1.0,3.0,2.0,5.0,1.0,4.0,2.0,0.0,2.0,0,0,1.0,0,4,Medio
1.0,8.0,1.0,2.0,1.0,2.0,4.0,1.0,1.0,1.0,1.0,2.0,1.0,2.0,1.0,1.0,1.0,1.0,1.0,1.0,2.0,0.0,2.0,0.0,1.0,0,0,0.5,1,9,Alto
2.0,3.0,1.0,2.0,1.0,2.0,1.0,1.0,2.0,1.0,1.0,5.0,2.0,1.0,1.0,3.0,0.0,1.0,1.0,1.0,2.0,0.0,2.0,0.0,1.0,0,1,1.0,1,5,Medio
1.0,3.0,4.0,1.0,1.0,2.0,5.0,2.0,3.0,1.0,1.0,2.0,2.0,1.0,1.0,2.0,3.0,4.0,7.0,4.0,2.0,0.0,2.0,0.0,7.0,1,0,7.0,1,1,Bajo
1.0,2.0,1.0,1.0,1.0,2.0,3.0,1.0,1.0,1.0,2.0,1.0,1.0,3.0,3.0,1.0,1.0,3.0,4.0,4.0,2.0,0.0,2.0,0.0,1.3333334,0,0,1.3333334,1,11,Alto
1.0,7.0,1.0,1.0,1.0,2.0,5.0,1.0,1.0,1.0,1.0,1.0,1.0,4.0,3.0,1.0,3.0,1.0,4.0,5.0,1.0,1.0,2.0,0.0,1.3333334,0,0,1.0,1,5,Medio
2.0,7.0,1.0,1.0,1.0,2.0,5.0,1.0,2.0,1.0,1.0,5.0,1.0,2.0,2.0,1.0,6.0,1.0,5.0,6.0,2.0,0.0,2.0,0.0,2.5,0,0,2.5,1,8,Alto
1.0,2.0,1.0,1.0,1.0,1.0,5.0,1.0,1.0,1.0,1.0,2.0,1.0,2.0,2.0,1.0,1.0,4.0,2.0,3.0,2.0,0.0,2.0,0.0,1.0,0,0,1.0,1,5,Medio
2.0,7.0,1.0,2.0,2.0,4.0,1.0,2.0,3.0,1.0,1.0,5.0,1.0,2.0,2.0,1.0,3.0,1.0,6.0,4.0,2.0,0.0,2.0,0.0,3.0,0,0,3.0,0,2,Bajo
1.0,3.0,4.0,1.0,1.0,1.0,4.0,1.0,1.0,1.0,1.0,2.0,2.0,1.0,1.0,2.0,2.0,4.0,4.0,5.0,2.0,0.0,2.0,0.0,4.0,1,0,4.0,1,2,Bajo
1.0,2.0,1.0,1.0,1.0,1.0,5.0,1.0,1.0,1.0,2.0,2.0,1.0,2.0,1.0,1.0,1.0,1.0,4.0,4.0,2.0,0.0,2.0,0.0,4.0,1,0,2.0,1,6,Medio
1.0,2.0,1.0,1.0,1.0,1.0,5.0,1.0,2.0,1.0,2.0,1.0,1.0,3.0,2.0,2.0,1.0,1.0,3.0,5.0,2.0,0.0,2.0,0.0,1.5,0,0,1.0,1,7,Alto
1.0,5.0,1.0,1.0,2.0,3.0,5.0,1.0,2.0,1.0,1.0,2.0,1.0,2.0,2.0,1.0,1.0,1.0,2.0,2.0,2.0,0.0,2.0,0.0,1.0,0,0,1.0,0,3,Bajo
1.0,2.0,1.0,1.0,2.0,3.0,5.0,1.0,2.0,1.0,1.0,1.0,1.0,2.0,2.0,3.0,0.0,1.0,3.0,4.0,2.0,0.0,2.0,0.0,1.5,0,1,1.5,1,5,Medio
1.0,7.0,1.0,1.0,1.0,3.0,4.0,1.0,1.0,1.0,2.0,2.0,1.0,3.0,3.0,1.0,2.0,2.0,2.0,3.0,2.0,0.0,2.0,0.0,0.6666667,0,0,0.6666667,1,7,Alto
1.0,3.0,6.0,1.0,1.0,1.0,4.0,1.0,2.0,1.0,1.0,5.0,2.0,1.0,0.0,2.0,1.0,7.0,1.0,1.0,2.0,0.0,2.0,0.0,1.0,0,0,1.0,1,3,Bajo
1.0,6.0,1.0,1.0,1.0,1.0,4.0,1.0,1.0,1.0,1.0,1.0,1.0,3.0,3.0,1.0,1.0,2.0,5.0,5.0,2.0,0.0,2.0,0.0,1.6666666,0,0,1.6666666,1,8,Alto
1.0,2.0,1.0,1.0,1.0,1.0,5.0,1.0,1.0,1.0,2.0,2.0,1.0,7.0,6.0,1.0,1.0,1.0,4.0,5.0,2.0,0.0,2.0,0.0,0.6666667,0,0,0.5714286,1,7,Alto
2.0,2.0,1.0,2.0,1.0,1.0,1.0,4.0,2.0,1.0,1.0,5.0,1.0,2.0,0.0,2.0,2.0,1.0,1.0,1.0,2.0,0.0,2.0,0.0,1.0,0,0,0.5,1,1,Bajo
1.0,2.0,1.0,1.0,1.0,1.0,5.0,1.0,1.0,1.0,2.0,1.0,1.0,3.0,2.0,1.0,1.0,1.0,2.0,3.0,2.0,0.0,2.0,0.0,1.0,0,0,0.6666667,1,5,Medio
2.0,2.0,5.0,7.0,2.0,5.0,1.0,9.0,3.0,3.0,1.0,5.0,2.0,1.0,0.0,3.0,0.0,1.0,1.0,1.0,2.0,0.0,2.0,0.0,1.0,0,1,1.0,0,2,Bajo
1.0,4.0,1.0,2.0,1.0,1.0,5.0,1.0,1.0,1.0,1.0,2.0,1.0,6.0,4.0,2.0,1.0,2.0,1.0,1.0,1.0,1.0,1.0,1.0,0.25,0,0,0.16666667,1,4,Medio
2.0,4.0,1.0,2.0,2.0,1.0,3.0,1.0,2.0,1.0,1.0,2.0,1.0,2.0,2.0,3.0,0.0,3.0,5.0,4.0,2.0,0.0,2.0,0.0,2.5,0,1,2.5,1,2,Bajo
1.0,3.0,1.0,1.0,1.0,3.0,4.0,1.0,1.0,1.0,1.0,2.0,1.0,2.0,2.0,1.0,1.0,1.0,4.0,5.0,2.0,0.0,2.0,0.0,2.0,0,0,2.0,1,6,Medio
2.0,3.0,1.0,1.0,2.0,1.0,7.0,4.0,3.0,5.0,3.0,1.0,1.0,4.0,4.0,3.0,0.0,1.0,2.0,3.0,1.0,2.0,2.0,0.0,0.5,0,1,0.5,1,2,Bajo
1.0,7.0,4.0,1.0,1.0,3.0,4.0,1.0,1.0,1.0,1.0,2.0,1.0,1.0,1.0,2.0,1.0,5.0,3.0,3.0,2.0,0.0,2.0,0.0,3.0,0,0,3.0,1,8,Alto
1.0,2.0,4.0,1.0,1.0,1.0,4.0,1.0,1.0,1.0,1.0,1.0,2.0,1.0,1.0,2.0,1.0,4.0,1.0,1.0,2.0,0.0,2.0,0.0,1.0,0,0,1.0,1,3,Bajo
1.0,7.0,1.0,1.0,1.0,1.0,5.0,1.0,2.0,1.0,1.0,2.0,2.0,1.0,1.0,2.0,2.0,3.0,1.0,1.0,2.0,0.0,2.0,0.0,1.0,0,0,1.0,1,4,Medio
2.0,1.0,1.0,1.0,1.0,2.0,4.0,5.0,3.0,5.0,3.0,5.0,1.0,4.0,4.0,3.0,0.0,1.0,3.0,5.0,1.0,1.0,2.0,0.0,0.75,0,1,0.75,1,2,Bajo
1.0,2.0,1.0,2.0,2.0,1.0,5.0,1.0,1.0,1.0,1.0,2.0,1.0,1.0,1.0,1.0,1.0,1.0,2.0,5.0,2.0,0.0,2.0,0.0,2.0,0,0,2.0,1,3,Bajo
1.0,3.0,4.0,1.0,2.0,1.0,5.0,9.0,3.0,5.0,1.0,1.0,2.0,1.0,1.0,3.0,0.0,1.0,1.0,1.0,2.0,0.0,2.0,0.0,1.0,0,1,1.0,0,2,Bajo
2.0,2.0,1.0,2.0,1.0,1.0,1.0,3.0,3.0,1.0,3.0,5.0,1.0,2.0,1.0,3.0,0.0,1.0,1.0,1.0,2.0,0.0,2.0,0.0,1.0,0,1,0.5,0,4,Medio
2.0,7.0,1.0,5.0,2.0,1.0,1.0,4.0,3.0,5.0,3.0,5.0,1.0,1.0,1.0,1.0,5.0,1.0,1.0,1.0,2.0,0.0,2.0,0.0,1.0,0,1,1.0,1,1,Bajo
1.0,2.0,1.0,2.0,1.0,1.0,5.0,2.0,3.0,1.0,1.0,2.0,1.0,2.0,1.0,3.0,0.0,1.0,1.0,1.0,2.0,0.0,2.0,0.0,1.0,0,1,0.5,1,5,Medio
1.0,2.0,1.0,2.0,1.0,1.0,5.0,1.0,1.0,1.0,2.0,2.0,1.0,3.0,3.0,2.0,1.0,1.0,6.0,5.0,2.0,0.0,2.0,0.0,2.0,0,0,2.0,1,5,Medio
1.0,7.0,1.0,1.0,1.0,2.0,5.0,2.0,3.0,1.0,1.0,5.0,1.0,2.0,2.0,3.0,0.0,1.0,1.0,1.0,1.0,1.0,2.0,0.0,0.5,0,1,0.5,1,4,Medio
1.0,2.0,3.0,1.0,1.0,1.0,4.0,1.0,1.0,1.0,1.0,1.0,1.0,4.0,4.0,1.0,1.0,4.0,4.0,4.0,2.0,0.0,2.0,0.0,1.0,0,0,1.0,1,7,Alto
1.0,7.0,1.0,1.0,1.0,3.0,6.0,1.0,1.0,1.0,2.0,2.0,1.0,3.0,2.0,1.0,1.0,2.0,3.0,5.0,2.0,0.0,2.0,0.0,1.5,0,0,1.0,1,9,Alto
1.0,4.0,1.0,1.0,1.0,1.0,4.0,1.0,1.0,1.0,2.0,2.0,1.0,3.0,3.0,1.0,1.0,1.0,1.0,1.0,1.0,1.0,2.0,0.0,0.33333334,0,0,0.33333334,1,7,Alto
1.0,2.0,1.0,1.0,2.0,1.0,5.0,1.0,1.0,1.0,1.0,2.0,1.0,8.0,4.0,1.0,1.0,1.0,2.0,3.0,2.0,0.0,2.0,0.0,0.5,0,0,0.25,1,5,Medio
2.0,9.0,1.0,5.0,2.0,4.0,1.0,6.0,3.0,5.0,3.0,5.0,1.0,4.0,4.0,1.0,3.0,1.0,5.0,4.0,2.0,0.0,2.0,0.0,1.25,0,1,1.25,0,1,Bajo
1.0,3.0,1.0,1.0,1.0,2.0,4.0,4.0,1.0,1.0,1.0,2.0,1.0,6.0,6.0,1.0,2.0,1.0,1.0,1.0,2.0,0.0,2.0,0.0,0.16666667,0,0,0.16666667,1,7,Alto
1.0,5.0,1.0,2.0,1.0,1.0,5.0,1.0,1.0,1.0,1.0,2.0,1.0,2.0,1.0,1.0,1.0,4.0,2.0,2.0,2.0,0.0,2.0,0.0,2.0,0,0,1.0,1,6,Medio
1.0,2.0,1.0,1.0,2.0,1.0,5.0,1.0,2.0,1.0,2.0,3.0,1.0,2.0,2.0,1.0,3.0,4.0,2.0,3.0,2.0,0.0,2.0,0.0,1.0,0,0,1.0,1,3,Bajo
1.0,7.0,4.0,1.0,1.0,2.0,4.0,1.0,1.0,1.0,8.0,2.0,2.0,1.0,1.0,2.0,1.0,4.0,3.0,5.0,2.0,0.0,2.0,0.0,3.0,0,0,3.0,1,2,Bajo
1.0,3.0,1.0,2.0,2.0,1.0,5.0,1.0,2.0,1.0,2.0,2.0,1.0,2.0,1.0,1.0,1.0,1.0,1.0,1.0,2.0,0.0,2.0,0.0,1.0,0,0,0.5,1,6,Medio
2.0,2.0,1.0,2.0,1.0,4.0,1.0,2.0,3.0,1.0,6.0,5.0,1.0,3.0,1.0,1.0,3.0,1.0,6.0,5.0,1.0,1.0,2.0,0.0,6.0,1,0,2.0,0,3,Bajo
2.0,1.0,1.0,2.0,1.0,2.0,1.0,1.0,1.0,1.0,3.0,3.0,1.0,4.0,2.0,1.0,3.0,1.0,4.0,5.0,2.0,0.0,2.0,0.0,2.0,0,0,1.0,1,6,Medio
1.0,3.0,1.0,1.0,1.0,2.0,4.0,1.0,1.0,1.0,2.0,2.0,1.0,7.0,7.0,1.0,3.0,1.0,6.0,5.0,2.0,0.0,2.0,0.0,0.85714287,0,0,0.85714287,1,10,Alto
2.0,7.0,1.0,1.0,1.0,1.0,4.0,4.0,1.0,2.0,1.0,5.0,1.0,5.0,2.0,1.0,3.0,1.0,1.0,1.0,2.0,0.0,2.0,0.0,0.5,0,0,0.2,0,0,Bajo
1.0,7.0,1.0,1.0,1.0,2.0,4.0,1.0,1.0,1.0,2.0,2.0,1.0,1.0,0.0,1.0,2.0,5.0,2.0,6.0,2.0,0.0,2.0,0.0,2.0,0,0,2.0,1,5,Medio
2.0,4.0,1.0,2.0,1.0,1.0,1.0,1.0,2.0,1.0,1.0,6.0,1.0,2.0,1.0,3.0,0.0,1.0,1.0,1.0,2.0,0.0,2.0,0.0,1.0,0,1,0.5,1,2,Bajo
1.0,7.0,1.0,1.0,1.0,2.0,4.0,1.0,1.0,1.0,2.0,2.0,1.0,3.0,2.0,1.0,1.0,3.0,4.0,4.0,2.0,0.0,2.0,0.0,2.0,0,0,1.3333334,1,8,Alto
1.0,7.0,1.0,1.0,1.0,2.0,5.0,1.0,2.0,1.0,1.0,1.0,1.0,1.0,1.0,2.0,1.0,5.0,2.0,3.0,2.0,0.0,2.0,0.0,2.0,0,0,2.0,1,6,Medio
2.0,2.0,1.0,1.0,1.0,1.0,6.0,1.0,2.0,1.0,1.0,5.0,1.0,6.0,6.0,1.0,1.0,1.0,5.0,5.0,2.0,0.0,2.0,0.0,0.8333333,0,0,0.8333333,0,4,Medio
1.0,2.0,1.0,1.0,1.0,1.0,5.0,1.0,1.0,1.0,2.0,2.0,1.0,5.0,5.0,1.0,1.0,1.0,2.0,2.0,2.0,0.0,2.0,0.0,0.4,0,0,0.4,0,1,Bajo
2.0,7.0,1.0,1.0,1.0,2.0,7.0,1.0,2.0,1.0,1.0,5.0,1.0,2.0,2.0,1.0,3.0,3.0,1.0,1.0,2.0,0.0,2.0,0.0,0.5,0,0,0.5,1,4,Medio
1.0,4.0,1.0,1.0,1.0,1.0,4.0,1.0,1.0,1.0,2.0,2.0,1.0,3.0,3.0,1.0,1.0,1.0,3.0,3.0,2.0,0.0,2.0,0.0,1.0,0,0,1.0,1,6,Medio
2.0,3.0,1.0,1.0,1.0,1.0,5.0,2.0,3.0,1.0,1.0,2.0,1.0,7.0,5.0,3.0,0.0,2.0,5.0,4.0,1.0,1.0,1.0,1.0,1.0,0,1,0.71428573,1,10,Alto
1.0,2.0,1.0,1.0,1.0,1.0,5.0,8.0,3.0,1.0,1.0,6.0,1.0,1.0,0.0,2.0,2.0,3.0,2.0,3.0,2.0,0.0,2.0,0.0,2.0,0,1,2.0,1,2,Bajo
2.0,5.0,1.0,1.0,1.0,1.0,5.0,1.0,2.0,1.0,4.0,5.0,1.0,2.0,1.0,1.0,3.0,1.0,6.0,4.0,2.0,0.0,2.0,0.0,6.0,1,0,3.0,1,4,Medio
2.0,2.0,1.0,2.0,1.0,1.0,5.0,1.0,1.0,1.0,1.0,5.0,1.0,7.0,4.0,1.0,2.0,1.0,6.0,5.0,2.0,0.0,2.0,0.0,1.5,0,0,0.85714287,1,7,Alto
2.0,4.0,4.0,2.0,1.0,1.0,5.0,5.0,3.0,1.0,1.0,6.0,1.0,1.0,1.0,3.0,0.0,1.0,4.0,4.0,2.0,0.0,2.0,0.0,4.0,1,1,4.0,1,2,Bajo
1.0,7.0,4.0,1.0,2.0,1.0,5.0,1.0,1.0,1.0,1.0,2.0,1.0,1.0,1.0,2.0,3.0,3.0,3.0,3.0,2.0,0.0,2.0,0.0,3.0,0,0,3.0,1,5,Medio
2.0,2.0,1.0,2.0,1.0,1.0,1.0,1.0,2.0,1.0,3.0,5.0,1.0,1.0,1.0,3.0,0.0,1.0,1.0,1.0,2.0,0.0,2.0,0.0,1.0,0,1,1.0,0,0,Bajo
2.0,2.0,1.0,1.0,1.0,1.0,5.0,7.0,2.0,1.0,1.0,5.0,1.0,1.0,1.0,2.0,3.0,1.0,1.0,1.0,2.0,0.0,2.0,0.0,1.0,0,1,1.0,0,2,Bajo
2.0,5.0,1.0,2.0,1.0,2.0,5.0,1.0,1.0,1.0,1.0,5.0,1.0,4.0,3.0,1.0,3.0,1.0,6.0,4.0,1.0,2.0,2.0,0.0,2.0,0,0,1.5,1,4,Medio
1.0,1.0,1.0,1.0,2.0,3.0,5.0,1.0,1.0,1.0,2.0,2.0,1.0,4.0,2.0,1.0,1.0,2.0,3.0,4.0,2.0,0.0,2.0,0.0,1.5,0,0,0.75,1,10,Alto
1.0,7.0,1.0,1.0,1.0,5.0,5.0,1.0,2.0,1.0,1.0,2.0,1.0,1.0,1.0,1.0,3.0,1.0,3.0,5.0,2.0,0.0,2.0,0.0,3.0,0,0,3.0,1,6,Medio
1.0,2.0,1.0,1.0,1.0,1.0,5.0,1.0,1.0,1.0,2.0,2.0,1.0,7.0,5.0,1.0,1.0,1.0,5.0,5.0,2.0,0.0,1.0,2.0,1.0,0,0,0.71428573,1,8,Alto
1.0,4.0,1.0,1.0,1.0,1.0,5.0,1.0,2.0,1.0,1.0,2.0,2.0,1.0,1.0,3.0,0.0,1.0,1.0,1.0,2.0,0.0,2.0,0.0,1.0,0,1,1.0,1,2,Bajo
2.0,3.0,1.0,2.0,2.0,1.0,1.0,6.0,3.0,5.0,3.0,5.0,1.0,2.0,2.0,3.0,0.0,1.0,1.0,1.0,2.0,0.0,2.0,0.0,0.5,0,1,0.5,0,2,Bajo
2.0,2.0,1.0,1.0,2.0,3.0,5.0,6.0,1.0,1.0,1.0,3.0,1.0,3.0,1.0,1.0,3.0,1.0,2.0,2.0,2.0,0.0,2.0,0.0,2.0,0,1,0.6666667,1,6,Medio
2.0,4.0,1.0,2.0,1.0,1.0,5.0,1.0,2.0,1.0,3.0,5.0,1.0,4.0,2.0,3.0,0.0,1.0,1.0,1.0,2.0,0.0,1.0,1.0,0.5,0,1,0.25,1,2,Bajo
1.0,7.0,1.0,1.0,1.0,2.0,5.0,1.0,1.0,1.0,2.0,2.0,1.0,4.0,3.0,1.0,1.0,1.0,5.0,5.0,2.0,0.0,2.0,0.0,1.6666666,0,0,1.25,1,10,Alto
1.0,4.0,1.0,1.0,2.0,1.0,1.0,9.0,3.0,5.0,7.0,7.0,2.0,1.0,1.0,3.0,0.0,1.0,1.0,1.0,2.0,0.0,2.0,0.0,1.0,0,1,1.0,0,2,Bajo
1.0,7.0,4.0,1.0,1.0,2.0,5.0,1.0,2.0,2.0,1.0,2.0,1.0,2.0,2.0,2.0,1.0,3.0,7.0,3.0,2.0,0.0,2.0,0.0,3.5,1,0,3.5,1,5,Medio
1.0,7.0,1.0,1.0,1.0,2.0,5.0,1.0,1.0,1.0,1.0,2.0,2.0,3.0,2.0,2.0,3.0,4.0,5.0,5.0,2.0,0.0,2.0,0.0,2.5,0,0,1.6666666,1,4,Medio
2.0,7.0,1.0,1.0,1.0,2.0,5.0,4.0,1.0,1.0,1.0,5.0,2.0,1.0,1.0,1.0,3.0,7.0,5.0,4.0,2.0,0.0,2.0,0.0,5.0,1,0,5.0,1,1,Bajo
2.0,5.0,1.0,2.0,2.0,2.0,1.0,9.0,3.0,1.0,3.0,5.0,1.0,2.0,1.0,3.0,0.0,1.0,1.0,1.0,2.0,0.0,2.0,0.0,1.0,0,1,0.5,0,0,Bajo
1.0,2.0,1.0,7.0,2.0,1.0,5.0,6.0,1.0,1.0,3.0,1.0,1.0,1.0,1.0,3.0,0.0,1.0,1.0,1.0,2.0,0.0,2.0,0.0,1.0,0,1,1.0,0,0,Bajo
2.0,3.0,1.0,5.0,2.0,2.0,5.0,1.0,2.0,1.0,1.0,5.0,1.0,1.0,1.0,1.0,5.0,1.0,1.0,1.0,2.0,0.0,2.0,0.0,1.0,0,0,1.0,0,4,Medio
1.0,3.0,1.0,1.0,1.0,1.0,4.0,1.0,1.0,1.0,1.0,1.0,2.0,1.0,1.0,1.0,2.0,4.0,1.0,1.0,2.0,0.0,2.0,0.0,1.0,0,0,1.0,1,3,Bajo
1.0,2.0,1.0,1.0,1.0,1.0,5.0,1.0,1.0,1.0,1.0,1.0,1.0,2.0,2.0,1.0,1.0,3.0,2.0,3.0,2.0,0.0,2.0,0.0,1.0,0,0,1.0,1,9,Alto
1.0,2.0,1.0,1.0,1.0,1.0,5.0,1.0,1.0,1.0,2.0,2.0,1.0,8.0,4.0,1.0,1.0,1.0,4.0,3.0,2.0,0.0,2.0,0.0,1.0,0,0,0.5,1,7,Alto
1.0,7.0,1.0,1.0,1.0,2.0,4.0,1.0,1.0,1.0,2.0,2.0,1.0,2.0,2.0,1.0,1.0,2.0,3.0,4.0,2.0,0.0,2.0,0.0,1.5,0,0,1.5,0,5,Medio
2.0,2.0,1.0,2.0,1.0,4.0,1.0,4.0,3.0,1.0,3.0,5.0,1.0,1.0,1.0,1.0,3.0,1.0,1.0,1.0,2.0,0.0,2.0,0.0,1.0,0,0,1.0,1,8,Alto
1.0,6.0,1.0,1.0,1.0,1.0,5.0,1.0,1.0,1.0,1.0,5.0,1.0,2.0,1.0,1.0,3.0,1.0,4.0,4.0,2.0,0.0,2.0,0.0,4.0,1,0,2.0,1,7,Alto
2.0,2.0,1.0,2.0,2.0,1.0,1.0,3.0,3.0,5.0,3.0,5.0,2.0,2.0,1.0,3.0,0.0,1.0,1.0,1.0,2.0,0.0,2.0,0.0,1.0,0,1,0.5,0,1,Bajo
1.0,7.0,1.0,1.0,1.0,1.0,4.0,1.0,1.0,1.0,2.0,2.0,1.0,2.0,1.0,1.0,2.0,3.0,5.0,4.0,2.0,0.0,2.0,0.0,5.0,1,0,2.5,1,4,Medio
2.0,2.0,1.0,4.0,2.0,1.0,1.0,5.0,3.0,5.0,3.0,5.0,2.0,1.0,1.0,3.0,0.0,1.0,5.0,5.0,2.0,0.0,2.0,0.0,5.0,1,1,5.0,0,4,Medio
2.0,2.0,1.0,2.0,1.0,1.0,2.0,2.0,3.0,1.0,1.0,5.0,1.0,2.0,1.0,3.0,0.0,1.0,1.0,1.0,2.0,0.0,2.0,0.0,1.0,0,1,0.5,0,2,Bajo
1.0,2.0,5.0,7.0,2.0,5.0,1.0,9.0,3.0,5.0,1.0,5.0,2.0,1.0,0.0,3.0,0.0,1.0,3.0,5.0,2.0,0.0,2.0,0.0,3.0,0,1,3.0,0,1,Bajo
2.0,7.0,1.0,3.0,1.0,1.0,1.0,2.0,3.0,1.0,3.0,5.0,1.0,1.0,1.0,3.0,0.0,1.0,5.0,4.0,2.0,0.0,2.0,0.0,5.0,1,1,5.0,1,1,Bajo
2.0,7.0,1.0,5.0,2.0,1.0,1.0,4.0,3.0,5.0,3.0,5.0,1.0,1.0,1.0,1.0,3.0,1.0,5.0,5.0,2.0,0.0,2.0,0.0,5.0,1,1,5.0,0,2,Bajo
1.0,2.0,1.0,1.0,2.0,1.0,5.0,5.0,3.0,5.0,1.0,1.0,1.0,2.0,2.0,1.0,3.0,1.0,6.0,4.0,2.0,0.0,2.0,0.0,3.0,0,1,3.0,0,3,Bajo
2.0,7.0,1.0,1.0,1.0,2.0,4.0,1.0,2.0,1.0,1.0,5.0,2.0,2.0,2.0,2.0,1.0,3.0,5.0,5.0,1.0,1.0,2.0,0.0,2.5,0,0,2.5,0,4,Medio
1.0,4.0,1.0,1.0,1.0,1.0,5.0,2.0,3.0,1.0,2.0,2.0,1.0,4.0,4.0,1.0,1.0,1.0,4.0,5.0,2.0,0.0,1.0,1.0,1.0,0,0,1.0,1,8,Alto
2.0,2.0,1.0,1.0,1.0,1.0,5.0,9.0,3.0,1.0,1.0,5.0,1.0,2.0,2.0,1.0,3.0,7.0,5.0,4.0,2.0,0.0,1.0,1.0,2.5,0,1,2.5,1,3,Bajo
1.0,3.0,4.0,1.0,1.0,3.0,4.0,1.0,1.0,1.0,1.0,1.0,1.0,3.0,3.0,2.0,1.0,1.0,4.0,4.0,1.0,1.0,2.0,0.0,1.3333334,0,0,1.3333334,1,7,Alto
2.0,2.0,1.0,1.0,2.0,1.0,5.0,6.0,3.0,1.0,1.0,4.0,2.0,2.0,2.0,2.0,5.0,1.0,5.0,4.0,2.0,0.0,2.0,0.0,2.5,0,1,2.5,1,4,Medio
2.0,2.0,1.0,2.0,2.0,4.0,1.0,5.0,3.0,5.0,4.0,5.0,2.0,2.0,1.0,3.0,0.0,1.0,1.0,1.0,2.0,0.0,2.0,0.0,1.0,0,1,0.5,0,1,Bajo
2.0,2.0,1.0,2.0,1.0,1.0,1.0,2.0,3.0,1.0,3.0,6.0,1.0,2.0,2.0,2.0,3.0,1.0,1.0,1.0,2.0,0.0,2.0,0.0,0.5,0,0,0.5,1,4,Medio
1.0,2.0,1.0,1.0,1.0,1.0,4.0,1.0,1.0,1.0,2.0,1.0,1.0,4.0,4.0,1.0,1.0,2.0,5.0,5.0,2.0,0.0,2.0,0.0,1.25,0,0,1.25,1,9,Alto
2.0,6.0,1.0,2.0,1.0,2.0,5.0,1.0,1.0,1.0,2.0,5.0,1.0,2.0,1.0,1.0,3.0,1.0,2.0,3.0,2.0,0.0,1.0,2.0,2.0,0,0,1.0,1,5,Medio
1.0,2.0,1.0,1.0,1.0,2.0,4.0,1.0,1.0,1.0,2.0,1.0,1.0,3.0,3.0,1.0,1.0,1.0,5.0,4.0,2.0,0.0,2.0,0.0,1.6666666,0,0,1.6666666,1,10,Alto
1.0,3.0,1.0,1.0,1.0,1.0,4.0,1.0,2.0,1.0,1.0,2.0,1.0,7.0,6.0,2.0,1.0,1.0,3.0,3.0,2.0,0.0,2.0,0.0,0.5,0,0,0.42857143,1,9,Alto
1.0,3.0,1.0,1.0,1.0,3.0,4.0,4.0,1.0,1.0,1.0,2.0,1.0,1.0,1.0,1.0,1.0,1.0,1.0,1.0,2.0,0.0,2.0,0.0,1.0,0,0,1.0,1,6,Medio
2.0,3.0,1.0,2.0,1.0,1.0,1.0,6.0,1.0,3.0,3.0,5.0,1.0,2.0,2.0,3.0,0.0,1.0,5.0,4.0,2.0,0.0,2.0,0.0,2.5,0,1,2.5,1,3,Bajo
1.0,7.0,4.0,1.0,1.0,2.0,5.0,2.0,3.0,1.0,1.0,2.0,2.0,1.0,1.0,2.0,1.0,4.0,3.0,3.0,2.0,0.0,2.0,0.0,3.0,0,0,3.0,1,3,Bajo
2.0,2.0,1.0,2.0,2.0,4.0,1.0,1.0,2.0,1.0,1.0,5.0,1.0,1.0,1.0,3.0,0.0,1.0,1.0,1.0,2.0,0.0,2.0,0.0,1.0,0,1,1.0,0,1,Bajo
1.0,3.0,1.0,1.0,1.0,1.0,5.0,1.0,1.0,1.0,1.0,5.0,1.0,2.0,2.0,1.0,3.0,1.0,1.0,1.0,2.0,0.0,2.0,0.0,0.5,0,0,0.5,1,3,Bajo
1.0,3.0,1.0,1.0,1.0,3.0,5.0,1.0,2.0,1.0,2.0,2.0,1.0,3.0,3.0,1.0,1.0,1.0,9.0,5.0,2.0,0.0,2.0,0.0,3.0,0,0,3.0,1,5,Medio
1.0,3.0,1.0,1.0,1.0,1.0,4.0,4.0,1.0,1.0,2.0,2.0,1.0,4.0,4.0,1.0,2.0,1.0,4.0,5.0,2.0,0.0,2.0,0.0,1.0,0,0,1.0,1,10,Alto
2.0,3.0,2.0,5.0,2.0,1.0,1.0,7.0,3.0,5.0,1.0,5.0,2.0,2.0,1.0,3.0,0.0,1.0,2.0,2.0,2.0,0.0,2.0,0.0,2.0,0,1,1.0,0,2,Bajo
2.0,7.0,1.0,5.0,2.0,2.0,2.0,3.0,3.0,3.0,3.0,5.0,1.0,1.0,1.0,1.0,6.0,1.0,1.0,1.0,2.0,0.0,2.0,0.0,1.0,0,0,1.0,0,2,Bajo
2.0,3.0,4.0,1.0,1.0,1.0,5.0,9.0,3.0,1.0,1.0,5.0,2.0,1.0,1.0,3.0,0.0,4.0,2.0,5.0,2.0,0.0,2.0,0.0,2.0,0,1,2.0,1,5,Medio
1.0,7.0,1.0,1.0,1.0,2.0,5.0,1.0,1.0,1.0,1.0,2.0,1.0,2.0,2.0,1.0,1.0,8.0,6.0,4.0,2.0,0.0,2.0,0.0,3.0,0,0,3.0,1,4,Medio
2.0,5.0,1.0,2.0,2.0,1.0,1.0,2.0,3.0,1.0,3.0,5.0,1.0,2.0,1.0,1.0,4.0,1.0,3.0,5.0,1.0,1.0,2.0,0.0,3.0,0,0,1.5,0,3,Bajo
1.0,6.0,1.0,2.0,1.0,1.0,4.0,1.0,1.0,1.0,2.0,2.0,1.0,2.0,1.0,1.0,1.0,3.0,1.0,1.0,2.0,0.0,2.0,0.0,1.0,0,0,0.5,1,8,Alto
2.0,5.0,1.0,2.0,2.0,1.0,1.0,5.0,3.0,1.0,3.0,5.0,1.0,2.0,1.0,3.0,0.0,1.0,2.0,2.0,2.0,0.0,2.0,0.0,2.0,0,1,1.0,0,3,Bajo
2.0,2.0,1.0,1.0,2.0,1.0,1.0,4.0,2.0,5.0,3.0,5.0,2.0,1.0,1.0,3.0,0.0,1.0,2.0,3.0,2.0,0.0,2.0,0.0,2.0,0,1,2.0,0,3,Bajo
1.0,3.0,1.0,1.0,1.0,2.0,5.0,8.0,3.0,1.0,1.0,3.0,1.0,5.0,5.0,1.0,6.0,1.0,2.0,3.0,1.0,1.0,2.0,0.0,0.4,0,1,0.4,0,4,Medio
2.0,2.0,1.0,2.0,1.0,1.0,5.0,1.0,2.0,1.0,1.0,5.0,1.0,2.0,1.0,1.0,2.0,1.0,2.0,2.0,2.0,0.0,2.0,0.0,2.0,0,0,1.0,1,7,Alto
1.0,7.0,1.0,1.0,2.0,1.0,5.0,1.0,1.0,1.0,1.0,2.0,1.0,1.0,1.0,1.0,3.0,3.0,4.0,4.0,2.0,0.0,2.0,0.0,4.0,1,0,4.0,1,3,Bajo
2.0,4.0,1.0,2.0,1.0,1.0,5.0,1.0,2.0,1.0,2.0,5.0,1.0,2.0,2.0,3.0,0.0,1.0,1.0,1.0,2.0,0.0,2.0,0.0,0.5,0,1,0.5,1,4,Medio
1.0,2.0,3.0,1.0,2.0,2.0,4.0,1.0,1.0,1.0,1.0,1.0,1.0,3.0,2.0,1.0,1.0,4.0,3.0,4.0,2.0,0.0,2.0,0.0,1.5,0,0,1.0,1,7,Alto
1.0,2.0,1.0,1.0,1.0,1.0,5.0,1.0,1.0,1.0,1.0,5.0,1.0,1.0,1.0,1.0,1.0,1.0,1.0,1.0,2.0,0.0,2.0,0.0,1.0,0,0,1.0,1,3,Bajo
1.0,3.0,1.0,1.0,1.0,1.0,5.0,5.0,3.0,1.0,2.0,2.0,1.0,2.0,2.0,1.0,3.0,1.0,5.0,4.0,2.0,0.0,2.0,0.0,2.5,0,1,2.5,1,5,Medio
1.0,7.0,4.0,1.0,1.0,2.0,5.0,1.0,1.0,1.0,1.0,2.0,1.0,1.0,1.0,2.0,2.0,4.0,3.0,4.0,2.0,0.0,2.0,0.0,3.0,0,0,3.0,1,7,Alto
2.0,5.0,1.0,4.0,2.0,1.0,1.0,3.0,3.0,1.0,3.0,5.0,1.0,1.0,0.0,3.0,0.0,1.0,3.0,3.0,2.0,0.0,2.0,0.0,3.0,0,1,3.0,0,0,Bajo
1.0,3.0,1.0,1.0,1.0,1.0,4.0,1.0,1.0,1.0,1.0,2.0,1.0,3.0,3.0,1.0,1.0,5.0,2.0,5.0,1.0,1.0,2.0,0.0,0.6666667,0,0,0.6666667,1,7,Alto
1.0,1.0,1.0,1.0,2.0,1.0,5.0,1.0,1.0,1.0,1.0,5.0,1.0,1.0,1.0,2.0,1.0,3.0,4.0,4.0,2.0,0.0,2.0,0.0,4.0,1,0,4.0,1,2,Bajo
1.0,2.0,1.0,1.0,1.0,1.0,5.0,1.0,2.0,1.0,1.0,2.0,1.0,3.0,2.0,1.0,1.0,1.0,5.0,4.0,1.0,3.0,2.0,0.0,2.5,0,0,1.6666666,1,5,Medio
2.0,2.0,1.0,1.0,1.0,1.0,4.0,6.0,1.0,1.0,1.0,5.0,1.0,2.0,2.0,1.0,3.0,4.0,3.0,3.0,2.0,0.0,2.0,0.0,1.5,0,1,1.5,1,7,Alto
1.0,3.0,1.0,1.0,1.0,3.0,4.0,1.0,1.0,1.0,2.0,2.0,1.0,4.0,3.0,1.0,1.0,1.0,4.0,4.0,2.0,0.0,2.0,0.0,1.3333334,0,0,1.0,1,8,Alto
1.0,7.0,1.0,1.0,1.0,2.0,5.0,1.0,1.0,1.0,1.0,2.0,1.0,4.0,2.0,1.0,3.0,2.0,5.0,4.0,2.0,0.0,2.0,0.0,2.5,0,0,1.25,1,6,Medio
2.0,2.0,1.0,1.0,1.0,1.0,5.0,1.0,2.0,1.0,1.0,6.0,1.0,2.0,2.0,2.0,3.0,1.0,1.0,1.0,2.0,0.0,2.0,0.0,0.5,0,0,0.5,1,4,Medio
1.0,7.0,1.0,1.0,1.0,2.0,4.0,1.0,1.0,1.0,2.0,2.0,1.0,1.0,1.0,1.0,1.0,5.0,1.0,1.0,2.0,0.0,2.0,0.0,1.0,0,0,1.0,1,13,Alto
1.0,1.0,3.0,1.0,1.0,2.0,4.0,1.0,1.0,1.0,2.0,1.0,1.0,1.0,1.0,1.0,1.0,5.0,3.0,3.0,2.0,0.0,2.0,0.0,3.0,0,0,3.0,1,6,Medio
1.0,8.0,1.0,5.0,2.0,1.0,1.0,5.0,3.0,1.0,1.0,1.0,1.0,2.0,2.0,2.0,3.0,1.0,2.0,5.0,2.0,0.0,2.0,0.0,1.0,0,1,1.0,1,5,Medio
1.0,4.0,1.0,2.0,1.0,1.0,4.0,1.0,1.0,1.0,1.0,1.0,2.0,1.0,1.0,1.0,1.0,4.0,4.0,5.0,2.0,0.0,2.0,0.0,4.0,1,0,4.0,1,5,Medio
